user_id,signup_date,cohort_month,variant,visited_site,added_to_cart,started_checkout,completed_purchase,revenue,month_1_active,month_2_active,month_3_active
U100000,2026-04-21,2026-04,treatment,1,1,0,0,0.0,0,0,0
U100001,2026-06-25,2026-06,control,1,0,0,0,0.0,0,0,0
U100002,2026-06-04,2026-06,control,1,0,0,0,0.0,0,0,0
U100003,2026-05-20,2026-05,treatment,1,1,1,0,0.0,0,0,0
U100004,2026-03-13,2026-03,treatment,1,1,0,0,0.0,0,0,0
U100005,2026-03-13,2026-03,treatment,1,0,0,0,0.0,1,1,1
U100006,2026-02-13,2026-02,control,1,1,0,0,0.0,0,0,0
U100007,2026-06-17,2026-06,treatment,1,0,0,0,0.0,0,0,0
U100008,2026-05-20,2026-05,control,1,0,0,0,0.0,0,0,0
U100009,2026-06-01,2026-06,treatment,1,0,0,0,0.0,0,0,0
U100010,2026-01-26,2026-01,treatment,1,0,0,0,0.0,0,0,0
U100011,2026-06-27,2026-06,control,1,1,0,0,0.0,0,0,0
U100012,2026-06-14,2026-06,treatment,1,0,0,0,0.0,1,1,1
U100013,2026-03-24,2026-03,treatment,1,1,0,0,0.0,1,1,1
U100014,2026-03-18,2026-03,control,1,1,0,0,0.0,0,0,0
U100015,2026-03-19,2026-03,treatment,1,0,0,0,0.0,1,1,1
U100016,2026-04-10,2026-04,control,1,0,0,0,0.0,0,0,0
U100017,2026-05-11,2026-05,treatment,1,1,1,1,56.7,1,1,1
U100018,2026-04-29,2026-04,control,1,0,0,0,0.0,0,0,0
U100019,2026-04-08,2026-04,control,1,0,0,0,0.0,1,1,1
U100020,2026-05-21,2026-05,control,1,0,0,0,0.0,1,1,1
U100021,2026-03-09,2026-03,treatment,1,0,0,0,0.0,1,1,1
U100022,2026-04-08,2026-04,treatment,1,1,1,1,41.79,0,0,0
U100023,2026-04-19,2026-04,treatment,1,1,1,1,37.97,0,0,0
U100024,2026-05-02,2026-05,control,1,0,0,0,0.0,0,0,0
U100025,2026-06-09,2026-06,control,1,0,0,0,0.0,0,0,0
U100026,2026-03-22,2026-03,treatment,1,1,0,0,0.0,0,0,0
U100027,2026-05-10,2026-05,treatment,1,0,0,0,0.0,0,0,0
U100028,2026-05-19,2026-05,control,1,0,0,0,0.0,0,0,0
U100029,2026-02-08,2026-02,control,1,1,1,0,0.0,1,1,1
U100030,2026-05-21,2026-05,treatment,1,1,0,0,0.0,1,1,1
U100031,2026-03-16,2026-03,control,1,0,0,0,0.0,0,0,0
U100032,2026-02-15,2026-02,treatment,1,0,0,0,0.0,0,0,0
U100033,2026-06-25,2026-06,treatment,1,0,0,0,0.0,1,1,1
U100034,2026-06-26,2026-06,treatment,1,0,0,0,0.0,1,1,1
U100035,2026-06-11,2026-06,treatment,1,1,0,0,0.0,0,0,0
U100036,2026-04-10,2026-04,control,1,0,0,0,0.0,1,1,1
U100037,2026-02-26,2026-02,treatment,1,0,0,0,0.0,0,0,0
U100038,2026-05-29,2026-05,treatment,1,0,0,0,0.0,1,1,1
U100039,2026-04-30,2026-04,control,1,1,0,0,0.0,0,0,0
U100040,2026-03-04,2026-03,treatment,1,0,0,0,0.0,1,1,1
U100041,2026-05-07,2026-05,control,1,0,0,0,0.0,1,1,1
U100042,2026-02-03,2026-02,treatment,1,1,1,0,0.0,0,0,0
U100043,2026-06-21,2026-06,control,1,0,0,0,0.0,0,0,0
U100044,2026-04-02,2026-04,treatment,1,0,0,0,0.0,1,1,1
U100045,2026-05-27,2026-05,control,1,0,0,0,0.0,0,0,0
U100046,2026-04-11,2026-04,control,1,0,0,0,0.0,0,0,0
U100047,2026-05-10,2026-05,treatment,1,0,0,0,0.0,0,0,0
U100048,2026-05-14,2026-05,treatment,1,0,0,0,0.0,1,1,1
U100049,2026-03-19,2026-03,control,1,0,0,0,0.0,0,0,0
U100050,2026-06-27,2026-06,control,1,0,0,0,0.0,0,0,0
U100051,2026-06-08,2026-06,control,1,0,0,0,0.0,0,0,0
U100052,2026-06-24,2026-06,treatment,1,0,0,0,0.0,0,0,0
U100053,2026-06-20,2026-06,treatment,1,0,0,0,0.0,0,0,0
U100054,2026-05-20,2026-05,treatment,1,0,0,0,0.0,0,0,0
U100055,2026-06-22,2026-06,treatment,1,1,0,0,0.0,0,0,0
U100056,2026-02-23,2026-02,treatment,1,0,0,0,0.0,1,1,1
U100057,2026-03-21,2026-03,control,1,0,0,0,0.0,1,1,1
U100058,2026-02-08,2026-02,control,1,1,1,0,0.0,0,0,0
U100059,2026-04-13,2026-04,treatment,1,0,0,0,0.0,1,1,1
U100060,2026-04-23,2026-04,treatment,1,1,1,0,0.0,0,0,0
U100061,2026-04-04,2026-04,treatment,1,1,1,1,49.64,1,1,1
U100062,2026-06-13,2026-06,treatment,1,1,0,0,0.0,0,0,0
U100063,2026-04-18,2026-04,treatment,1,1,1,1,26.01,0,0,0
U100064,2026-04-06,2026-04,treatment,1,0,0,0,0.0,1,1,1
U100065,2026-05-13,2026-05,control,1,1,0,0,0.0,0,0,0
U100066,2026-03-09,2026-03,control,1,0,0,0,0.0,1,1,1
U100067,2026-06-11,2026-06,treatment,1,0,0,0,0.0,0,0,0
U100068,2026-02-19,2026-02,treatment,1,1,1,1,30.39,1,1,1
U100069,2026-06-28,2026-06,control,1,0,0,0,0.0,1,1,1
U100070,2026-06-08,2026-06,control,1,1,0,0,0.0,0,0,0
U100071,2026-03-22,2026-03,control,1,0,0,0,0.0,0,0,0
U100072,2026-01-14,2026-01,control,1,0,0,0,0.0,0,0,0
U100073,2026-06-12,2026-06,treatment,1,0,0,0,0.0,0,0,0
U100074,2026-06-01,2026-06,control,1,1,1,1,36.78,0,0,0
U100075,2026-06-03,2026-06,treatment,1,0,0,0,0.0,0,0,0
U100076,2026-06-08,2026-06,control,1,0,0,0,0.0,0,0,0
U100077,2026-02-18,2026-02,treatment,1,0,0,0,0.0,1,1,1
U100078,2026-04-18,2026-04,control,1,1,1,0,0.0,0,0,0
U100079,2026-03-03,2026-03,treatment,1,0,0,0,0.0,1,1,1
U100080,2026-06-17,2026-06,treatment,1,1,0,0,0.0,1,1,1
U100081,2026-05-23,2026-05,treatment,1,0,0,0,0.0,1,1,1
U100082,2026-04-14,2026-04,control,1,0,0,0,0.0,0,0,0
U100083,2026-02-15,2026-02,control,1,0,0,0,0.0,0,0,0
U100084,2026-04-11,2026-04,control,1,1,1,0,0.0,0,0,0
U100085,2026-04-13,2026-04,control,1,0,0,0,0.0,0,0,0
U100086,2026-06-03,2026-06,treatment,1,0,0,0,0.0,0,0,0
U100087,2026-05-24,2026-05,treatment,1,1,1,1,70.17,0,0,0
U100088,2026-06-19,2026-06,treatment,1,0,0,0,0.0,0,0,0
U100089,2026-05-04,2026-05,treatment,1,1,0,0,0.0,0,0,0
U100090,2026-03-04,2026-03,control,1,0,0,0,0.0,1,1,1
U100091,2026-06-02,2026-06,control,1,0,0,0,0.0,1,1,1
U100092,2026-06-07,2026-06,control,1,0,0,0,0.0,1,1,1
U100093,2026-05-15,2026-05,treatment,1,0,0,0,0.0,0,0,0
U100094,2026-06-08,2026-06,treatment,1,1,1,1,65.61,0,0,0
U100095,2026-05-07,2026-05,control,1,1,0,0,0.0,0,0,0
U100096,2026-05-11,2026-05,control,1,0,0,0,0.0,0,0,0
U100097,2026-04-28,2026-04,treatment,1,1,1,1,51.19,0,0,0
U100098,2026-01-29,2026-01,treatment,1,0,0,0,0.0,1,1,1
U100099,2026-03-01,2026-03,treatment,1,0,0,0,0.0,0,0,0
U100100,2026-02-01,2026-02,control,1,1,1,0,0.0,0,0,0
U100101,2026-05-24,2026-05,control,1,1,1,1,65.79,1,1,1
U100102,2026-04-11,2026-04,treatment,1,0,0,0,0.0,1,1,1
U100103,2026-05-09,2026-05,treatment,1,1,1,0,0.0,0,0,0
U100104,2026-06-21,2026-06,control,1,0,0,0,0.0,0,0,0
U100105,2026-03-31,2026-03,treatment,1,1,1,0,0.0,1,1,1
U100106,2026-04-26,2026-04,treatment,1,1,0,0,0.0,0,0,0
U100107,2026-06-06,2026-06,control,1,0,0,0,0.0,0,0,0
U100108,2026-03-28,2026-03,control,1,0,0,0,0.0,1,1,1
U100109,2026-02-19,2026-02,control,1,1,0,0,0.0,0,0,0
U100110,2026-04-07,2026-04,control,1,1,1,1,64.99,0,0,0
U100111,2026-03-14,2026-03,treatment,1,0,0,0,0.0,0,0,0
U100112,2026-06-23,2026-06,control,1,0,0,0,0.0,0,0,0
U100113,2026-06-11,2026-06,treatment,1,1,1,0,0.0,0,0,0
U100114,2026-05-24,2026-05,treatment,1,0,0,0,0.0,0,0,0
U100115,2026-06-18,2026-06,control,1,0,0,0,0.0,0,0,0
U100116,2026-06-11,2026-06,control,1,0,0,0,0.0,1,1,1
U100117,2026-03-19,2026-03,treatment,1,0,0,0,0.0,1,1,1
U100118,2026-06-20,2026-06,treatment,1,1,1,0,0.0,0,0,0
U100119,2026-05-13,2026-05,treatment,1,1,0,0,0.0,1,1,1
U100120,2026-06-11,2026-06,control,1,0,0,0,0.0,0,0,0
U100121,2026-06-20,2026-06,control,1,1,1,0,0.0,1,1,1
U100122,2026-04-12,2026-04,treatment,1,1,0,0,0.0,1,1,1
U100123,2026-03-01,2026-03,treatment,1,1,0,0,0.0,0,0,0
U100124,2026-03-27,2026-03,control,1,0,0,0,0.0,0,0,0
U100125,2026-04-28,2026-04,treatment,1,1,0,0,0.0,0,0,0
U100126,2026-06-12,2026-06,control,1,0,0,0,0.0,0,0,0
U100127,2026-06-16,2026-06,treatment,1,0,0,0,0.0,0,0,0
U100128,2026-01-16,2026-01,treatment,1,0,0,0,0.0,0,0,0
U100129,2026-05-09,2026-05,control,1,1,1,0,0.0,1,1,1
U100130,2026-04-27,2026-04,treatment,1,0,0,0,0.0,0,0,0
U100131,2026-03-26,2026-03,control,1,1,0,0,0.0,1,1,1
U100132,2026-03-04,2026-03,control,1,0,0,0,0.0,1,1,1
U100133,2026-04-15,2026-04,control,1,1,0,0,0.0,1,1,1
U100134,2026-06-24,2026-06,control,1,0,0,0,0.0,0,0,0
U100135,2026-04-13,2026-04,control,1,0,0,0,0.0,0,0,0
U100136,2026-05-10,2026-05,treatment,1,0,0,0,0.0,0,0,0
U100137,2026-05-31,2026-05,treatment,1,1,0,0,0.0,1,1,1
U100138,2026-04-19,2026-04,control,1,1,1,0,0.0,0,0,0
U100139,2026-06-27,2026-06,treatment,1,1,1,1,89.28,0,0,0
U100140,2026-06-26,2026-06,treatment,1,1,1,1,74.52,0,0,0
U100141,2026-04-01,2026-04,treatment,1,1,1,1,107.35,0,0,0
U100142,2026-05-07,2026-05,treatment,1,0,0,0,0.0,1,1,1
U100143,2026-04-09,2026-04,control,1,0,0,0,0.0,0,0,0
U100144,2026-04-07,2026-04,control,1,0,0,0,0.0,0,0,0
U100145,2026-02-04,2026-02,treatment,1,0,0,0,0.0,0,0,0
U100146,2026-05-21,2026-05,control,1,1,1,0,0.0,1,1,1
U100147,2026-05-08,2026-05,control,1,0,0,0,0.0,1,1,1
U100148,2026-02-10,2026-02,control,1,0,0,0,0.0,0,0,0
U100149,2026-04-06,2026-04,control,1,0,0,0,0.0,0,0,0
U100150,2026-06-21,2026-06,control,1,0,0,0,0.0,0,0,0
U100151,2026-03-30,2026-03,control,1,0,0,0,0.0,0,0,0
U100152,2026-03-10,2026-03,control,1,0,0,0,0.0,1,1,1
U100153,2026-05-06,2026-05,treatment,1,1,1,1,43.77,0,0,0
U100154,2026-06-28,2026-06,treatment,1,1,1,1,78.69,1,1,1
U100155,2026-03-30,2026-03,control,1,0,0,0,0.0,0,0,0
U100156,2026-05-28,2026-05,control,1,0,0,0,0.0,0,0,0
U100157,2026-06-07,2026-06,control,1,0,0,0,0.0,1,1,1
U100158,2026-03-29,2026-03,control,1,1,1,1,83.43,0,0,0
U100159,2026-06-03,2026-06,control,1,0,0,0,0.0,1,1,1
U100160,2026-04-20,2026-04,control,1,1,0,0,0.0,0,0,0
U100161,2026-05-24,2026-05,treatment,1,1,0,0,0.0,1,1,1
U100162,2026-05-24,2026-05,treatment,1,1,0,0,0.0,1,1,1
U100163,2026-05-12,2026-05,control,1,0,0,0,0.0,1,1,1
U100164,2026-02-24,2026-02,control,1,0,0,0,0.0,0,0,0
U100165,2026-06-14,2026-06,treatment,1,0,0,0,0.0,1,1,1
U100166,2026-04-12,2026-04,treatment,1,1,0,0,0.0,0,0,0
U100167,2026-03-19,2026-03,treatment,1,1,1,1,32.97,1,1,1
U100168,2026-02-06,2026-02,treatment,1,1,1,1,39.72,0,0,0
U100169,2026-05-19,2026-05,control,1,1,1,0,0.0,0,0,0
U100170,2026-05-29,2026-05,control,1,0,0,0,0.0,1,1,1
U100171,2026-01-24,2026-01,treatment,1,0,0,0,0.0,1,1,1
U100172,2026-05-09,2026-05,control,1,0,0,0,0.0,0,0,0
U100173,2026-03-27,2026-03,treatment,1,0,0,0,0.0,0,0,0
U100174,2026-05-25,2026-05,treatment,1,1,1,1,45.54,0,0,0
U100175,2026-03-17,2026-03,treatment,1,1,1,0,0.0,0,0,0
U100176,2026-05-30,2026-05,control,1,0,0,0,0.0,0,0,0
U100177,2026-04-22,2026-04,treatment,1,1,1,0,0.0,0,0,0
U100178,2026-06-24,2026-06,control,1,1,0,0,0.0,1,1,1
U100179,2026-03-08,2026-03,control,1,0,0,0,0.0,0,0,0
U100180,2026-04-16,2026-04,control,1,0,0,0,0.0,0,0,0
U100181,2026-03-02,2026-03,treatment,1,1,1,0,0.0,1,1,1
U100182,2026-06-23,2026-06,treatment,1,0,0,0,0.0,0,0,0
U100183,2026-06-18,2026-06,control,1,0,0,0,0.0,1,1,1
U100184,2026-04-02,2026-04,control,1,0,0,0,0.0,0,0,0
U100185,2026-05-27,2026-05,treatment,1,1,0,0,0.0,0,0,0
U100186,2026-06-12,2026-06,treatment,1,0,0,0,0.0,0,0,0
U100187,2026-05-15,2026-05,treatment,1,1,0,0,0.0,0,0,0
U100188,2026-05-11,2026-05,treatment,1,1,0,0,0.0,0,0,0
U100189,2026-03-30,2026-03,control,1,1,0,0,0.0,1,1,1
U100190,2026-02-24,2026-02,treatment,1,0,0,0,0.0,1,1,1
U100191,2026-06-20,2026-06,control,1,1,1,1,127.14,1,1,1
U100192,2026-06-20,2026-06,treatment,1,0,0,0,0.0,0,0,0
U100193,2026-05-24,2026-05,treatment,1,0,0,0,0.0,0,0,0
U100194,2026-04-15,2026-04,control,1,1,0,0,0.0,0,0,0
U100195,2026-04-17,2026-04,control,1,0,0,0,0.0,0,0,0
U100196,2026-06-03,2026-06,treatment,1,1,1,0,0.0,1,1,1
U100197,2026-06-20,2026-06,control,1,0,0,0,0.0,0,0,0
U100198,2026-06-19,2026-06,control,1,0,0,0,0.0,0,0,0
U100199,2026-06-08,2026-06,treatment,1,1,1,0,0.0,0,0,0
U100200,2026-05-25,2026-05,control,1,1,1,1,38.73,1,1,1
U100201,2026-02-22,2026-02,treatment,1,0,0,0,0.0,0,0,0
U100202,2026-03-14,2026-03,control,1,1,0,0,0.0,0,0,0
U100203,2026-06-20,2026-06,treatment,1,1,0,0,0.0,1,1,1
U100204,2026-05-21,2026-05,control,1,0,0,0,0.0,0,0,0
U100205,2026-01-18,2026-01,control,1,1,0,0,0.0,1,1,1
U100206,2026-02-27,2026-02,treatment,1,0,0,0,0.0,0,0,0
U100207,2026-05-27,2026-05,treatment,1,0,0,0,0.0,1,1,1
U100208,2026-01-13,2026-01,control,1,0,0,0,0.0,1,1,1
U100209,2026-03-14,2026-03,control,1,0,0,0,0.0,1,1,1
U100210,2026-05-14,2026-05,treatment,1,0,0,0,0.0,0,0,0
U100211,2026-05-30,2026-05,treatment,1,1,1,1,36.04,0,0,0
U100212,2026-05-26,2026-05,treatment,1,1,1,0,0.0,0,0,0
U100213,2026-03-27,2026-03,treatment,1,0,0,0,0.0,0,0,0
U100214,2026-06-01,2026-06,treatment,1,1,1,0,0.0,0,0,0
U100215,2026-03-29,2026-03,control,1,0,0,0,0.0,0,0,0
U100216,2026-04-13,2026-04,control,1,1,0,0,0.0,0,0,0
U100217,2026-06-05,2026-06,treatment,1,0,0,0,0.0,0,0,0
U100218,2026-05-26,2026-05,control,1,1,1,1,52.44,1,1,1
U100219,2026-06-15,2026-06,control,1,1,0,0,0.0,0,0,0
U100220,2026-05-26,2026-05,control,1,1,0,0,0.0,1,1,1
U100221,2026-05-16,2026-05,control,1,1,0,0,0.0,0,0,0
U100222,2026-02-25,2026-02,control,1,0,0,0,0.0,0,0,0
U100223,2026-04-20,2026-04,control,1,1,1,0,0.0,0,0,0
U100224,2026-04-03,2026-04,treatment,1,0,0,0,0.0,0,0,0
U100225,2026-03-30,2026-03,control,1,0,0,0,0.0,0,0,0
U100226,2026-06-27,2026-06,control,1,1,0,0,0.0,0,0,0
U100227,2026-04-23,2026-04,control,1,1,0,0,0.0,0,0,0
U100228,2026-06-20,2026-06,treatment,1,0,0,0,0.0,1,1,1
U100229,2026-05-23,2026-05,control,1,0,0,0,0.0,0,0,0
U100230,2026-06-10,2026-06,treatment,1,0,0,0,0.0,0,0,0
U100231,2026-05-08,2026-05,treatment,1,0,0,0,0.0,1,1,1
U100232,2026-05-17,2026-05,control,1,0,0,0,0.0,0,0,0
U100233,2026-05-07,2026-05,control,1,0,0,0,0.0,0,0,0
U100234,2026-03-21,2026-03,control,1,0,0,0,0.0,0,0,0
U100235,2026-06-02,2026-06,treatment,1,1,0,0,0.0,0,0,0
U100236,2026-04-06,2026-04,treatment,1,1,1,1,67.8,0,0,0
U100237,2026-01-29,2026-01,treatment,1,0,0,0,0.0,0,0,0
U100238,2026-05-25,2026-05,control,1,1,1,0,0.0,0,0,0
U100239,2026-03-17,2026-03,treatment,1,1,1,0,0.0,0,0,0
U100240,2026-06-24,2026-06,control,1,0,0,0,0.0,1,1,1
U100241,2026-06-25,2026-06,control,1,0,0,0,0.0,0,0,0
U100242,2026-06-22,2026-06,treatment,1,0,0,0,0.0,1,1,1
U100243,2026-04-20,2026-04,treatment,1,0,0,0,0.0,0,0,0
U100244,2026-01-23,2026-01,control,1,0,0,0,0.0,1,1,1
U100245,2026-06-23,2026-06,control,1,0,0,0,0.0,1,1,1
U100246,2026-04-28,2026-04,control,1,0,0,0,0.0,0,0,0
U100247,2026-06-26,2026-06,control,1,1,1,0,0.0,1,1,1
U100248,2026-06-26,2026-06,control,1,0,0,0,0.0,0,0,0
U100249,2026-06-16,2026-06,treatment,1,1,1,1,61.16,0,0,0
U100250,2026-04-08,2026-04,treatment,1,0,0,0,0.0,1,1,1
U100251,2026-04-22,2026-04,treatment,1,1,0,0,0.0,0,0,0
U100252,2026-06-16,2026-06,treatment,1,0,0,0,0.0,1,1,1
U100253,2026-04-12,2026-04,treatment,1,1,0,0,0.0,0,0,0
U100254,2026-03-16,2026-03,treatment,1,1,0,0,0.0,1,1,1
U100255,2026-05-15,2026-05,treatment,1,1,0,0,0.0,1,1,1
U100256,2026-06-24,2026-06,control,1,1,1,1,62.16,0,0,0
U100257,2026-05-31,2026-05,treatment,1,0,0,0,0.0,0,0,0
U100258,2026-05-16,2026-05,treatment,1,1,1,0,0.0,0,0,0
U100259,2026-02-26,2026-02,treatment,1,0,0,0,0.0,1,1,1
U100260,2026-05-22,2026-05,treatment,1,0,0,0,0.0,0,0,0
U100261,2026-06-29,2026-06,control,1,0,0,0,0.0,0,0,0
U100262,2026-03-09,2026-03,treatment,1,0,0,0,0.0,0,0,0
U100263,2026-05-10,2026-05,control,1,1,0,0,0.0,0,0,0
U100264,2026-06-18,2026-06,treatment,1,1,0,0,0.0,0,0,0
U100265,2026-06-04,2026-06,control,1,0,0,0,0.0,1,1,1
U100266,2026-05-31,2026-05,control,1,1,1,0,0.0,0,0,0
U100267,2026-05-31,2026-05,control,1,0,0,0,0.0,0,0,0
U100268,2026-04-18,2026-04,treatment,1,0,0,0,0.0,0,0,0
U100269,2026-04-08,2026-04,control,1,0,0,0,0.0,0,0,0
U100270,2026-06-11,2026-06,treatment,1,1,0,0,0.0,0,0,0
U100271,2026-06-12,2026-06,control,1,0,0,0,0.0,0,0,0
U100272,2026-06-17,2026-06,treatment,1,0,0,0,0.0,0,0,0
U100273,2026-06-22,2026-06,treatment,1,0,0,0,0.0,1,1,1
U100274,2026-05-09,2026-05,control,1,0,0,0,0.0,0,0,0
U100275,2026-05-08,2026-05,control,1,1,0,0,0.0,1,1,1
U100276,2026-06-10,2026-06,treatment,1,0,0,0,0.0,0,0,0
U100277,2026-05-26,2026-05,treatment,1,0,0,0,0.0,1,1,1
U100278,2026-05-31,2026-05,treatment,1,0,0,0,0.0,0,0,0
U100279,2026-06-10,2026-06,control,1,0,0,0,0.0,0,0,0
U100280,2026-06-19,2026-06,control,1,0,0,0,0.0,0,0,0
U100281,2026-04-15,2026-04,treatment,1,1,1,0,0.0,0,0,0
U100282,2026-04-21,2026-04,control,1,1,1,0,0.0,1,1,1
U100283,2026-02-25,2026-02,control,1,0,0,0,0.0,1,1,1
U100284,2026-05-17,2026-05,control,1,0,0,0,0.0,0,0,0
U100285,2026-02-04,2026-02,treatment,1,0,0,0,0.0,0,0,0
U100286,2026-05-03,2026-05,treatment,1,0,0,0,0.0,1,1,1
U100287,2026-05-13,2026-05,control,1,0,0,0,0.0,0,0,0
U100288,2026-04-07,2026-04,control,1,0,0,0,0.0,0,0,0
U100289,2026-05-19,2026-05,control,1,0,0,0,0.0,1,1,1
U100290,2026-02-01,2026-02,control,1,1,1,0,0.0,0,0,0
U100291,2026-02-04,2026-02,control,1,0,0,0,0.0,0,0,0
U100292,2026-06-13,2026-06,treatment,1,1,1,1,73.28,0,0,0
U100293,2026-04-19,2026-04,control,1,0,0,0,0.0,0,0,0
U100294,2026-03-06,2026-03,control,1,0,0,0,0.0,0,0,0
U100295,2026-05-11,2026-05,treatment,1,1,0,0,0.0,1,1,1
U100296,2026-06-07,2026-06,control,1,0,0,0,0.0,0,0,0
U100297,2026-03-25,2026-03,treatment,1,0,0,0,0.0,1,1,1
U100298,2026-05-23,2026-05,control,1,1,0,0,0.0,1,1,1
U100299,2026-02-22,2026-02,control,1,1,1,1,57.48,0,0,0
U100300,2026-02-10,2026-02,treatment,1,1,1,1,30.38,1,1,1
U100301,2026-05-12,2026-05,treatment,1,1,0,0,0.0,0,0,0
U100302,2026-05-13,2026-05,control,1,1,1,0,0.0,0,0,0
U100303,2026-05-24,2026-05,treatment,1,0,0,0,0.0,0,0,0
U100304,2026-06-03,2026-06,treatment,1,0,0,0,0.0,0,0,0
U100305,2026-06-27,2026-06,control,1,0,0,0,0.0,0,0,0
U100306,2026-05-10,2026-05,treatment,1,0,0,0,0.0,1,1,1
U100307,2026-04-13,2026-04,treatment,1,0,0,0,0.0,0,0,0
U100308,2026-06-10,2026-06,control,1,1,1,0,0.0,1,1,1
U100309,2026-04-04,2026-04,treatment,1,0,0,0,0.0,0,0,0
U100310,2026-04-30,2026-04,treatment,1,1,1,0,0.0,0,0,0
U100311,2026-02-20,2026-02,treatment,1,0,0,0,0.0,1,1,1
U100312,2026-01-29,2026-01,control,1,0,0,0,0.0,1,1,1
U100313,2026-06-26,2026-06,control,1,0,0,0,0.0,1,1,1
U100314,2026-06-14,2026-06,treatment,1,0,0,0,0.0,1,1,1
U100315,2026-05-31,2026-05,control,1,0,0,0,0.0,0,0,0
U100316,2026-04-26,2026-04,control,1,1,1,1,90.95,0,0,0
U100317,2026-03-16,2026-03,control,1,0,0,0,0.0,0,0,0
U100318,2026-03-13,2026-03,control,1,0,0,0,0.0,0,0,0
U100319,2026-04-01,2026-04,treatment,1,1,1,0,0.0,0,0,0
U100320,2026-05-14,2026-05,control,1,0,0,0,0.0,1,1,1
U100321,2026-06-02,2026-06,treatment,1,0,0,0,0.0,1,1,1
U100322,2026-05-27,2026-05,control,1,0,0,0,0.0,0,0,0
U100323,2026-04-06,2026-04,treatment,1,0,0,0,0.0,0,0,0
U100324,2026-06-25,2026-06,control,1,1,0,0,0.0,0,0,0
U100325,2026-06-04,2026-06,treatment,1,1,1,1,81.88,1,1,1
U100326,2026-05-15,2026-05,treatment,1,1,1,0,0.0,0,0,0
U100327,2026-05-21,2026-05,control,1,0,0,0,0.0,0,0,0
U100328,2026-04-27,2026-04,treatment,1,1,0,0,0.0,0,0,0
U100329,2026-03-31,2026-03,control,1,0,0,0,0.0,0,0,0
U100330,2026-04-18,2026-04,treatment,1,0,0,0,0.0,0,0,0
U100331,2026-06-06,2026-06,treatment,1,0,0,0,0.0,1,1,1
U100332,2026-01-22,2026-01,treatment,1,1,1,1,35.31,0,0,0
U100333,2026-03-03,2026-03,treatment,1,1,0,0,0.0,1,1,1
U100334,2026-02-08,2026-02,control,1,1,1,1,93.44,0,0,0
U100335,2026-02-06,2026-02,control,1,1,1,0,0.0,1,1,1
U100336,2026-06-16,2026-06,control,1,0,0,0,0.0,1,1,1
U100337,2026-05-31,2026-05,treatment,1,0,0,0,0.0,0,0,0
U100338,2026-05-04,2026-05,treatment,1,1,1,1,14.31,0,0,0
U100339,2026-02-26,2026-02,control,1,1,0,0,0.0,0,0,0
U100340,2026-05-07,2026-05,treatment,1,1,1,0,0.0,0,0,0
U100341,2026-05-04,2026-05,control,1,0,0,0,0.0,0,0,0
U100342,2026-03-16,2026-03,control,1,1,1,0,0.0,1,1,1
U100343,2026-04-29,2026-04,treatment,1,0,0,0,0.0,0,0,0
U100344,2026-04-24,2026-04,control,1,1,1,1,43.87,1,1,1
U100345,2026-05-22,2026-05,treatment,1,0,0,0,0.0,0,0,0
U100346,2026-05-24,2026-05,control,1,1,0,0,0.0,0,0,0
U100347,2026-02-08,2026-02,treatment,1,0,0,0,0.0,1,1,1
U100348,2026-04-21,2026-04,control,1,1,1,1,102.95,0,0,0
U100349,2026-05-23,2026-05,control,1,0,0,0,0.0,0,0,0
U100350,2026-05-08,2026-05,treatment,1,0,0,0,0.0,0,0,0
U100351,2026-06-16,2026-06,treatment,1,0,0,0,0.0,0,0,0
U100352,2026-05-27,2026-05,control,1,1,0,0,0.0,0,0,0
U100353,2026-03-14,2026-03,control,1,0,0,0,0.0,0,0,0
U100354,2026-02-17,2026-02,treatment,1,0,0,0,0.0,0,0,0
U100355,2026-05-25,2026-05,control,1,1,1,0,0.0,0,0,0
U100356,2026-01-30,2026-01,treatment,1,1,1,1,58.43,1,1,1
U100357,2026-05-18,2026-05,treatment,1,0,0,0,0.0,0,0,0
U100358,2026-06-24,2026-06,control,1,0,0,0,0.0,0,0,0
U100359,2026-05-17,2026-05,control,1,0,0,0,0.0,0,0,0
U100360,2026-04-23,2026-04,treatment,1,1,0,0,0.0,1,1,1
U100361,2026-05-25,2026-05,control,1,1,1,0,0.0,0,0,0
U100362,2026-05-02,2026-05,treatment,1,1,0,0,0.0,0,0,0
U100363,2026-05-13,2026-05,control,1,0,0,0,0.0,0,0,0
U100364,2026-06-24,2026-06,treatment,1,1,1,0,0.0,0,0,0
U100365,2026-04-22,2026-04,control,1,0,0,0,0.0,0,0,0
U100366,2026-06-26,2026-06,treatment,1,0,0,0,0.0,1,1,1
U100367,2026-06-21,2026-06,control,1,1,0,0,0.0,0,0,0
U100368,2026-03-21,2026-03,control,1,0,0,0,0.0,1,1,1
U100369,2026-02-17,2026-02,treatment,1,0,0,0,0.0,1,1,1
U100370,2026-02-27,2026-02,control,1,1,1,0,0.0,1,1,1
U100371,2026-01-25,2026-01,control,1,0,0,0,0.0,1,1,1
U100372,2026-02-25,2026-02,control,1,0,0,0,0.0,0,0,0
U100373,2026-05-29,2026-05,control,1,1,0,0,0.0,0,0,0
U100374,2026-02-18,2026-02,treatment,1,1,1,1,29.35,0,0,0
U100375,2026-04-12,2026-04,treatment,1,1,0,0,0.0,1,1,1
U100376,2026-06-15,2026-06,control,1,0,0,0,0.0,0,0,0
U100377,2026-01-28,2026-01,treatment,1,0,0,0,0.0,0,0,0
U100378,2026-06-12,2026-06,treatment,1,0,0,0,0.0,1,1,1
U100379,2026-04-06,2026-04,treatment,1,1,0,0,0.0,0,0,0
U100380,2026-03-03,2026-03,control,1,0,0,0,0.0,0,0,0
U100381,2026-05-31,2026-05,treatment,1,1,1,0,0.0,1,1,1
U100382,2026-05-23,2026-05,treatment,1,0,0,0,0.0,0,0,0
U100383,2026-06-18,2026-06,control,1,0,0,0,0.0,0,0,0
U100384,2026-06-04,2026-06,control,1,1,1,1,62.15,1,1,1
U100385,2026-06-11,2026-06,control,1,1,1,0,0.0,0,0,0
U100386,2026-04-06,2026-04,treatment,1,1,1,1,38.69,0,0,0
U100387,2026-03-17,2026-03,control,1,1,1,0,0.0,0,0,0
U100388,2026-06-05,2026-06,treatment,1,1,1,1,53.74,1,1,1
U100389,2026-06-11,2026-06,control,1,1,1,1,36.18,0,0,0
U100390,2026-06-29,2026-06,treatment,1,1,1,1,76.63,0,0,0
U100391,2026-04-26,2026-04,treatment,1,1,1,1,61.2,0,0,0
U100392,2026-04-20,2026-04,treatment,1,1,0,0,0.0,0,0,0
U100393,2026-06-08,2026-06,treatment,1,0,0,0,0.0,0,0,0
U100394,2026-04-16,2026-04,treatment,1,0,0,0,0.0,0,0,0
U100395,2026-06-23,2026-06,control,1,0,0,0,0.0,1,1,1
U100396,2026-06-16,2026-06,treatment,1,0,0,0,0.0,0,0,0
U100397,2026-04-28,2026-04,control,1,0,0,0,0.0,0,0,0
U100398,2026-06-05,2026-06,treatment,1,0,0,0,0.0,0,0,0
U100399,2026-06-06,2026-06,control,1,1,0,0,0.0,0,0,0
U100400,2026-02-27,2026-02,treatment,1,1,1,1,33.57,0,0,0
U100401,2026-06-21,2026-06,treatment,1,0,0,0,0.0,0,0,0
U100402,2026-05-08,2026-05,control,1,0,0,0,0.0,1,1,1
U100403,2026-06-13,2026-06,control,1,1,1,0,0.0,0,0,0
U100404,2026-04-12,2026-04,treatment,1,1,1,0,0.0,0,0,0
U100405,2026-06-20,2026-06,control,1,1,0,0,0.0,0,0,0
U100406,2026-04-23,2026-04,control,1,1,1,1,109.69,0,0,0
U100407,2026-01-19,2026-01,control,1,1,1,0,0.0,1,1,1
U100408,2026-06-21,2026-06,treatment,1,0,0,0,0.0,0,0,0
U100409,2026-02-24,2026-02,treatment,1,0,0,0,0.0,1,1,1
U100410,2026-04-12,2026-04,treatment,1,1,1,0,0.0,1,1,1
U100411,2026-06-25,2026-06,treatment,1,0,0,0,0.0,0,0,0
U100412,2026-06-25,2026-06,control,1,1,1,1,73.17,1,1,1
U100413,2026-05-17,2026-05,treatment,1,0,0,0,0.0,0,0,0
U100414,2026-05-24,2026-05,control,1,1,1,0,0.0,1,1,1
U100415,2026-05-01,2026-05,control,1,0,0,0,0.0,0,0,0
U100416,2026-04-08,2026-04,control,1,0,0,0,0.0,0,0,0
U100417,2026-04-14,2026-04,treatment,1,0,0,0,0.0,0,0,0
U100418,2026-05-28,2026-05,treatment,1,1,1,1,33.46,0,0,0
U100419,2026-06-06,2026-06,control,1,0,0,0,0.0,1,1,1
U100420,2026-06-10,2026-06,treatment,1,1,0,0,0.0,0,0,0
U100421,2026-06-09,2026-06,control,1,1,0,0,0.0,1,1,1
U100422,2026-02-24,2026-02,control,1,1,1,0,0.0,1,1,1
U100423,2026-05-07,2026-05,control,1,1,1,0,0.0,0,0,0
U100424,2026-02-13,2026-02,treatment,1,1,0,0,0.0,0,0,0
U100425,2026-05-14,2026-05,treatment,1,0,0,0,0.0,0,0,0
U100426,2026-04-30,2026-04,control,1,0,0,0,0.0,1,1,1
U100427,2026-06-19,2026-06,treatment,1,1,0,0,0.0,0,0,0
U100428,2026-04-17,2026-04,control,1,1,1,1,55.04,0,0,0
U100429,2026-03-03,2026-03,treatment,1,0,0,0,0.0,0,0,0
U100430,2026-03-10,2026-03,treatment,1,1,0,0,0.0,1,1,1
U100431,2026-06-07,2026-06,control,1,0,0,0,0.0,0,0,0
U100432,2026-05-22,2026-05,treatment,1,0,0,0,0.0,1,1,1
U100433,2026-02-27,2026-02,treatment,1,0,0,0,0.0,0,0,0
U100434,2026-02-22,2026-02,control,1,0,0,0,0.0,1,1,1
U100435,2026-05-31,2026-05,treatment,1,0,0,0,0.0,1,1,1
U100436,2026-02-18,2026-02,control,1,0,0,0,0.0,0,0,0
U100437,2026-06-13,2026-06,control,1,0,0,0,0.0,0,0,0
U100438,2026-06-01,2026-06,control,1,0,0,0,0.0,0,0,0
U100439,2026-02-21,2026-02,control,1,0,0,0,0.0,1,1,1
U100440,2026-02-22,2026-02,treatment,1,0,0,0,0.0,1,1,1
U100441,2026-06-28,2026-06,treatment,1,0,0,0,0.0,1,1,1
U100442,2026-04-21,2026-04,treatment,1,0,0,0,0.0,1,1,1
U100443,2026-04-20,2026-04,control,1,0,0,0,0.0,0,0,0
U100444,2026-06-12,2026-06,control,1,0,0,0,0.0,0,0,0
U100445,2026-06-25,2026-06,control,1,1,0,0,0.0,0,0,0
U100446,2026-06-28,2026-06,treatment,1,0,0,0,0.0,0,0,0
U100447,2026-06-06,2026-06,treatment,1,0,0,0,0.0,0,0,0
U100448,2026-04-21,2026-04,treatment,1,0,0,0,0.0,1,1,1
U100449,2026-02-22,2026-02,control,1,0,0,0,0.0,1,1,1
U100450,2026-06-08,2026-06,treatment,1,1,1,0,0.0,0,0,0
U100451,2026-05-15,2026-05,treatment,1,0,0,0,0.0,1,1,1
U100452,2026-04-28,2026-04,control,1,0,0,0,0.0,1,1,1
U100453,2026-06-21,2026-06,treatment,1,0,0,0,0.0,0,0,0
U100454,2026-03-02,2026-03,control,1,0,0,0,0.0,0,0,0
U100455,2026-05-07,2026-05,control,1,0,0,0,0.0,0,0,0
U100456,2026-01-20,2026-01,control,1,1,1,0,0.0,0,0,0
U100457,2026-05-04,2026-05,control,1,0,0,0,0.0,0,0,0
U100458,2026-02-12,2026-02,control,1,0,0,0,0.0,0,0,0
U100459,2026-03-04,2026-03,control,1,1,1,0,0.0,0,0,0
U100460,2026-03-03,2026-03,control,1,1,1,1,50.72,0,0,0
U100461,2026-05-26,2026-05,treatment,1,1,1,1,25.25,0,0,0
U100462,2026-06-05,2026-06,treatment,1,0,0,0,0.0,0,0,0
U100463,2026-05-18,2026-05,treatment,1,0,0,0,0.0,0,0,0
U100464,2026-06-26,2026-06,control,1,0,0,0,0.0,1,1,1
U100465,2026-04-21,2026-04,control,1,1,1,0,0.0,0,0,0
U100466,2026-04-07,2026-04,control,1,0,0,0,0.0,0,0,0
U100467,2026-06-17,2026-06,control,1,0,0,0,0.0,0,0,0
U100468,2026-03-27,2026-03,treatment,1,1,0,0,0.0,1,1,1
U100469,2026-06-26,2026-06,treatment,1,1,0,0,0.0,1,1,1
U100470,2026-01-20,2026-01,treatment,1,0,0,0,0.0,1,1,1
U100471,2026-06-27,2026-06,treatment,1,1,1,1,118.35,1,1,1
U100472,2026-02-07,2026-02,control,1,1,0,0,0.0,1,1,1
U100473,2026-06-19,2026-06,control,1,0,0,0,0.0,1,1,1
U100474,2026-05-11,2026-05,treatment,1,1,1,1,84.28,1,1,1
U100475,2026-06-29,2026-06,control,1,0,0,0,0.0,1,1,1
U100476,2026-02-18,2026-02,control,1,1,1,0,0.0,0,0,0
U100477,2026-05-14,2026-05,control,1,1,0,0,0.0,0,0,0
U100478,2026-06-27,2026-06,control,1,0,0,0,0.0,1,1,1
U100479,2026-05-11,2026-05,control,1,0,0,0,0.0,0,0,0
U100480,2026-05-23,2026-05,treatment,1,1,0,0,0.0,1,1,1
U100481,2026-05-31,2026-05,treatment,1,0,0,0,0.0,0,0,0
U100482,2026-05-02,2026-05,control,1,0,0,0,0.0,0,0,0
U100483,2026-05-23,2026-05,control,1,0,0,0,0.0,1,1,1
U100484,2026-05-18,2026-05,treatment,1,1,0,0,0.0,0,0,0
U100485,2026-06-20,2026-06,control,1,1,1,0,0.0,1,1,1
U100486,2026-02-08,2026-02,control,1,0,0,0,0.0,0,0,0
U100487,2026-04-06,2026-04,control,1,1,0,0,0.0,1,1,1
U100488,2026-06-25,2026-06,control,1,0,0,0,0.0,0,0,0
U100489,2026-06-19,2026-06,treatment,1,1,1,1,51.83,0,0,0
U100490,2026-05-02,2026-05,treatment,1,1,1,1,58.94,0,0,0
U100491,2026-05-22,2026-05,control,1,0,0,0,0.0,0,0,0
U100492,2026-04-05,2026-04,control,1,0,0,0,0.0,1,1,1
U100493,2026-03-20,2026-03,control,1,0,0,0,0.0,0,0,0
U100494,2026-05-03,2026-05,control,1,0,0,0,0.0,0,0,0
U100495,2026-04-17,2026-04,treatment,1,1,1,0,0.0,1,1,1
U100496,2026-05-18,2026-05,treatment,1,0,0,0,0.0,1,1,1
U100497,2026-02-20,2026-02,treatment,1,1,1,1,41.19,1,1,1
U100498,2026-06-27,2026-06,treatment,1,1,0,0,0.0,1,1,1
U100499,2026-06-28,2026-06,treatment,1,1,0,0,0.0,0,0,0
U100500,2026-05-31,2026-05,treatment,1,0,0,0,0.0,0,0,0
U100501,2026-05-12,2026-05,control,1,1,1,0,0.0,1,1,1
U100502,2026-04-11,2026-04,control,1,1,0,0,0.0,0,0,0
U100503,2026-06-12,2026-06,treatment,1,1,1,0,0.0,0,0,0
U100504,2026-05-29,2026-05,control,1,1,1,1,22.2,0,0,0
U100505,2026-03-14,2026-03,treatment,1,0,0,0,0.0,0,0,0
U100506,2026-06-21,2026-06,treatment,1,0,0,0,0.0,1,1,1
U100507,2026-06-13,2026-06,treatment,1,1,0,0,0.0,0,0,0
U100508,2026-06-25,2026-06,control,1,1,1,0,0.0,0,0,0
U100509,2026-06-03,2026-06,treatment,1,1,0,0,0.0,1,1,1
U100510,2026-05-21,2026-05,control,1,0,0,0,0.0,1,1,1
U100511,2026-04-27,2026-04,treatment,1,1,1,1,27.25,0,0,0
U100512,2026-06-23,2026-06,control,1,0,0,0,0.0,0,0,0
U100513,2026-06-17,2026-06,treatment,1,0,0,0,0.0,1,1,1
U100514,2026-02-08,2026-02,treatment,1,0,0,0,0.0,1,1,1
U100515,2026-01-30,2026-01,control,1,0,0,0,0.0,0,0,0
U100516,2026-04-21,2026-04,control,1,0,0,0,0.0,0,0,0
U100517,2026-06-12,2026-06,treatment,1,1,1,0,0.0,0,0,0
U100518,2026-06-28,2026-06,control,1,1,1,1,77.0,0,0,0
U100519,2026-03-11,2026-03,treatment,1,1,1,0,0.0,1,1,1
U100520,2026-05-19,2026-05,control,1,1,0,0,0.0,0,0,0
U100521,2026-04-22,2026-04,treatment,1,0,0,0,0.0,0,0,0
U100522,2026-06-27,2026-06,treatment,1,1,0,0,0.0,0,0,0
U100523,2026-06-15,2026-06,control,1,1,1,1,30.48,1,1,1
U100524,2026-06-14,2026-06,control,1,1,1,0,0.0,1,1,1
U100525,2026-05-04,2026-05,treatment,1,1,1,0,0.0,0,0,0
U100526,2026-04-26,2026-04,control,1,0,0,0,0.0,0,0,0
U100527,2026-04-05,2026-04,control,1,0,0,0,0.0,1,1,1
U100528,2026-02-12,2026-02,treatment,1,0,0,0,0.0,0,0,0
U100529,2026-06-17,2026-06,control,1,1,1,1,76.07,0,0,0
U100530,2026-06-12,2026-06,control,1,0,0,0,0.0,0,0,0
U100531,2026-06-29,2026-06,treatment,1,1,1,1,75.66,0,0,0
U100532,2026-06-29,2026-06,control,1,0,0,0,0.0,0,0,0
U100533,2026-05-15,2026-05,control,1,1,1,0,0.0,0,0,0
U100534,2026-06-07,2026-06,control,1,0,0,0,0.0,1,1,1
U100535,2026-06-24,2026-06,treatment,1,0,0,0,0.0,1,1,1
U100536,2026-06-15,2026-06,treatment,1,0,0,0,0.0,1,1,1
U100537,2026-03-31,2026-03,treatment,1,1,0,0,0.0,0,0,0
U100538,2026-05-01,2026-05,control,1,0,0,0,0.0,0,0,0
U100539,2026-03-06,2026-03,control,1,1,1,0,0.0,1,1,1
U100540,2026-06-25,2026-06,control,1,0,0,0,0.0,0,0,0
U100541,2026-05-21,2026-05,control,1,1,0,0,0.0,1,1,1
U100542,2026-03-28,2026-03,treatment,1,0,0,0,0.0,1,1,1
U100543,2026-05-28,2026-05,control,1,1,1,1,45.85,1,1,1
U100544,2026-05-22,2026-05,control,1,0,0,0,0.0,0,0,0
U100545,2026-04-18,2026-04,control,1,1,0,0,0.0,0,0,0
U100546,2026-03-02,2026-03,treatment,1,0,0,0,0.0,1,1,1
U100547,2026-05-28,2026-05,treatment,1,1,0,0,0.0,1,1,1
U100548,2026-05-10,2026-05,treatment,1,1,1,1,112.77,0,0,0
U100549,2026-06-08,2026-06,treatment,1,0,0,0,0.0,0,0,0
U100550,2026-05-10,2026-05,control,1,0,0,0,0.0,1,1,1
U100551,2026-06-16,2026-06,control,1,1,1,1,76.99,0,0,0
U100552,2026-05-14,2026-05,control,1,1,1,0,0.0,1,1,1
U100553,2026-05-15,2026-05,treatment,1,0,0,0,0.0,0,0,0
U100554,2026-06-18,2026-06,treatment,1,0,0,0,0.0,1,1,1
U100555,2026-04-25,2026-04,treatment,1,0,0,0,0.0,0,0,0
U100556,2026-03-07,2026-03,treatment,1,0,0,0,0.0,1,1,1
U100557,2026-01-31,2026-01,treatment,1,0,0,0,0.0,0,0,0
U100558,2026-06-06,2026-06,treatment,1,1,1,0,0.0,1,1,1
U100559,2026-05-22,2026-05,treatment,1,0,0,0,0.0,0,0,0
U100560,2026-06-01,2026-06,treatment,1,1,1,1,31.48,0,0,0
U100561,2026-03-25,2026-03,control,1,1,1,0,0.0,1,1,1
U100562,2026-03-08,2026-03,treatment,1,0,0,0,0.0,0,0,0
U100563,2026-01-22,2026-01,treatment,1,1,1,1,95.44,1,1,1
U100564,2026-04-17,2026-04,control,1,1,1,1,50.01,0,0,0
U100565,2026-05-19,2026-05,treatment,1,0,0,0,0.0,0,0,0
U100566,2026-04-23,2026-04,treatment,1,0,0,0,0.0,0,0,0
U100567,2026-04-30,2026-04,control,1,1,0,0,0.0,0,0,0
U100568,2026-06-21,2026-06,treatment,1,1,0,0,0.0,0,0,0
U100569,2026-04-17,2026-04,control,1,0,0,0,0.0,0,0,0
U100570,2026-05-10,2026-05,treatment,1,0,0,0,0.0,0,0,0
U100571,2026-06-09,2026-06,treatment,1,0,0,0,0.0,0,0,0
U100572,2026-04-24,2026-04,control,1,0,0,0,0.0,0,0,0
U100573,2026-05-22,2026-05,control,1,0,0,0,0.0,1,1,1
U100574,2026-06-17,2026-06,treatment,1,1,1,1,81.79,0,0,0
U100575,2026-06-25,2026-06,control,1,1,1,0,0.0,0,0,0
U100576,2026-03-11,2026-03,control,1,0,0,0,0.0,0,0,0
U100577,2026-06-23,2026-06,treatment,1,1,1,0,0.0,0,0,0
U100578,2026-05-07,2026-05,control,1,0,0,0,0.0,1,1,1
U100579,2026-04-02,2026-04,control,1,0,0,0,0.0,0,0,0
U100580,2026-05-02,2026-05,treatment,1,0,0,0,0.0,0,0,0
U100581,2026-06-28,2026-06,treatment,1,0,0,0,0.0,0,0,0
U100582,2026-05-07,2026-05,treatment,1,0,0,0,0.0,1,1,1
U100583,2026-04-14,2026-04,treatment,1,1,1,1,43.31,0,0,0
U100584,2026-05-24,2026-05,control,1,0,0,0,0.0,0,0,0
U100585,2026-03-30,2026-03,control,1,1,1,1,53.96,0,0,0
U100586,2026-02-19,2026-02,control,1,0,0,0,0.0,0,0,0
U100587,2026-03-06,2026-03,treatment,1,0,0,0,0.0,1,1,1
U100588,2026-03-06,2026-03,treatment,1,0,0,0,0.0,1,1,1
U100589,2026-03-12,2026-03,treatment,1,1,1,1,27.17,0,0,0
U100590,2026-03-09,2026-03,treatment,1,0,0,0,0.0,0,0,0
U100591,2026-05-25,2026-05,treatment,1,1,1,1,63.03,0,0,0
U100592,2026-03-18,2026-03,control,1,1,1,0,0.0,1,1,1
U100593,2026-04-16,2026-04,control,1,1,1,0,0.0,0,0,0
U100594,2026-06-20,2026-06,control,1,0,0,0,0.0,1,1,1
U100595,2026-05-04,2026-05,control,1,1,1,1,27.01,0,0,0
U100596,2026-05-28,2026-05,treatment,1,0,0,0,0.0,0,0,0
U100597,2026-03-16,2026-03,control,1,1,1,0,0.0,1,1,1
U100598,2026-03-20,2026-03,treatment,1,0,0,0,0.0,0,0,0
U100599,2026-02-06,2026-02,treatment,1,0,0,0,0.0,1,1,1
U100600,2026-03-15,2026-03,control,1,0,0,0,0.0,1,1,1
U100601,2026-04-06,2026-04,control,1,0,0,0,0.0,0,0,0
U100602,2026-03-17,2026-03,control,1,0,0,0,0.0,0,0,0
U100603,2026-02-23,2026-02,control,1,1,1,0,0.0,0,0,0
U100604,2026-03-04,2026-03,treatment,1,1,0,0,0.0,1,1,1
U100605,2026-05-03,2026-05,control,1,0,0,0,0.0,1,1,1
U100606,2026-03-23,2026-03,treatment,1,0,0,0,0.0,1,1,1
U100607,2026-04-19,2026-04,treatment,1,0,0,0,0.0,0,0,0
U100608,2026-05-08,2026-05,treatment,1,0,0,0,0.0,0,0,0
U100609,2026-05-30,2026-05,treatment,1,1,0,0,0.0,1,1,1
U100610,2026-02-05,2026-02,control,1,1,1,1,101.92,1,1,1
U100611,2026-06-10,2026-06,control,1,0,0,0,0.0,0,0,0
U100612,2026-05-23,2026-05,control,1,0,0,0,0.0,0,0,0
U100613,2026-02-21,2026-02,control,1,1,1,1,69.76,1,1,1
U100614,2026-06-18,2026-06,treatment,1,1,0,0,0.0,1,1,1
U100615,2026-06-22,2026-06,treatment,1,1,1,1,43.67,0,0,0
U100616,2026-02-14,2026-02,control,1,0,0,0,0.0,0,0,0
U100617,2026-04-05,2026-04,control,1,0,0,0,0.0,0,0,0
U100618,2026-06-11,2026-06,control,1,0,0,0,0.0,1,1,1
U100619,2026-06-05,2026-06,treatment,1,0,0,0,0.0,0,0,0
U100620,2026-03-19,2026-03,treatment,1,0,0,0,0.0,0,0,0
U100621,2026-03-24,2026-03,treatment,1,1,0,0,0.0,1,1,1
U100622,2026-04-20,2026-04,treatment,1,0,0,0,0.0,1,1,1
U100623,2026-05-06,2026-05,control,1,1,0,0,0.0,0,0,0
U100624,2026-05-22,2026-05,control,1,0,0,0,0.0,0,0,0
U100625,2026-04-20,2026-04,control,1,0,0,0,0.0,1,1,1
U100626,2026-05-03,2026-05,control,1,0,0,0,0.0,0,0,0
U100627,2026-06-05,2026-06,treatment,1,0,0,0,0.0,1,1,1
U100628,2026-02-04,2026-02,treatment,1,1,0,0,0.0,0,0,0
U100629,2026-04-01,2026-04,treatment,1,0,0,0,0.0,0,0,0
U100630,2026-06-02,2026-06,control,1,0,0,0,0.0,1,1,1
U100631,2026-06-20,2026-06,control,1,1,0,0,0.0,1,1,1
U100632,2026-05-09,2026-05,control,1,0,0,0,0.0,0,0,0
U100633,2026-05-12,2026-05,treatment,1,0,0,0,0.0,1,1,1
U100634,2026-02-28,2026-02,treatment,1,0,0,0,0.0,1,1,1
U100635,2026-05-01,2026-05,control,1,0,0,0,0.0,0,0,0
U100636,2026-05-12,2026-05,treatment,1,0,0,0,0.0,1,1,1
U100637,2026-03-30,2026-03,treatment,1,0,0,0,0.0,0,0,0
U100638,2026-04-04,2026-04,control,1,1,0,0,0.0,0,0,0
U100639,2026-04-21,2026-04,treatment,1,1,0,0,0.0,0,0,0
U100640,2026-01-26,2026-01,control,1,0,0,0,0.0,0,0,0
U100641,2026-04-13,2026-04,treatment,1,0,0,0,0.0,0,0,0
U100642,2026-03-24,2026-03,treatment,1,0,0,0,0.0,1,1,1
U100643,2026-04-14,2026-04,treatment,1,1,1,1,29.34,1,1,1
U100644,2026-03-04,2026-03,control,1,0,0,0,0.0,0,0,0
U100645,2026-06-19,2026-06,control,1,1,1,0,0.0,0,0,0
U100646,2026-05-19,2026-05,control,1,1,1,1,65.96,0,0,0
U100647,2026-05-29,2026-05,control,1,0,0,0,0.0,0,0,0
U100648,2026-06-09,2026-06,treatment,1,1,1,1,25.86,1,1,1
U100649,2026-05-08,2026-05,treatment,1,0,0,0,0.0,0,0,0
U100650,2026-02-23,2026-02,control,1,0,0,0,0.0,0,0,0
U100651,2026-05-12,2026-05,control,1,0,0,0,0.0,1,1,1
U100652,2026-05-18,2026-05,control,1,0,0,0,0.0,1,1,1
U100653,2026-06-05,2026-06,control,1,1,0,0,0.0,0,0,0
U100654,2026-04-29,2026-04,control,1,0,0,0,0.0,0,0,0
U100655,2026-03-06,2026-03,control,1,0,0,0,0.0,1,1,1
U100656,2026-04-06,2026-04,treatment,1,1,1,0,0.0,1,1,1
U100657,2026-04-19,2026-04,control,1,0,0,0,0.0,1,1,1
U100658,2026-05-25,2026-05,treatment,1,0,0,0,0.0,0,0,0
U100659,2026-05-16,2026-05,treatment,1,0,0,0,0.0,1,1,1
U100660,2026-04-18,2026-04,control,1,0,0,0,0.0,1,1,1
U100661,2026-06-28,2026-06,treatment,1,1,0,0,0.0,1,1,1
U100662,2026-05-21,2026-05,treatment,1,0,0,0,0.0,0,0,0
U100663,2026-03-29,2026-03,treatment,1,1,1,1,135.85,1,1,1
U100664,2026-02-27,2026-02,control,1,0,0,0,0.0,0,0,0
U100665,2026-03-12,2026-03,control,1,0,0,0,0.0,0,0,0
U100666,2026-03-31,2026-03,treatment,1,0,0,0,0.0,0,0,0
U100667,2026-03-14,2026-03,treatment,1,1,0,0,0.0,0,0,0
U100668,2026-03-19,2026-03,control,1,0,0,0,0.0,0,0,0
U100669,2026-04-07,2026-04,control,1,1,1,1,44.02,1,1,1
U100670,2026-03-16,2026-03,control,1,0,0,0,0.0,1,1,1
U100671,2026-06-20,2026-06,control,1,0,0,0,0.0,0,0,0
U100672,2026-02-20,2026-02,treatment,1,0,0,0,0.0,1,1,1
U100673,2026-05-11,2026-05,control,1,1,0,0,0.0,0,0,0
U100674,2026-04-26,2026-04,control,1,0,0,0,0.0,1,1,1
U100675,2026-06-28,2026-06,treatment,1,0,0,0,0.0,0,0,0
U100676,2026-03-02,2026-03,control,1,0,0,0,0.0,0,0,0
U100677,2026-04-24,2026-04,treatment,1,1,0,0,0.0,1,1,1
U100678,2026-06-27,2026-06,treatment,1,1,1,0,0.0,0,0,0
U100679,2026-06-17,2026-06,control,1,1,0,0,0.0,0,0,0
U100680,2026-06-12,2026-06,treatment,1,0,0,0,0.0,0,0,0
U100681,2026-04-02,2026-04,treatment,1,1,1,1,103.36,1,1,1
U100682,2026-03-16,2026-03,control,1,1,0,0,0.0,0,0,0
U100683,2026-05-28,2026-05,control,1,0,0,0,0.0,0,0,0
U100684,2026-06-23,2026-06,treatment,1,0,0,0,0.0,0,0,0
U100685,2026-05-15,2026-05,treatment,1,0,0,0,0.0,0,0,0
U100686,2026-05-17,2026-05,treatment,1,0,0,0,0.0,0,0,0
U100687,2026-04-06,2026-04,control,1,1,0,0,0.0,1,1,1
U100688,2026-06-07,2026-06,treatment,1,1,1,0,0.0,0,0,0
U100689,2026-03-19,2026-03,control,1,1,0,0,0.0,0,0,0
U100690,2026-04-13,2026-04,treatment,1,0,0,0,0.0,0,0,0
U100691,2026-04-28,2026-04,treatment,1,1,1,0,0.0,1,1,1
U100692,2026-05-09,2026-05,treatment,1,0,0,0,0.0,0,0,0
U100693,2026-03-30,2026-03,treatment,1,0,0,0,0.0,1,1,1
U100694,2026-03-02,2026-03,treatment,1,1,1,0,0.0,0,0,0
U100695,2026-05-21,2026-05,treatment,1,0,0,0,0.0,1,1,1
U100696,2026-04-07,2026-04,control,1,1,1,0,0.0,0,0,0
U100697,2026-05-18,2026-05,treatment,1,1,0,0,0.0,0,0,0
U100698,2026-03-12,2026-03,treatment,1,1,1,0,0.0,1,1,1
U100699,2026-05-05,2026-05,control,1,0,0,0,0.0,1,1,1
U100700,2026-05-12,2026-05,control,1,1,1,1,27.74,0,0,0
U100701,2026-02-10,2026-02,control,1,1,1,1,61.29,0,0,0
U100702,2026-04-15,2026-04,treatment,1,1,0,0,0.0,0,0,0
U100703,2026-03-07,2026-03,treatment,1,1,1,1,13.95,1,1,1
U100704,2026-02-15,2026-02,control,1,1,1,0,0.0,0,0,0
U100705,2026-06-29,2026-06,treatment,1,0,0,0,0.0,0,0,0
U100706,2026-04-13,2026-04,control,1,1,1,0,0.0,1,1,1
U100707,2026-06-11,2026-06,treatment,1,1,1,0,0.0,0,0,0
U100708,2026-04-01,2026-04,control,1,1,1,1,41.96,0,0,0
U100709,2026-05-29,2026-05,control,1,1,1,0,0.0,1,1,1
U100710,2026-06-06,2026-06,control,1,0,0,0,0.0,1,1,1
U100711,2026-05-19,2026-05,control,1,0,0,0,0.0,0,0,0
U100712,2026-05-04,2026-05,treatment,1,0,0,0,0.0,0,0,0
U100713,2026-04-26,2026-04,treatment,1,0,0,0,0.0,0,0,0
U100714,2026-04-17,2026-04,control,1,0,0,0,0.0,0,0,0
U100715,2026-06-23,2026-06,control,1,0,0,0,0.0,0,0,0
U100716,2026-06-14,2026-06,control,1,0,0,0,0.0,0,0,0
U100717,2026-06-26,2026-06,treatment,1,1,0,0,0.0,0,0,0
U100718,2026-03-05,2026-03,treatment,1,0,0,0,0.0,0,0,0
U100719,2026-06-03,2026-06,control,1,0,0,0,0.0,0,0,0
U100720,2026-06-24,2026-06,treatment,1,0,0,0,0.0,0,0,0
U100721,2026-03-18,2026-03,control,1,0,0,0,0.0,0,0,0
U100722,2026-02-16,2026-02,treatment,1,0,0,0,0.0,1,1,1
U100723,2026-06-04,2026-06,treatment,1,0,0,0,0.0,0,0,0
U100724,2026-05-17,2026-05,treatment,1,1,1,0,0.0,0,0,0
U100725,2026-06-15,2026-06,treatment,1,0,0,0,0.0,0,0,0
U100726,2026-03-09,2026-03,treatment,1,1,1,0,0.0,1,1,1
U100727,2026-06-10,2026-06,treatment,1,1,1,1,34.26,0,0,0
U100728,2026-03-22,2026-03,treatment,1,1,0,0,0.0,0,0,0
U100729,2026-03-14,2026-03,control,1,0,0,0,0.0,0,0,0
U100730,2026-03-14,2026-03,control,1,0,0,0,0.0,1,1,1
U100731,2026-06-12,2026-06,control,1,0,0,0,0.0,0,0,0
U100732,2026-05-27,2026-05,treatment,1,0,0,0,0.0,0,0,0
U100733,2026-05-11,2026-05,control,1,0,0,0,0.0,0,0,0
U100734,2026-04-18,2026-04,control,1,1,0,0,0.0,0,0,0
U100735,2026-06-18,2026-06,control,1,0,0,0,0.0,0,0,0
U100736,2026-04-23,2026-04,control,1,0,0,0,0.0,0,0,0
U100737,2026-06-12,2026-06,treatment,1,0,0,0,0.0,1,1,1
U100738,2026-04-30,2026-04,treatment,1,1,0,0,0.0,1,1,1
U100739,2026-04-21,2026-04,treatment,1,1,0,0,0.0,1,1,1
U100740,2026-05-03,2026-05,treatment,1,0,0,0,0.0,0,0,0
U100741,2026-04-09,2026-04,treatment,1,0,0,0,0.0,0,0,0
U100742,2026-06-05,2026-06,control,1,0,0,0,0.0,1,1,1
U100743,2026-05-08,2026-05,control,1,1,1,0,0.0,0,0,0
U100744,2026-03-28,2026-03,treatment,1,1,0,0,0.0,1,1,1
U100745,2026-06-20,2026-06,control,1,1,1,0,0.0,1,1,1
U100746,2026-04-22,2026-04,control,1,0,0,0,0.0,0,0,0
U100747,2026-05-13,2026-05,treatment,1,1,0,0,0.0,1,1,1
U100748,2026-06-21,2026-06,control,1,1,0,0,0.0,0,0,0
U100749,2026-05-23,2026-05,control,1,1,0,0,0.0,0,0,0
U100750,2026-03-03,2026-03,control,1,0,0,0,0.0,1,1,1
U100751,2026-06-24,2026-06,control,1,0,0,0,0.0,0,0,0
U100752,2026-05-23,2026-05,control,1,0,0,0,0.0,0,0,0
U100753,2026-04-15,2026-04,control,1,0,0,0,0.0,0,0,0
U100754,2026-03-09,2026-03,treatment,1,1,1,1,25.76,0,0,0
U100755,2026-06-10,2026-06,treatment,1,1,1,0,0.0,0,0,0
U100756,2026-05-22,2026-05,control,1,0,0,0,0.0,1,1,1
U100757,2026-05-12,2026-05,treatment,1,0,0,0,0.0,1,1,1
U100758,2026-06-20,2026-06,control,1,0,0,0,0.0,1,1,1
U100759,2026-06-09,2026-06,control,1,1,1,0,0.0,0,0,0
U100760,2026-03-12,2026-03,control,1,0,0,0,0.0,0,0,0
U100761,2026-04-11,2026-04,treatment,1,0,0,0,0.0,0,0,0
U100762,2026-03-31,2026-03,control,1,0,0,0,0.0,1,1,1
U100763,2026-06-05,2026-06,treatment,1,0,0,0,0.0,0,0,0
U100764,2026-02-02,2026-02,treatment,1,1,0,0,0.0,0,0,0
U100765,2026-05-16,2026-05,treatment,1,1,1,1,25.93,0,0,0
U100766,2026-06-07,2026-06,treatment,1,0,0,0,0.0,0,0,0
U100767,2026-06-18,2026-06,treatment,1,1,1,0,0.0,1,1,1
U100768,2026-04-16,2026-04,control,1,0,0,0,0.0,0,0,0
U100769,2026-06-13,2026-06,control,1,1,1,1,30.75,0,0,0
U100770,2026-03-01,2026-03,treatment,1,0,0,0,0.0,1,1,1
U100771,2026-06-15,2026-06,treatment,1,0,0,0,0.0,1,1,1
U100772,2026-03-06,2026-03,control,1,0,0,0,0.0,0,0,0
U100773,2026-04-24,2026-04,control,1,0,0,0,0.0,0,0,0
U100774,2026-06-10,2026-06,control,1,0,0,0,0.0,1,1,1
U100775,2026-03-11,2026-03,control,1,1,0,0,0.0,1,1,1
U100776,2026-03-28,2026-03,control,1,1,0,0,0.0,1,1,1
U100777,2026-06-02,2026-06,treatment,1,0,0,0,0.0,0,0,0
U100778,2026-06-02,2026-06,treatment,1,1,1,1,41.86,0,0,0
U100779,2026-05-25,2026-05,control,1,0,0,0,0.0,0,0,0
U100780,2026-05-30,2026-05,treatment,1,1,1,1,89.82,0,0,0
U100781,2026-05-13,2026-05,treatment,1,1,1,0,0.0,0,0,0
U100782,2026-04-01,2026-04,control,1,1,0,0,0.0,0,0,0
U100783,2026-04-16,2026-04,control,1,0,0,0,0.0,0,0,0
U100784,2026-03-18,2026-03,treatment,1,0,0,0,0.0,0,0,0
U100785,2026-06-21,2026-06,treatment,1,0,0,0,0.0,0,0,0
U100786,2026-05-18,2026-05,control,1,0,0,0,0.0,0,0,0
U100787,2026-04-24,2026-04,treatment,1,1,0,0,0.0,0,0,0
U100788,2026-05-03,2026-05,control,1,0,0,0,0.0,1,1,1
U100789,2026-06-25,2026-06,control,1,0,0,0,0.0,1,1,1
U100790,2026-03-12,2026-03,control,1,0,0,0,0.0,0,0,0
U100791,2026-05-18,2026-05,control,1,0,0,0,0.0,1,1,1
U100792,2026-05-09,2026-05,treatment,1,1,1,0,0.0,0,0,0
U100793,2026-05-21,2026-05,treatment,1,0,0,0,0.0,1,1,1
U100794,2026-01-25,2026-01,control,1,1,1,1,73.98,0,0,0
U100795,2026-06-18,2026-06,treatment,1,0,0,0,0.0,0,0,0
U100796,2026-06-23,2026-06,treatment,1,1,1,0,0.0,0,0,0
U100797,2026-05-16,2026-05,control,1,1,1,0,0.0,0,0,0
U100798,2026-05-31,2026-05,treatment,1,1,1,1,54.18,0,0,0
U100799,2026-06-22,2026-06,control,1,1,1,1,58.73,1,1,1
U100800,2026-06-01,2026-06,treatment,1,0,0,0,0.0,0,0,0
U100801,2026-03-12,2026-03,control,1,1,0,0,0.0,0,0,0
U100802,2026-05-17,2026-05,treatment,1,1,1,1,45.97,1,1,1
U100803,2026-05-21,2026-05,control,1,1,1,1,93.9,0,0,0
U100804,2026-04-28,2026-04,treatment,1,1,1,1,82.06,0,0,0
U100805,2026-06-04,2026-06,treatment,1,1,1,1,105.78,0,0,0
U100806,2026-06-23,2026-06,control,1,0,0,0,0.0,1,1,1
U100807,2026-06-23,2026-06,control,1,0,0,0,0.0,0,0,0
U100808,2026-05-01,2026-05,control,1,0,0,0,0.0,1,1,1
U100809,2026-03-02,2026-03,treatment,1,1,1,0,0.0,0,0,0
U100810,2026-06-28,2026-06,control,1,0,0,0,0.0,0,0,0
U100811,2026-06-14,2026-06,treatment,1,1,1,0,0.0,0,0,0
U100812,2026-03-05,2026-03,control,1,0,0,0,0.0,0,0,0
U100813,2026-06-22,2026-06,control,1,0,0,0,0.0,1,1,1
U100814,2026-06-17,2026-06,control,1,1,1,0,0.0,0,0,0
U100815,2026-05-10,2026-05,control,1,1,1,1,26.14,1,1,1
U100816,2026-05-19,2026-05,treatment,1,1,1,1,42.87,0,0,0
U100817,2026-04-24,2026-04,treatment,1,0,0,0,0.0,0,0,0
U100818,2026-02-12,2026-02,control,1,0,0,0,0.0,0,0,0
U100819,2026-04-15,2026-04,treatment,1,0,0,0,0.0,1,1,1
U100820,2026-06-11,2026-06,control,1,0,0,0,0.0,0,0,0
U100821,2026-01-13,2026-01,treatment,1,0,0,0,0.0,1,1,1
U100822,2026-04-14,2026-04,control,1,0,0,0,0.0,0,0,0
U100823,2026-04-24,2026-04,treatment,1,0,0,0,0.0,0,0,0
U100824,2026-05-12,2026-05,treatment,1,1,1,1,75.86,0,0,0
U100825,2026-06-22,2026-06,control,1,0,0,0,0.0,0,0,0
U100826,2026-04-16,2026-04,treatment,1,0,0,0,0.0,0,0,0
U100827,2026-04-17,2026-04,control,1,0,0,0,0.0,1,1,1
U100828,2026-06-04,2026-06,control,1,1,1,0,0.0,1,1,1
U100829,2026-05-02,2026-05,control,1,0,0,0,0.0,0,0,0
U100830,2026-03-27,2026-03,control,1,0,0,0,0.0,1,1,1
U100831,2026-05-02,2026-05,control,1,0,0,0,0.0,0,0,0
U100832,2026-03-09,2026-03,control,1,1,1,0,0.0,1,1,1
U100833,2026-03-17,2026-03,control,1,1,0,0,0.0,0,0,0
U100834,2026-05-08,2026-05,control,1,1,0,0,0.0,0,0,0
U100835,2026-04-27,2026-04,treatment,1,0,0,0,0.0,1,1,1
U100836,2026-06-22,2026-06,treatment,1,1,0,0,0.0,1,1,1
U100837,2026-04-19,2026-04,control,1,1,0,0,0.0,0,0,0
U100838,2026-05-18,2026-05,control,1,0,0,0,0.0,1,1,1
U100839,2026-05-24,2026-05,control,1,1,0,0,0.0,0,0,0
U100840,2026-01-21,2026-01,treatment,1,0,0,0,0.0,1,1,1
U100841,2026-05-27,2026-05,treatment,1,0,0,0,0.0,1,1,1
U100842,2026-03-17,2026-03,control,1,1,0,0,0.0,0,0,0
U100843,2026-06-26,2026-06,control,1,1,1,0,0.0,1,1,1
U100844,2026-03-11,2026-03,control,1,0,0,0,0.0,0,0,0
U100845,2026-04-26,2026-04,control,1,0,0,0,0.0,0,0,0
U100846,2026-02-22,2026-02,treatment,1,1,1,1,33.06,0,0,0
U100847,2026-06-29,2026-06,treatment,1,0,0,0,0.0,1,1,1
U100848,2026-05-08,2026-05,control,1,0,0,0,0.0,0,0,0
U100849,2026-05-19,2026-05,treatment,1,0,0,0,0.0,0,0,0
U100850,2026-02-16,2026-02,control,1,1,0,0,0.0,1,1,1
U100851,2026-06-05,2026-06,control,1,1,0,0,0.0,1,1,1
U100852,2026-03-24,2026-03,treatment,1,0,0,0,0.0,1,1,1
U100853,2026-06-20,2026-06,treatment,1,0,0,0,0.0,1,1,1
U100854,2026-03-23,2026-03,control,1,0,0,0,0.0,0,0,0
U100855,2026-03-20,2026-03,control,1,0,0,0,0.0,1,1,1
U100856,2026-02-04,2026-02,treatment,1,1,1,1,85.85,0,0,0
U100857,2026-05-04,2026-05,treatment,1,0,0,0,0.0,1,1,1
U100858,2026-05-16,2026-05,control,1,0,0,0,0.0,0,0,0
U100859,2026-02-16,2026-02,control,1,1,1,1,85.62,0,0,0
U100860,2026-06-08,2026-06,control,1,0,0,0,0.0,0,0,0
U100861,2026-05-02,2026-05,treatment,1,0,0,0,0.0,1,1,1
U100862,2026-05-11,2026-05,treatment,1,0,0,0,0.0,0,0,0
U100863,2026-04-30,2026-04,control,1,1,1,0,0.0,0,0,0
U100864,2026-04-24,2026-04,treatment,1,0,0,0,0.0,1,1,1
U100865,2026-05-15,2026-05,treatment,1,0,0,0,0.0,1,1,1
U100866,2026-03-12,2026-03,control,1,0,0,0,0.0,0,0,0
U100867,2026-03-18,2026-03,control,1,1,1,0,0.0,0,0,0
U100868,2026-06-17,2026-06,treatment,1,0,0,0,0.0,1,1,1
U100869,2026-06-25,2026-06,treatment,1,1,1,0,0.0,0,0,0
U100870,2026-04-20,2026-04,treatment,1,1,0,0,0.0,1,1,1
U100871,2026-04-04,2026-04,treatment,1,1,0,0,0.0,1,1,1
U100872,2026-05-25,2026-05,control,1,0,0,0,0.0,1,1,1
U100873,2026-04-26,2026-04,control,1,0,0,0,0.0,0,0,0
U100874,2026-01-29,2026-01,treatment,1,0,0,0,0.0,0,0,0
U100875,2026-03-13,2026-03,control,1,0,0,0,0.0,1,1,1
U100876,2026-06-02,2026-06,treatment,1,1,1,0,0.0,0,0,0
U100877,2026-05-27,2026-05,treatment,1,0,0,0,0.0,1,1,1
U100878,2026-01-30,2026-01,treatment,1,0,0,0,0.0,0,0,0
U100879,2026-03-26,2026-03,control,1,0,0,0,0.0,1,1,1
U100880,2026-03-28,2026-03,treatment,1,1,1,1,31.94,0,0,0
U100881,2026-05-28,2026-05,treatment,1,0,0,0,0.0,0,0,0
U100882,2026-01-26,2026-01,treatment,1,0,0,0,0.0,1,1,1
U100883,2026-02-28,2026-02,control,1,0,0,0,0.0,1,1,1
U100884,2026-06-10,2026-06,control,1,1,0,0,0.0,1,1,1
U100885,2026-03-18,2026-03,control,1,0,0,0,0.0,0,0,0
U100886,2026-05-26,2026-05,control,1,0,0,0,0.0,0,0,0
U100887,2026-03-29,2026-03,control,1,0,0,0,0.0,1,1,1
U100888,2026-02-26,2026-02,treatment,1,1,0,0,0.0,0,0,0
U100889,2026-03-30,2026-03,treatment,1,1,1,1,57.41,1,1,1
U100890,2026-06-02,2026-06,treatment,1,1,0,0,0.0,1,1,1
U100891,2026-06-16,2026-06,treatment,1,1,1,0,0.0,1,1,1
U100892,2026-06-14,2026-06,control,1,0,0,0,0.0,0,0,0
U100893,2026-04-24,2026-04,treatment,1,1,1,1,78.12,1,1,1
U100894,2026-05-28,2026-05,control,1,0,0,0,0.0,0,0,0
U100895,2026-03-23,2026-03,control,1,0,0,0,0.0,0,0,0
U100896,2026-04-08,2026-04,control,1,0,0,0,0.0,0,0,0
U100897,2026-06-20,2026-06,treatment,1,0,0,0,0.0,0,0,0
U100898,2026-01-21,2026-01,treatment,1,0,0,0,0.0,1,1,1
U100899,2026-02-22,2026-02,control,1,0,0,0,0.0,0,0,0
U100900,2026-03-24,2026-03,treatment,1,1,0,0,0.0,0,0,0
U100901,2026-01-30,2026-01,control,1,1,0,0,0.0,0,0,0
U100902,2026-03-18,2026-03,control,1,0,0,0,0.0,1,1,1
U100903,2026-05-18,2026-05,treatment,1,0,0,0,0.0,0,0,0
U100904,2026-04-27,2026-04,treatment,1,1,0,0,0.0,0,0,0
U100905,2026-06-20,2026-06,treatment,1,1,1,1,44.42,0,0,0
U100906,2026-06-12,2026-06,treatment,1,1,1,0,0.0,0,0,0
U100907,2026-04-16,2026-04,treatment,1,0,0,0,0.0,0,0,0
U100908,2026-04-02,2026-04,treatment,1,0,0,0,0.0,1,1,1
U100909,2026-04-21,2026-04,treatment,1,0,0,0,0.0,1,1,1
U100910,2026-05-19,2026-05,treatment,1,1,1,1,42.38,0,0,0
U100911,2026-04-04,2026-04,treatment,1,0,0,0,0.0,1,1,1
U100912,2026-05-23,2026-05,treatment,1,0,0,0,0.0,0,0,0
U100913,2026-04-26,2026-04,control,1,0,0,0,0.0,1,1,1
U100914,2026-05-14,2026-05,treatment,1,1,0,0,0.0,0,0,0
U100915,2026-04-29,2026-04,control,1,0,0,0,0.0,0,0,0
U100916,2026-04-08,2026-04,control,1,1,1,0,0.0,1,1,1
U100917,2026-06-25,2026-06,treatment,1,1,1,0,0.0,1,1,1
U100918,2026-06-07,2026-06,control,1,1,1,1,17.62,0,0,0
U100919,2026-03-09,2026-03,treatment,1,0,0,0,0.0,0,0,0
U100920,2026-06-17,2026-06,treatment,1,1,1,0,0.0,1,1,1
U100921,2026-05-06,2026-05,control,1,0,0,0,0.0,0,0,0
U100922,2026-06-20,2026-06,control,1,0,0,0,0.0,0,0,0
U100923,2026-06-10,2026-06,treatment,1,1,0,0,0.0,1,1,1
U100924,2026-04-28,2026-04,control,1,0,0,0,0.0,0,0,0
U100925,2026-01-27,2026-01,control,1,0,0,0,0.0,0,0,0
U100926,2026-04-04,2026-04,control,1,0,0,0,0.0,1,1,1
U100927,2026-05-13,2026-05,treatment,1,0,0,0,0.0,0,0,0
U100928,2026-05-24,2026-05,treatment,1,0,0,0,0.0,0,0,0
U100929,2026-04-02,2026-04,treatment,1,0,0,0,0.0,1,1,1
U100930,2026-03-09,2026-03,control,1,0,0,0,0.0,0,0,0
U100931,2026-06-14,2026-06,treatment,1,1,0,0,0.0,0,0,0
U100932,2026-06-28,2026-06,treatment,1,0,0,0,0.0,1,1,1
U100933,2026-05-11,2026-05,control,1,0,0,0,0.0,0,0,0
U100934,2026-03-16,2026-03,treatment,1,0,0,0,0.0,1,1,1
U100935,2026-04-04,2026-04,treatment,1,1,1,0,0.0,0,0,0
U100936,2026-01-25,2026-01,treatment,1,1,1,1,155.8,0,0,0
U100937,2026-06-22,2026-06,control,1,1,1,0,0.0,1,1,1
U100938,2026-03-03,2026-03,control,1,0,0,0,0.0,1,1,1
U100939,2026-05-17,2026-05,control,1,0,0,0,0.0,1,1,1
U100940,2026-04-05,2026-04,control,1,0,0,0,0.0,0,0,0
U100941,2026-05-14,2026-05,treatment,1,0,0,0,0.0,0,0,0
U100942,2026-05-26,2026-05,control,1,0,0,0,0.0,0,0,0
U100943,2026-06-13,2026-06,treatment,1,1,1,0,0.0,0,0,0
U100944,2026-03-23,2026-03,control,1,0,0,0,0.0,0,0,0
U100945,2026-01-19,2026-01,control,1,1,1,1,39.5,1,1,1
U100946,2026-03-08,2026-03,treatment,1,0,0,0,0.0,1,1,1
U100947,2026-06-20,2026-06,control,1,1,1,0,0.0,0,0,0
U100948,2026-06-18,2026-06,treatment,1,0,0,0,0.0,0,0,0
U100949,2026-05-20,2026-05,control,1,1,0,0,0.0,0,0,0
U100950,2026-05-20,2026-05,control,1,0,0,0,0.0,1,1,1
U100951,2026-05-27,2026-05,treatment,1,1,0,0,0.0,1,1,1
U100952,2026-03-17,2026-03,treatment,1,0,0,0,0.0,1,1,1
U100953,2026-06-22,2026-06,control,1,0,0,0,0.0,1,1,1
U100954,2026-04-27,2026-04,control,1,0,0,0,0.0,1,1,1
U100955,2026-04-22,2026-04,treatment,1,0,0,0,0.0,1,1,1
U100956,2026-05-10,2026-05,treatment,1,1,0,0,0.0,1,1,1
U100957,2026-02-09,2026-02,treatment,1,1,1,1,44.18,0,0,0
U100958,2026-03-15,2026-03,control,1,1,1,0,0.0,0,0,0
U100959,2026-06-04,2026-06,treatment,1,1,0,0,0.0,0,0,0
U100960,2026-02-21,2026-02,control,1,0,0,0,0.0,0,0,0
U100961,2026-05-20,2026-05,control,1,1,0,0,0.0,1,1,1
U100962,2026-03-31,2026-03,treatment,1,0,0,0,0.0,1,1,1
U100963,2026-04-23,2026-04,control,1,1,0,0,0.0,1,1,1
U100964,2026-04-07,2026-04,control,1,0,0,0,0.0,1,1,1
U100965,2026-04-18,2026-04,control,1,1,0,0,0.0,0,0,0
U100966,2026-06-02,2026-06,control,1,0,0,0,0.0,1,1,1
U100967,2026-04-09,2026-04,treatment,1,0,0,0,0.0,1,1,1
U100968,2026-05-16,2026-05,treatment,1,0,0,0,0.0,0,0,0
U100969,2026-05-05,2026-05,control,1,0,0,0,0.0,0,0,0
U100970,2026-05-27,2026-05,treatment,1,0,0,0,0.0,0,0,0
U100971,2026-06-24,2026-06,treatment,1,0,0,0,0.0,0,0,0
U100972,2026-06-04,2026-06,treatment,1,1,1,0,0.0,0,0,0
U100973,2026-03-25,2026-03,control,1,0,0,0,0.0,1,1,1
U100974,2026-02-01,2026-02,treatment,1,1,0,0,0.0,1,1,1
U100975,2026-04-03,2026-04,treatment,1,0,0,0,0.0,0,0,0
U100976,2026-05-19,2026-05,control,1,0,0,0,0.0,1,1,1
U100977,2026-02-10,2026-02,control,1,0,0,0,0.0,0,0,0
U100978,2026-05-07,2026-05,control,1,0,0,0,0.0,1,1,1
U100979,2026-05-20,2026-05,treatment,1,0,0,0,0.0,1,1,1
U100980,2026-04-15,2026-04,control,1,0,0,0,0.0,1,1,1
U100981,2026-06-08,2026-06,treatment,1,0,0,0,0.0,0,0,0
U100982,2026-02-28,2026-02,control,1,1,1,0,0.0,0,0,0
U100983,2026-02-19,2026-02,treatment,1,0,0,0,0.0,1,1,1
U100984,2026-06-03,2026-06,control,1,0,0,0,0.0,0,0,0
U100985,2026-05-07,2026-05,treatment,1,1,1,0,0.0,0,0,0
U100986,2026-05-30,2026-05,treatment,1,1,0,0,0.0,0,0,0
U100987,2026-04-29,2026-04,control,1,0,0,0,0.0,1,1,1
U100988,2026-03-31,2026-03,control,1,1,1,1,32.46,0,0,0
U100989,2026-06-12,2026-06,control,1,1,1,0,0.0,1,1,1
U100990,2026-06-10,2026-06,treatment,1,0,0,0,0.0,1,1,1
U100991,2026-05-31,2026-05,treatment,1,0,0,0,0.0,1,1,1
U100992,2026-04-04,2026-04,control,1,1,0,0,0.0,0,0,0
U100993,2026-05-19,2026-05,control,1,0,0,0,0.0,1,1,1
U100994,2026-04-19,2026-04,control,1,0,0,0,0.0,0,0,0
U100995,2026-02-24,2026-02,treatment,1,0,0,0,0.0,0,0,0
U100996,2026-06-22,2026-06,treatment,1,1,1,0,0.0,0,0,0
U100997,2026-03-08,2026-03,treatment,1,1,1,1,19.07,0,0,0
U100998,2026-06-25,2026-06,control,1,1,0,0,0.0,1,1,1
U100999,2026-05-01,2026-05,control,1,1,1,1,67.44,0,0,0
U101000,2026-03-19,2026-03,treatment,1,0,0,0,0.0,1,1,1
U101001,2026-05-13,2026-05,control,1,0,0,0,0.0,1,1,1
U101002,2026-06-18,2026-06,treatment,1,1,1,1,48.0,0,0,0
U101003,2026-06-04,2026-06,control,1,1,0,0,0.0,0,0,0
U101004,2026-06-11,2026-06,control,1,0,0,0,0.0,1,1,1
U101005,2026-05-27,2026-05,treatment,1,0,0,0,0.0,0,0,0
U101006,2026-05-30,2026-05,treatment,1,0,0,0,0.0,0,0,0
U101007,2026-06-15,2026-06,treatment,1,0,0,0,0.0,0,0,0
U101008,2026-03-31,2026-03,control,1,0,0,0,0.0,0,0,0
U101009,2026-05-06,2026-05,control,1,0,0,0,0.0,0,0,0
U101010,2026-03-26,2026-03,treatment,1,1,0,0,0.0,0,0,0
U101011,2026-06-28,2026-06,treatment,1,0,0,0,0.0,1,1,1
U101012,2026-06-24,2026-06,treatment,1,1,1,0,0.0,1,1,1
U101013,2026-02-05,2026-02,control,1,0,0,0,0.0,0,0,0
U101014,2026-06-01,2026-06,treatment,1,0,0,0,0.0,0,0,0
U101015,2026-06-23,2026-06,treatment,1,1,1,1,72.93,0,0,0
U101016,2026-03-18,2026-03,treatment,1,1,1,0,0.0,0,0,0
U101017,2026-05-16,2026-05,treatment,1,0,0,0,0.0,0,0,0
U101018,2026-06-22,2026-06,control,1,1,0,0,0.0,0,0,0
U101019,2026-02-03,2026-02,treatment,1,1,1,0,0.0,1,1,1
U101020,2026-05-31,2026-05,treatment,1,0,0,0,0.0,1,1,1
U101021,2026-04-09,2026-04,treatment,1,0,0,0,0.0,0,0,0
U101022,2026-06-23,2026-06,treatment,1,1,1,0,0.0,0,0,0
U101023,2026-06-27,2026-06,treatment,1,0,0,0,0.0,0,0,0
U101024,2026-06-24,2026-06,treatment,1,0,0,0,0.0,1,1,1
U101025,2026-05-04,2026-05,control,1,0,0,0,0.0,0,0,0
U101026,2026-06-17,2026-06,control,1,0,0,0,0.0,0,0,0
U101027,2026-06-15,2026-06,control,1,1,1,1,27.54,1,1,1
U101028,2026-04-12,2026-04,control,1,0,0,0,0.0,0,0,0
U101029,2026-06-13,2026-06,control,1,0,0,0,0.0,0,0,0
U101030,2026-02-04,2026-02,control,1,0,0,0,0.0,1,1,1
U101031,2026-05-19,2026-05,control,1,1,1,1,52.18,0,0,0
U101032,2026-03-28,2026-03,control,1,1,0,0,0.0,0,0,0
U101033,2026-03-04,2026-03,control,1,1,1,1,29.17,0,0,0
U101034,2026-02-19,2026-02,control,1,1,0,0,0.0,1,1,1
U101035,2026-05-31,2026-05,treatment,1,0,0,0,0.0,1,1,1
U101036,2026-04-15,2026-04,treatment,1,0,0,0,0.0,0,0,0
U101037,2026-06-03,2026-06,control,1,0,0,0,0.0,0,0,0
U101038,2026-02-16,2026-02,treatment,1,1,1,0,0.0,0,0,0
U101039,2026-04-12,2026-04,treatment,1,1,0,0,0.0,1,1,1
U101040,2026-05-13,2026-05,control,1,1,0,0,0.0,0,0,0
U101041,2026-06-10,2026-06,treatment,1,1,0,0,0.0,0,0,0
U101042,2026-04-12,2026-04,treatment,1,0,0,0,0.0,0,0,0
U101043,2026-05-23,2026-05,treatment,1,0,0,0,0.0,1,1,1
U101044,2026-06-19,2026-06,control,1,0,0,0,0.0,1,1,1
U101045,2026-05-22,2026-05,treatment,1,0,0,0,0.0,0,0,0
U101046,2026-03-28,2026-03,control,1,0,0,0,0.0,0,0,0
U101047,2026-01-29,2026-01,treatment,1,0,0,0,0.0,0,0,0
U101048,2026-06-17,2026-06,treatment,1,0,0,0,0.0,0,0,0
U101049,2026-01-27,2026-01,treatment,1,1,1,1,115.8,1,1,1
U101050,2026-06-18,2026-06,treatment,1,0,0,0,0.0,1,1,1
U101051,2026-05-11,2026-05,control,1,0,0,0,0.0,0,0,0
U101052,2026-06-24,2026-06,treatment,1,0,0,0,0.0,1,1,1
U101053,2026-06-10,2026-06,treatment,1,0,0,0,0.0,1,1,1
U101054,2026-06-29,2026-06,control,1,1,0,0,0.0,0,0,0
U101055,2026-04-17,2026-04,treatment,1,0,0,0,0.0,1,1,1
U101056,2026-06-07,2026-06,control,1,1,0,0,0.0,1,1,1
U101057,2026-04-25,2026-04,control,1,0,0,0,0.0,0,0,0
U101058,2026-05-05,2026-05,treatment,1,0,0,0,0.0,1,1,1
U101059,2026-05-23,2026-05,control,1,0,0,0,0.0,0,0,0
U101060,2026-06-18,2026-06,treatment,1,0,0,0,0.0,1,1,1
U101061,2026-06-28,2026-06,control,1,0,0,0,0.0,0,0,0
U101062,2026-06-07,2026-06,control,1,1,0,0,0.0,1,1,1
U101063,2026-04-27,2026-04,treatment,1,0,0,0,0.0,0,0,0
U101064,2026-04-27,2026-04,control,1,0,0,0,0.0,0,0,0
U101065,2026-06-04,2026-06,treatment,1,0,0,0,0.0,1,1,1
U101066,2026-03-29,2026-03,treatment,1,0,0,0,0.0,1,1,1
U101067,2026-03-01,2026-03,treatment,1,1,1,1,33.34,0,0,0
U101068,2026-04-18,2026-04,treatment,1,1,1,0,0.0,0,0,0
U101069,2026-04-07,2026-04,treatment,1,0,0,0,0.0,0,0,0
U101070,2026-04-08,2026-04,control,1,0,0,0,0.0,0,0,0
U101071,2026-03-28,2026-03,treatment,1,0,0,0,0.0,1,1,1
U101072,2026-02-06,2026-02,control,1,1,1,0,0.0,0,0,0
U101073,2026-01-25,2026-01,treatment,1,0,0,0,0.0,0,0,0
U101074,2026-06-28,2026-06,treatment,1,1,1,1,33.57,1,1,1
U101075,2026-04-28,2026-04,treatment,1,0,0,0,0.0,1,1,1
U101076,2026-04-22,2026-04,treatment,1,1,1,1,74.31,1,1,1
U101077,2026-05-29,2026-05,treatment,1,0,0,0,0.0,0,0,0
U101078,2026-03-26,2026-03,treatment,1,0,0,0,0.0,1,1,1
U101079,2026-06-25,2026-06,treatment,1,1,1,1,33.92,0,0,0
U101080,2026-06-09,2026-06,control,1,1,1,0,0.0,0,0,0
U101081,2026-02-23,2026-02,control,1,1,1,0,0.0,0,0,0
U101082,2026-04-27,2026-04,control,1,1,0,0,0.0,1,1,1
U101083,2026-06-18,2026-06,treatment,1,1,0,0,0.0,0,0,0
U101084,2026-06-24,2026-06,control,1,0,0,0,0.0,0,0,0
U101085,2026-05-04,2026-05,control,1,1,1,1,75.57,0,0,0
U101086,2026-05-21,2026-05,control,1,1,1,1,32.78,0,0,0
U101087,2026-03-15,2026-03,treatment,1,0,0,0,0.0,0,0,0
U101088,2026-06-29,2026-06,treatment,1,1,1,0,0.0,1,1,1
U101089,2026-03-28,2026-03,control,1,0,0,0,0.0,0,0,0
U101090,2026-06-24,2026-06,control,1,0,0,0,0.0,0,0,0
U101091,2026-05-26,2026-05,control,1,1,0,0,0.0,1,1,1
U101092,2026-05-21,2026-05,control,1,0,0,0,0.0,0,0,0
U101093,2026-05-09,2026-05,control,1,0,0,0,0.0,0,0,0
U101094,2026-03-28,2026-03,treatment,1,0,0,0,0.0,0,0,0
U101095,2026-03-17,2026-03,treatment,1,0,0,0,0.0,0,0,0
U101096,2026-03-26,2026-03,control,1,0,0,0,0.0,0,0,0
U101097,2026-03-19,2026-03,control,1,1,1,1,52.24,0,0,0
U101098,2026-06-08,2026-06,control,1,1,0,0,0.0,1,1,1
U101099,2026-04-17,2026-04,control,1,1,0,0,0.0,0,0,0
U101100,2026-02-13,2026-02,control,1,0,0,0,0.0,0,0,0
U101101,2026-06-27,2026-06,control,1,1,1,1,77.73,1,1,1
U101102,2026-06-19,2026-06,control,1,1,0,0,0.0,1,1,1
U101103,2026-06-23,2026-06,treatment,1,0,0,0,0.0,0,0,0
U101104,2026-06-29,2026-06,treatment,1,1,1,1,23.66,0,0,0
U101105,2026-03-17,2026-03,treatment,1,1,1,1,41.24,1,1,1
U101106,2026-04-24,2026-04,control,1,0,0,0,0.0,0,0,0
U101107,2026-06-06,2026-06,treatment,1,1,1,0,0.0,0,0,0
U101108,2026-05-31,2026-05,treatment,1,1,0,0,0.0,0,0,0
U101109,2026-03-12,2026-03,control,1,0,0,0,0.0,0,0,0
U101110,2026-06-12,2026-06,control,1,1,0,0,0.0,0,0,0
U101111,2026-03-27,2026-03,treatment,1,0,0,0,0.0,1,1,1
U101112,2026-03-27,2026-03,control,1,0,0,0,0.0,0,0,0
U101113,2026-05-12,2026-05,control,1,1,0,0,0.0,0,0,0
U101114,2026-05-19,2026-05,treatment,1,0,0,0,0.0,0,0,0
U101115,2026-05-18,2026-05,treatment,1,1,1,0,0.0,0,0,0
U101116,2026-02-24,2026-02,control,1,0,0,0,0.0,0,0,0
U101117,2026-06-18,2026-06,treatment,1,0,0,0,0.0,0,0,0
U101118,2026-04-03,2026-04,treatment,1,0,0,0,0.0,0,0,0
U101119,2026-03-06,2026-03,control,1,0,0,0,0.0,0,0,0
U101120,2026-06-19,2026-06,treatment,1,0,0,0,0.0,1,1,1
U101121,2026-06-25,2026-06,control,1,1,0,0,0.0,1,1,1
U101122,2026-06-17,2026-06,control,1,1,0,0,0.0,0,0,0
U101123,2026-06-11,2026-06,treatment,1,1,1,0,0.0,0,0,0
U101124,2026-05-26,2026-05,control,1,0,0,0,0.0,0,0,0
U101125,2026-05-14,2026-05,control,1,1,1,0,0.0,0,0,0
U101126,2026-02-23,2026-02,control,1,1,0,0,0.0,1,1,1
U101127,2026-04-26,2026-04,treatment,1,0,0,0,0.0,0,0,0
U101128,2026-04-20,2026-04,treatment,1,0,0,0,0.0,0,0,0
U101129,2026-04-02,2026-04,control,1,0,0,0,0.0,0,0,0
U101130,2026-06-03,2026-06,treatment,1,0,0,0,0.0,0,0,0
U101131,2026-05-07,2026-05,control,1,1,1,0,0.0,0,0,0
U101132,2026-02-21,2026-02,treatment,1,0,0,0,0.0,1,1,1
U101133,2026-03-26,2026-03,control,1,1,1,1,18.93,0,0,0
U101134,2026-05-29,2026-05,treatment,1,0,0,0,0.0,0,0,0
U101135,2026-02-19,2026-02,treatment,1,0,0,0,0.0,0,0,0
U101136,2026-06-16,2026-06,treatment,1,0,0,0,0.0,1,1,1
U101137,2026-05-07,2026-05,control,1,1,0,0,0.0,0,0,0
U101138,2026-05-05,2026-05,treatment,1,0,0,0,0.0,0,0,0
U101139,2026-05-19,2026-05,control,1,1,0,0,0.0,0,0,0
U101140,2026-06-13,2026-06,treatment,1,0,0,0,0.0,0,0,0
U101141,2026-04-17,2026-04,control,1,1,0,0,0.0,1,1,1
U101142,2026-05-29,2026-05,control,1,1,1,0,0.0,0,0,0
U101143,2026-05-16,2026-05,control,1,1,0,0,0.0,1,1,1
U101144,2026-04-04,2026-04,control,1,0,0,0,0.0,0,0,0
U101145,2026-06-18,2026-06,treatment,1,0,0,0,0.0,1,1,1
U101146,2026-06-10,2026-06,treatment,1,0,0,0,0.0,0,0,0
U101147,2026-05-27,2026-05,treatment,1,1,0,0,0.0,0,0,0
U101148,2026-06-16,2026-06,treatment,1,0,0,0,0.0,1,1,1
U101149,2026-06-17,2026-06,treatment,1,0,0,0,0.0,1,1,1
U101150,2026-06-01,2026-06,control,1,0,0,0,0.0,0,0,0
U101151,2026-06-14,2026-06,control,1,0,0,0,0.0,0,0,0
U101152,2026-05-31,2026-05,control,1,1,0,0,0.0,0,0,0
U101153,2026-05-29,2026-05,control,1,1,0,0,0.0,1,1,1
U101154,2026-05-22,2026-05,control,1,0,0,0,0.0,0,0,0
U101155,2026-06-06,2026-06,control,1,1,0,0,0.0,0,0,0
U101156,2026-03-13,2026-03,control,1,1,0,0,0.0,1,1,1
U101157,2026-06-18,2026-06,control,1,0,0,0,0.0,1,1,1
U101158,2026-06-18,2026-06,treatment,1,1,1,0,0.0,0,0,0
U101159,2026-01-31,2026-01,control,1,1,1,0,0.0,0,0,0
U101160,2026-06-13,2026-06,treatment,1,0,0,0,0.0,0,0,0
U101161,2026-03-06,2026-03,treatment,1,1,1,1,78.45,1,1,1
U101162,2026-04-15,2026-04,treatment,1,0,0,0,0.0,1,1,1
U101163,2026-06-05,2026-06,control,1,0,0,0,0.0,0,0,0
U101164,2026-03-14,2026-03,control,1,1,1,1,28.87,0,0,0
U101165,2026-06-12,2026-06,control,1,1,1,0,0.0,0,0,0
U101166,2026-06-14,2026-06,control,1,1,0,0,0.0,0,0,0
U101167,2026-05-09,2026-05,control,1,0,0,0,0.0,1,1,1
U101168,2026-01-15,2026-01,treatment,1,1,0,0,0.0,0,0,0
U101169,2026-04-07,2026-04,treatment,1,0,0,0,0.0,1,1,1
U101170,2026-05-22,2026-05,treatment,1,0,0,0,0.0,1,1,1
U101171,2026-06-28,2026-06,control,1,0,0,0,0.0,1,1,1
U101172,2026-05-24,2026-05,control,1,0,0,0,0.0,0,0,0
U101173,2026-04-02,2026-04,treatment,1,0,0,0,0.0,0,0,0
U101174,2026-05-24,2026-05,control,1,1,0,0,0.0,1,1,1
U101175,2026-05-13,2026-05,treatment,1,1,1,0,0.0,0,0,0
U101176,2026-06-08,2026-06,treatment,1,1,0,0,0.0,1,1,1
U101177,2026-02-28,2026-02,control,1,1,0,0,0.0,0,0,0
U101178,2026-06-07,2026-06,control,1,0,0,0,0.0,0,0,0
U101179,2026-05-13,2026-05,control,1,1,1,0,0.0,1,1,1
U101180,2026-06-26,2026-06,control,1,1,1,0,0.0,1,1,1
U101181,2026-04-16,2026-04,control,1,0,0,0,0.0,0,0,0
U101182,2026-05-24,2026-05,control,1,1,0,0,0.0,0,0,0
U101183,2026-06-23,2026-06,control,1,0,0,0,0.0,1,1,1
U101184,2026-02-27,2026-02,treatment,1,0,0,0,0.0,0,0,0
U101185,2026-06-24,2026-06,treatment,1,0,0,0,0.0,0,0,0
U101186,2026-05-30,2026-05,control,1,1,0,0,0.0,0,0,0
U101187,2026-02-16,2026-02,treatment,1,1,1,1,73.48,1,1,1
U101188,2026-04-09,2026-04,treatment,1,0,0,0,0.0,1,1,1
U101189,2026-06-01,2026-06,treatment,1,0,0,0,0.0,0,0,0
U101190,2026-02-16,2026-02,treatment,1,1,1,1,55.28,0,0,0
U101191,2026-05-18,2026-05,control,1,1,1,1,68.78,0,0,0
U101192,2026-04-16,2026-04,control,1,0,0,0,0.0,1,1,1
U101193,2026-05-22,2026-05,treatment,1,0,0,0,0.0,1,1,1
U101194,2026-02-08,2026-02,treatment,1,1,1,0,0.0,0,0,0
U101195,2026-06-18,2026-06,treatment,1,0,0,0,0.0,0,0,0
U101196,2026-06-27,2026-06,treatment,1,0,0,0,0.0,0,0,0
U101197,2026-06-27,2026-06,treatment,1,0,0,0,0.0,0,0,0
U101198,2026-06-05,2026-06,control,1,1,1,1,52.79,0,0,0
U101199,2026-03-06,2026-03,control,1,1,0,0,0.0,1,1,1
U101200,2026-06-06,2026-06,control,1,0,0,0,0.0,0,0,0
U101201,2026-01-29,2026-01,treatment,1,0,0,0,0.0,1,1,1
U101202,2026-01-27,2026-01,treatment,1,0,0,0,0.0,0,0,0
U101203,2026-04-13,2026-04,treatment,1,0,0,0,0.0,1,1,1
U101204,2026-05-06,2026-05,treatment,1,0,0,0,0.0,0,0,0
U101205,2026-06-07,2026-06,treatment,1,0,0,0,0.0,0,0,0
U101206,2026-05-29,2026-05,treatment,1,0,0,0,0.0,0,0,0
U101207,2026-05-01,2026-05,treatment,1,0,0,0,0.0,1,1,1
U101208,2026-04-05,2026-04,control,1,1,0,0,0.0,0,0,0
U101209,2026-06-29,2026-06,treatment,1,1,1,1,15.82,1,1,1
U101210,2026-04-28,2026-04,treatment,1,0,0,0,0.0,1,1,1
U101211,2026-05-01,2026-05,control,1,0,0,0,0.0,0,0,0
U101212,2026-03-14,2026-03,control,1,0,0,0,0.0,0,0,0
U101213,2026-06-10,2026-06,treatment,1,1,0,0,0.0,0,0,0
U101214,2026-05-30,2026-05,control,1,0,0,0,0.0,0,0,0
U101215,2026-03-26,2026-03,control,1,0,0,0,0.0,0,0,0
U101216,2026-02-21,2026-02,control,1,1,1,0,0.0,0,0,0
U101217,2026-05-29,2026-05,treatment,1,1,1,0,0.0,1,1,1
U101218,2026-05-26,2026-05,treatment,1,0,0,0,0.0,1,1,1
U101219,2026-04-05,2026-04,control,1,0,0,0,0.0,0,0,0
U101220,2026-06-25,2026-06,control,1,1,1,1,64.35,0,0,0
U101221,2026-03-11,2026-03,treatment,1,1,1,1,173.06,0,0,0
U101222,2026-04-29,2026-04,treatment,1,0,0,0,0.0,0,0,0
U101223,2026-06-24,2026-06,treatment,1,1,0,0,0.0,1,1,1
U101224,2026-04-27,2026-04,control,1,0,0,0,0.0,0,0,0
U101225,2026-05-24,2026-05,control,1,1,0,0,0.0,0,0,0
U101226,2026-04-24,2026-04,control,1,0,0,0,0.0,1,1,1
U101227,2026-04-05,2026-04,treatment,1,1,0,0,0.0,0,0,0
U101228,2026-06-28,2026-06,control,1,1,1,1,41.82,0,0,0
U101229,2026-04-26,2026-04,control,1,0,0,0,0.0,0,0,0
U101230,2026-06-20,2026-06,control,1,1,0,0,0.0,0,0,0
U101231,2026-03-28,2026-03,control,1,0,0,0,0.0,1,1,1
U101232,2026-03-25,2026-03,treatment,1,0,0,0,0.0,1,1,1
U101233,2026-02-01,2026-02,control,1,0,0,0,0.0,1,1,1
U101234,2026-05-26,2026-05,treatment,1,1,0,0,0.0,1,1,1
U101235,2026-04-20,2026-04,treatment,1,0,0,0,0.0,0,0,0
U101236,2026-06-17,2026-06,control,1,1,1,0,0.0,0,0,0
U101237,2026-05-04,2026-05,treatment,1,1,0,0,0.0,0,0,0
U101238,2026-06-27,2026-06,treatment,1,0,0,0,0.0,0,0,0
U101239,2026-03-19,2026-03,treatment,1,0,0,0,0.0,0,0,0
U101240,2026-06-17,2026-06,control,1,1,0,0,0.0,0,0,0
U101241,2026-06-08,2026-06,control,1,1,1,0,0.0,0,0,0
U101242,2026-06-08,2026-06,control,1,0,0,0,0.0,0,0,0
U101243,2026-06-15,2026-06,treatment,1,0,0,0,0.0,1,1,1
U101244,2026-06-07,2026-06,treatment,1,0,0,0,0.0,0,0,0
U101245,2026-05-23,2026-05,treatment,1,0,0,0,0.0,1,1,1
U101246,2026-03-07,2026-03,control,1,0,0,0,0.0,1,1,1
U101247,2026-02-02,2026-02,control,1,0,0,0,0.0,1,1,1
U101248,2026-06-22,2026-06,treatment,1,0,0,0,0.0,1,1,1
U101249,2026-05-22,2026-05,control,1,0,0,0,0.0,0,0,0
U101250,2026-06-10,2026-06,treatment,1,1,1,1,41.73,0,0,0
U101251,2026-05-05,2026-05,control,1,1,0,0,0.0,0,0,0
U101252,2026-03-03,2026-03,control,1,0,0,0,0.0,1,1,1
U101253,2026-03-05,2026-03,control,1,1,0,0,0.0,0,0,0
U101254,2026-05-30,2026-05,control,1,0,0,0,0.0,0,0,0
U101255,2026-04-29,2026-04,control,1,1,0,0,0.0,0,0,0
U101256,2026-03-22,2026-03,control,1,1,1,1,28.59,0,0,0
U101257,2026-05-07,2026-05,control,1,1,0,0,0.0,0,0,0
U101258,2026-02-15,2026-02,control,1,0,0,0,0.0,1,1,1
U101259,2026-05-18,2026-05,control,1,0,0,0,0.0,1,1,1
U101260,2026-04-04,2026-04,treatment,1,0,0,0,0.0,1,1,1
U101261,2026-06-10,2026-06,control,1,0,0,0,0.0,0,0,0
U101262,2026-04-11,2026-04,treatment,1,0,0,0,0.0,1,1,1
U101263,2026-05-02,2026-05,treatment,1,1,1,1,57.02,0,0,0
U101264,2026-01-20,2026-01,treatment,1,1,1,1,90.44,0,0,0
U101265,2026-02-18,2026-02,treatment,1,0,0,0,0.0,1,1,1
U101266,2026-04-23,2026-04,control,1,0,0,0,0.0,1,1,1
U101267,2026-05-05,2026-05,treatment,1,0,0,0,0.0,1,1,1
U101268,2026-05-20,2026-05,treatment,1,0,0,0,0.0,0,0,0
U101269,2026-04-08,2026-04,treatment,1,1,1,0,0.0,0,0,0
U101270,2026-05-31,2026-05,control,1,0,0,0,0.0,0,0,0
U101271,2026-06-16,2026-06,control,1,0,0,0,0.0,1,1,1
U101272,2026-06-08,2026-06,control,1,0,0,0,0.0,0,0,0
U101273,2026-02-05,2026-02,treatment,1,1,0,0,0.0,0,0,0
U101274,2026-05-05,2026-05,treatment,1,0,0,0,0.0,0,0,0
U101275,2026-02-28,2026-02,control,1,1,1,1,50.68,0,0,0
U101276,2026-03-30,2026-03,treatment,1,0,0,0,0.0,0,0,0
U101277,2026-06-28,2026-06,treatment,1,1,1,1,207.11,1,1,1
U101278,2026-03-09,2026-03,control,1,0,0,0,0.0,0,0,0
U101279,2026-05-08,2026-05,treatment,1,0,0,0,0.0,1,1,1
U101280,2026-05-22,2026-05,treatment,1,0,0,0,0.0,0,0,0
U101281,2026-05-31,2026-05,control,1,0,0,0,0.0,1,1,1
U101282,2026-05-15,2026-05,treatment,1,0,0,0,0.0,0,0,0
U101283,2026-01-18,2026-01,control,1,0,0,0,0.0,1,1,1
U101284,2026-04-13,2026-04,treatment,1,0,0,0,0.0,0,0,0
U101285,2026-05-10,2026-05,treatment,1,0,0,0,0.0,1,1,1
U101286,2026-02-23,2026-02,treatment,1,1,0,0,0.0,0,0,0
U101287,2026-04-17,2026-04,control,1,1,0,0,0.0,0,0,0
U101288,2026-02-02,2026-02,control,1,0,0,0,0.0,0,0,0
U101289,2026-02-20,2026-02,control,1,0,0,0,0.0,1,1,1
U101290,2026-04-24,2026-04,treatment,1,0,0,0,0.0,0,0,0
U101291,2026-03-07,2026-03,control,1,0,0,0,0.0,0,0,0
U101292,2026-05-16,2026-05,treatment,1,1,1,1,60.44,0,0,0
U101293,2026-05-30,2026-05,control,1,1,0,0,0.0,0,0,0
U101294,2026-06-11,2026-06,control,1,0,0,0,0.0,0,0,0
U101295,2026-03-22,2026-03,control,1,0,0,0,0.0,0,0,0
U101296,2026-03-15,2026-03,treatment,1,1,0,0,0.0,0,0,0
U101297,2026-02-28,2026-02,treatment,1,0,0,0,0.0,0,0,0
U101298,2026-05-24,2026-05,control,1,0,0,0,0.0,0,0,0
U101299,2026-06-01,2026-06,control,1,1,1,0,0.0,1,1,1
U101300,2026-02-01,2026-02,treatment,1,0,0,0,0.0,0,0,0
U101301,2026-06-24,2026-06,control,1,0,0,0,0.0,0,0,0
U101302,2026-02-11,2026-02,treatment,1,1,1,1,28.77,1,1,1
U101303,2026-05-13,2026-05,treatment,1,0,0,0,0.0,1,1,1
U101304,2026-06-01,2026-06,treatment,1,1,1,0,0.0,0,0,0
U101305,2026-06-17,2026-06,treatment,1,0,0,0,0.0,0,0,0
U101306,2026-06-02,2026-06,treatment,1,1,1,1,53.59,1,1,1
U101307,2026-06-11,2026-06,treatment,1,1,1,0,0.0,0,0,0
U101308,2026-04-15,2026-04,treatment,1,0,0,0,0.0,1,1,1
U101309,2026-06-12,2026-06,treatment,1,1,0,0,0.0,1,1,1
U101310,2026-02-20,2026-02,control,1,1,0,0,0.0,0,0,0
U101311,2026-06-20,2026-06,control,1,0,0,0,0.0,0,0,0
U101312,2026-05-14,2026-05,control,1,1,1,0,0.0,0,0,0
U101313,2026-06-12,2026-06,treatment,1,1,0,0,0.0,1,1,1
U101314,2026-05-02,2026-05,treatment,1,0,0,0,0.0,1,1,1
U101315,2026-05-25,2026-05,control,1,0,0,0,0.0,0,0,0
U101316,2026-05-11,2026-05,control,1,0,0,0,0.0,1,1,1
U101317,2026-06-03,2026-06,control,1,0,0,0,0.0,1,1,1
U101318,2026-02-21,2026-02,treatment,1,0,0,0,0.0,0,0,0
U101319,2026-02-14,2026-02,treatment,1,0,0,0,0.0,0,0,0
U101320,2026-03-31,2026-03,treatment,1,0,0,0,0.0,0,0,0
U101321,2026-03-13,2026-03,control,1,0,0,0,0.0,0,0,0
U101322,2026-06-18,2026-06,treatment,1,0,0,0,0.0,1,1,1
U101323,2026-03-26,2026-03,control,1,0,0,0,0.0,0,0,0
U101324,2026-06-27,2026-06,treatment,1,0,0,0,0.0,0,0,0
U101325,2026-04-15,2026-04,control,1,1,0,0,0.0,0,0,0
U101326,2026-03-18,2026-03,control,1,0,0,0,0.0,0,0,0
U101327,2026-06-09,2026-06,control,1,0,0,0,0.0,0,0,0
U101328,2026-05-27,2026-05,control,1,0,0,0,0.0,0,0,0
U101329,2026-05-08,2026-05,treatment,1,0,0,0,0.0,0,0,0
U101330,2026-05-15,2026-05,control,1,0,0,0,0.0,1,1,1
U101331,2026-06-02,2026-06,control,1,1,1,1,52.41,0,0,0
U101332,2026-03-28,2026-03,treatment,1,0,0,0,0.0,0,0,0
U101333,2026-06-29,2026-06,treatment,1,1,1,1,81.75,1,1,1
U101334,2026-06-27,2026-06,control,1,0,0,0,0.0,0,0,0
U101335,2026-05-26,2026-05,treatment,1,0,0,0,0.0,0,0,0
U101336,2026-03-22,2026-03,treatment,1,1,1,1,56.98,0,0,0
U101337,2026-05-29,2026-05,control,1,1,1,0,0.0,0,0,0
U101338,2026-02-18,2026-02,control,1,1,0,0,0.0,0,0,0
U101339,2026-02-01,2026-02,control,1,1,1,1,34.16,0,0,0
U101340,2026-04-02,2026-04,treatment,1,0,0,0,0.0,1,1,1
U101341,2026-05-03,2026-05,control,1,1,0,0,0.0,0,0,0
U101342,2026-06-17,2026-06,control,1,0,0,0,0.0,0,0,0
U101343,2026-06-03,2026-06,treatment,1,1,0,0,0.0,1,1,1
U101344,2026-06-05,2026-06,treatment,1,0,0,0,0.0,1,1,1
U101345,2026-04-28,2026-04,control,1,0,0,0,0.0,0,0,0
U101346,2026-04-16,2026-04,treatment,1,1,0,0,0.0,0,0,0
U101347,2026-04-20,2026-04,control,1,0,0,0,0.0,0,0,0
U101348,2026-06-28,2026-06,control,1,0,0,0,0.0,0,0,0
U101349,2026-02-06,2026-02,treatment,1,0,0,0,0.0,1,1,1
U101350,2026-06-17,2026-06,treatment,1,1,1,1,59.99,0,0,0
U101351,2026-05-17,2026-05,control,1,1,1,1,75.92,0,0,0
U101352,2026-04-30,2026-04,treatment,1,1,0,0,0.0,1,1,1
U101353,2026-06-03,2026-06,treatment,1,1,0,0,0.0,0,0,0
U101354,2026-05-06,2026-05,control,1,0,0,0,0.0,1,1,1
U101355,2026-06-18,2026-06,treatment,1,0,0,0,0.0,0,0,0
U101356,2026-06-20,2026-06,control,1,0,0,0,0.0,0,0,0
U101357,2026-04-27,2026-04,treatment,1,0,0,0,0.0,0,0,0
U101358,2026-04-05,2026-04,treatment,1,0,0,0,0.0,0,0,0
U101359,2026-05-19,2026-05,control,1,0,0,0,0.0,0,0,0
U101360,2026-06-21,2026-06,control,1,0,0,0,0.0,1,1,1
U101361,2026-03-24,2026-03,control,1,1,1,1,19.44,0,0,0
U101362,2026-05-23,2026-05,control,1,0,0,0,0.0,0,0,0
U101363,2026-05-24,2026-05,control,1,1,1,0,0.0,0,0,0
U101364,2026-06-04,2026-06,control,1,1,0,0,0.0,1,1,1
U101365,2026-03-07,2026-03,treatment,1,1,1,0,0.0,0,0,0
U101366,2026-06-02,2026-06,control,1,1,0,0,0.0,1,1,1
U101367,2026-06-21,2026-06,treatment,1,0,0,0,0.0,0,0,0
U101368,2026-03-18,2026-03,treatment,1,1,1,1,65.86,1,1,1
U101369,2026-03-29,2026-03,control,1,1,0,0,0.0,0,0,0
U101370,2026-06-27,2026-06,treatment,1,0,0,0,0.0,0,0,0
U101371,2026-03-18,2026-03,control,1,1,1,0,0.0,0,0,0
U101372,2026-06-16,2026-06,control,1,0,0,0,0.0,0,0,0
U101373,2026-05-07,2026-05,treatment,1,1,0,0,0.0,0,0,0
U101374,2026-03-31,2026-03,control,1,0,0,0,0.0,1,1,1
U101375,2026-06-17,2026-06,treatment,1,1,0,0,0.0,1,1,1
U101376,2026-05-01,2026-05,treatment,1,1,1,0,0.0,1,1,1
U101377,2026-05-10,2026-05,treatment,1,1,1,0,0.0,0,0,0
U101378,2026-04-18,2026-04,treatment,1,1,1,1,47.46,0,0,0
U101379,2026-05-19,2026-05,treatment,1,0,0,0,0.0,0,0,0
U101380,2026-03-14,2026-03,control,1,0,0,0,0.0,0,0,0
U101381,2026-04-23,2026-04,control,1,1,1,0,0.0,1,1,1
U101382,2026-06-27,2026-06,treatment,1,0,0,0,0.0,1,1,1
U101383,2026-04-02,2026-04,control,1,0,0,0,0.0,0,0,0
U101384,2026-05-26,2026-05,control,1,0,0,0,0.0,0,0,0
U101385,2026-04-13,2026-04,control,1,0,0,0,0.0,0,0,0
U101386,2026-06-08,2026-06,treatment,1,1,1,1,44.98,1,1,1
U101387,2026-03-07,2026-03,control,1,0,0,0,0.0,0,0,0
U101388,2026-06-27,2026-06,treatment,1,1,1,0,0.0,0,0,0
U101389,2026-05-02,2026-05,control,1,1,1,0,0.0,0,0,0
U101390,2026-03-29,2026-03,control,1,0,0,0,0.0,0,0,0
U101391,2026-02-18,2026-02,control,1,0,0,0,0.0,0,0,0
U101392,2026-03-16,2026-03,control,1,0,0,0,0.0,0,0,0
U101393,2026-05-10,2026-05,treatment,1,1,1,0,0.0,0,0,0
U101394,2026-04-15,2026-04,control,1,0,0,0,0.0,1,1,1
U101395,2026-06-13,2026-06,control,1,0,0,0,0.0,0,0,0
U101396,2026-04-29,2026-04,treatment,1,1,1,1,61.01,1,1,1
U101397,2026-03-31,2026-03,control,1,0,0,0,0.0,0,0,0
U101398,2026-05-22,2026-05,control,1,1,1,0,0.0,1,1,1
U101399,2026-06-01,2026-06,control,1,1,0,0,0.0,0,0,0
U101400,2026-03-15,2026-03,treatment,1,0,0,0,0.0,0,0,0
U101401,2026-03-15,2026-03,treatment,1,1,1,1,105.11,1,1,1
U101402,2026-02-04,2026-02,control,1,0,0,0,0.0,1,1,1
U101403,2026-06-04,2026-06,control,1,1,0,0,0.0,0,0,0
U101404,2026-05-27,2026-05,control,1,1,1,0,0.0,0,0,0
U101405,2026-05-05,2026-05,control,1,0,0,0,0.0,0,0,0
U101406,2026-06-15,2026-06,treatment,1,0,0,0,0.0,1,1,1
U101407,2026-06-11,2026-06,treatment,1,1,0,0,0.0,0,0,0
U101408,2026-05-18,2026-05,control,1,0,0,0,0.0,0,0,0
U101409,2026-06-17,2026-06,treatment,1,1,1,1,47.09,0,0,0
U101410,2026-03-23,2026-03,control,1,0,0,0,0.0,1,1,1
U101411,2026-03-02,2026-03,control,1,0,0,0,0.0,1,1,1
U101412,2026-04-04,2026-04,control,1,1,0,0,0.0,0,0,0
U101413,2026-02-13,2026-02,control,1,0,0,0,0.0,0,0,0
U101414,2026-05-12,2026-05,treatment,1,1,1,1,28.51,0,0,0
U101415,2026-06-24,2026-06,control,1,0,0,0,0.0,0,0,0
U101416,2026-02-05,2026-02,control,1,0,0,0,0.0,0,0,0
U101417,2026-03-04,2026-03,treatment,1,1,0,0,0.0,0,0,0
U101418,2026-05-02,2026-05,treatment,1,0,0,0,0.0,0,0,0
U101419,2026-06-23,2026-06,treatment,1,1,1,1,70.21,1,1,1
U101420,2026-04-12,2026-04,treatment,1,1,1,1,42.48,1,1,1
U101421,2026-05-09,2026-05,control,1,1,0,0,0.0,0,0,0
U101422,2026-02-06,2026-02,treatment,1,1,1,1,84.99,0,0,0
U101423,2026-03-11,2026-03,treatment,1,0,0,0,0.0,1,1,1
U101424,2026-06-28,2026-06,treatment,1,1,1,0,0.0,1,1,1
U101425,2026-06-26,2026-06,treatment,1,0,0,0,0.0,0,0,0
U101426,2026-01-13,2026-01,control,1,0,0,0,0.0,0,0,0
U101427,2026-06-25,2026-06,treatment,1,0,0,0,0.0,0,0,0
U101428,2026-05-24,2026-05,control,1,0,0,0,0.0,0,0,0
U101429,2026-06-17,2026-06,control,1,1,0,0,0.0,1,1,1
U101430,2026-05-02,2026-05,control,1,0,0,0,0.0,1,1,1
U101431,2026-05-10,2026-05,treatment,1,0,0,0,0.0,1,1,1
U101432,2026-05-06,2026-05,control,1,0,0,0,0.0,1,1,1
U101433,2026-05-27,2026-05,treatment,1,0,0,0,0.0,0,0,0
U101434,2026-03-09,2026-03,control,1,1,1,0,0.0,0,0,0
U101435,2026-02-01,2026-02,treatment,1,0,0,0,0.0,0,0,0
U101436,2026-04-10,2026-04,control,1,0,0,0,0.0,1,1,1
U101437,2026-06-01,2026-06,treatment,1,0,0,0,0.0,0,0,0
U101438,2026-03-22,2026-03,treatment,1,0,0,0,0.0,0,0,0
U101439,2026-05-28,2026-05,control,1,0,0,0,0.0,0,0,0
U101440,2026-06-27,2026-06,control,1,0,0,0,0.0,1,1,1
U101441,2026-02-25,2026-02,treatment,1,0,0,0,0.0,0,0,0
U101442,2026-05-28,2026-05,treatment,1,0,0,0,0.0,0,0,0
U101443,2026-04-30,2026-04,treatment,1,0,0,0,0.0,1,1,1
U101444,2026-06-17,2026-06,control,1,1,1,1,93.73,0,0,0
U101445,2026-03-17,2026-03,treatment,1,0,0,0,0.0,0,0,0
U101446,2026-05-30,2026-05,control,1,1,0,0,0.0,0,0,0
U101447,2026-06-14,2026-06,treatment,1,1,1,0,0.0,1,1,1
U101448,2026-06-24,2026-06,treatment,1,0,0,0,0.0,0,0,0
U101449,2026-05-29,2026-05,control,1,1,1,0,0.0,1,1,1
U101450,2026-05-07,2026-05,treatment,1,1,0,0,0.0,0,0,0
U101451,2026-05-22,2026-05,treatment,1,1,0,0,0.0,1,1,1
U101452,2026-06-17,2026-06,treatment,1,0,0,0,0.0,1,1,1
U101453,2026-05-16,2026-05,control,1,0,0,0,0.0,1,1,1
U101454,2026-02-01,2026-02,control,1,0,0,0,0.0,0,0,0
U101455,2026-06-23,2026-06,treatment,1,0,0,0,0.0,0,0,0
U101456,2026-05-30,2026-05,control,1,1,1,1,50.24,0,0,0
U101457,2026-05-29,2026-05,control,1,1,1,1,34.6,0,0,0
U101458,2026-03-25,2026-03,treatment,1,0,0,0,0.0,1,1,1
U101459,2026-05-27,2026-05,control,1,1,0,0,0.0,0,0,0
U101460,2026-04-23,2026-04,treatment,1,1,1,0,0.0,1,1,1
U101461,2026-05-26,2026-05,control,1,0,0,0,0.0,1,1,1
U101462,2026-02-28,2026-02,control,1,0,0,0,0.0,1,1,1
U101463,2026-05-26,2026-05,treatment,1,0,0,0,0.0,1,1,1
U101464,2026-06-29,2026-06,treatment,1,1,1,1,23.9,0,0,0
U101465,2026-02-09,2026-02,treatment,1,1,1,1,35.37,0,0,0
U101466,2026-06-27,2026-06,treatment,1,0,0,0,0.0,0,0,0
U101467,2026-04-25,2026-04,treatment,1,0,0,0,0.0,0,0,0
U101468,2026-06-17,2026-06,control,1,1,0,0,0.0,0,0,0
U101469,2026-06-09,2026-06,control,1,1,1,0,0.0,0,0,0
U101470,2026-05-16,2026-05,control,1,0,0,0,0.0,0,0,0
U101471,2026-06-04,2026-06,treatment,1,0,0,0,0.0,1,1,1
U101472,2026-06-18,2026-06,control,1,1,0,0,0.0,1,1,1
U101473,2026-04-25,2026-04,control,1,0,0,0,0.0,0,0,0
U101474,2026-04-13,2026-04,control,1,0,0,0,0.0,1,1,1
U101475,2026-05-28,2026-05,control,1,1,0,0,0.0,0,0,0
U101476,2026-06-11,2026-06,control,1,0,0,0,0.0,0,0,0
U101477,2026-06-07,2026-06,treatment,1,1,1,1,45.69,0,0,0
U101478,2026-06-10,2026-06,control,1,0,0,0,0.0,1,1,1
U101479,2026-04-29,2026-04,treatment,1,0,0,0,0.0,0,0,0
U101480,2026-06-12,2026-06,treatment,1,0,0,0,0.0,1,1,1
U101481,2026-03-04,2026-03,control,1,0,0,0,0.0,1,1,1
U101482,2026-05-13,2026-05,treatment,1,0,0,0,0.0,0,0,0
U101483,2026-01-14,2026-01,control,1,1,0,0,0.0,0,0,0
U101484,2026-04-13,2026-04,treatment,1,0,0,0,0.0,0,0,0
U101485,2026-04-19,2026-04,treatment,1,1,1,1,119.96,0,0,0
U101486,2026-04-24,2026-04,treatment,1,0,0,0,0.0,0,0,0
U101487,2026-05-31,2026-05,treatment,1,0,0,0,0.0,0,0,0
U101488,2026-04-23,2026-04,control,1,0,0,0,0.0,0,0,0
U101489,2026-05-01,2026-05,control,1,1,0,0,0.0,1,1,1
U101490,2026-03-29,2026-03,treatment,1,0,0,0,0.0,0,0,0
U101491,2026-04-20,2026-04,control,1,0,0,0,0.0,1,1,1
U101492,2026-03-27,2026-03,control,1,1,0,0,0.0,1,1,1
U101493,2026-02-18,2026-02,control,1,0,0,0,0.0,0,0,0
U101494,2026-05-20,2026-05,treatment,1,0,0,0,0.0,0,0,0
U101495,2026-05-28,2026-05,control,1,0,0,0,0.0,1,1,1
U101496,2026-05-22,2026-05,treatment,1,1,1,0,0.0,0,0,0
U101497,2026-05-03,2026-05,control,1,0,0,0,0.0,0,0,0
U101498,2026-04-21,2026-04,control,1,1,1,0,0.0,1,1,1
U101499,2026-06-17,2026-06,treatment,1,1,0,0,0.0,0,0,0
U101500,2026-05-10,2026-05,control,1,1,1,0,0.0,1,1,1
U101501,2026-05-05,2026-05,treatment,1,0,0,0,0.0,0,0,0
U101502,2026-01-29,2026-01,control,1,1,1,0,0.0,0,0,0
U101503,2026-04-16,2026-04,control,1,0,0,0,0.0,0,0,0
U101504,2026-04-21,2026-04,control,1,0,0,0,0.0,1,1,1
U101505,2026-04-24,2026-04,treatment,1,0,0,0,0.0,0,0,0
U101506,2026-05-18,2026-05,treatment,1,1,0,0,0.0,1,1,1
U101507,2026-05-12,2026-05,treatment,1,0,0,0,0.0,0,0,0
U101508,2026-05-21,2026-05,control,1,0,0,0,0.0,1,1,1
U101509,2026-06-07,2026-06,treatment,1,1,1,0,0.0,0,0,0
U101510,2026-06-12,2026-06,control,1,0,0,0,0.0,0,0,0
U101511,2026-06-02,2026-06,treatment,1,0,0,0,0.0,0,0,0
U101512,2026-06-25,2026-06,treatment,1,1,0,0,0.0,1,1,1
U101513,2026-01-25,2026-01,treatment,1,1,0,0,0.0,1,1,1
U101514,2026-03-21,2026-03,control,1,0,0,0,0.0,1,1,1
U101515,2026-01-16,2026-01,treatment,1,0,0,0,0.0,0,0,0
U101516,2026-05-25,2026-05,control,1,1,1,1,73.44,1,1,1
U101517,2026-06-20,2026-06,treatment,1,1,1,0,0.0,0,0,0
U101518,2026-03-30,2026-03,control,1,0,0,0,0.0,0,0,0
U101519,2026-06-23,2026-06,control,1,1,0,0,0.0,0,0,0
U101520,2026-02-14,2026-02,control,1,0,0,0,0.0,0,0,0
U101521,2026-06-23,2026-06,control,1,0,0,0,0.0,1,1,1
U101522,2026-04-17,2026-04,control,1,0,0,0,0.0,0,0,0
U101523,2026-02-27,2026-02,treatment,1,0,0,0,0.0,1,1,1
U101524,2026-05-06,2026-05,treatment,1,1,1,1,83.58,1,1,1
U101525,2026-04-02,2026-04,treatment,1,0,0,0,0.0,1,1,1
U101526,2026-04-07,2026-04,treatment,1,0,0,0,0.0,1,1,1
U101527,2026-04-10,2026-04,control,1,1,1,0,0.0,0,0,0
U101528,2026-06-11,2026-06,treatment,1,0,0,0,0.0,0,0,0
U101529,2026-05-13,2026-05,control,1,1,1,1,150.76,1,1,1
U101530,2026-04-11,2026-04,treatment,1,0,0,0,0.0,0,0,0
U101531,2026-05-21,2026-05,control,1,1,1,1,111.66,0,0,0
U101532,2026-06-02,2026-06,control,1,0,0,0,0.0,0,0,0
U101533,2026-04-04,2026-04,control,1,0,0,0,0.0,0,0,0
U101534,2026-04-26,2026-04,control,1,0,0,0,0.0,0,0,0
U101535,2026-03-04,2026-03,control,1,1,1,1,90.58,0,0,0
U101536,2026-03-18,2026-03,control,1,1,0,0,0.0,0,0,0
U101537,2026-05-29,2026-05,treatment,1,1,0,0,0.0,1,1,1
U101538,2026-03-18,2026-03,treatment,1,0,0,0,0.0,1,1,1
U101539,2026-05-11,2026-05,control,1,0,0,0,0.0,1,1,1
U101540,2026-06-01,2026-06,control,1,1,0,0,0.0,0,0,0
U101541,2026-02-28,2026-02,treatment,1,1,1,1,65.4,0,0,0
U101542,2026-05-16,2026-05,control,1,1,1,1,63.21,0,0,0
U101543,2026-04-02,2026-04,treatment,1,1,1,1,32.38,0,0,0
U101544,2026-06-26,2026-06,control,1,0,0,0,0.0,1,1,1
U101545,2026-05-06,2026-05,treatment,1,0,0,0,0.0,1,1,1
U101546,2026-06-11,2026-06,treatment,1,0,0,0,0.0,1,1,1
U101547,2026-05-14,2026-05,treatment,1,1,1,1,46.48,0,0,0
U101548,2026-02-07,2026-02,treatment,1,1,0,0,0.0,1,1,1
U101549,2026-05-24,2026-05,control,1,0,0,0,0.0,0,0,0
U101550,2026-06-25,2026-06,control,1,0,0,0,0.0,0,0,0
U101551,2026-05-20,2026-05,treatment,1,0,0,0,0.0,1,1,1
U101552,2026-06-12,2026-06,treatment,1,1,0,0,0.0,0,0,0
U101553,2026-06-19,2026-06,control,1,1,0,0,0.0,0,0,0
U101554,2026-03-27,2026-03,treatment,1,0,0,0,0.0,0,0,0
U101555,2026-03-24,2026-03,control,1,1,1,0,0.0,0,0,0
U101556,2026-05-21,2026-05,control,1,0,0,0,0.0,0,0,0
U101557,2026-04-26,2026-04,treatment,1,0,0,0,0.0,0,0,0
U101558,2026-06-14,2026-06,control,1,1,1,0,0.0,0,0,0
U101559,2026-06-20,2026-06,treatment,1,1,1,0,0.0,1,1,1
U101560,2026-04-18,2026-04,control,1,1,1,0,0.0,1,1,1
U101561,2026-03-29,2026-03,control,1,0,0,0,0.0,0,0,0
U101562,2026-06-09,2026-06,treatment,1,0,0,0,0.0,0,0,0
U101563,2026-04-05,2026-04,treatment,1,0,0,0,0.0,0,0,0
U101564,2026-06-13,2026-06,control,1,0,0,0,0.0,0,0,0
U101565,2026-04-28,2026-04,control,1,0,0,0,0.0,0,0,0
U101566,2026-05-28,2026-05,control,1,0,0,0,0.0,0,0,0
U101567,2026-02-25,2026-02,control,1,0,0,0,0.0,0,0,0
U101568,2026-05-23,2026-05,treatment,1,0,0,0,0.0,0,0,0
U101569,2026-05-01,2026-05,treatment,1,1,0,0,0.0,0,0,0
U101570,2026-05-18,2026-05,control,1,1,0,0,0.0,0,0,0
U101571,2026-03-15,2026-03,control,1,1,0,0,0.0,0,0,0
U101572,2026-06-04,2026-06,treatment,1,0,0,0,0.0,1,1,1
U101573,2026-06-17,2026-06,treatment,1,0,0,0,0.0,0,0,0
U101574,2026-03-25,2026-03,treatment,1,0,0,0,0.0,0,0,0
U101575,2026-02-25,2026-02,treatment,1,0,0,0,0.0,0,0,0
U101576,2026-01-28,2026-01,control,1,0,0,0,0.0,0,0,0
U101577,2026-05-25,2026-05,control,1,0,0,0,0.0,1,1,1
U101578,2026-05-21,2026-05,treatment,1,1,1,1,31.4,1,1,1
U101579,2026-05-14,2026-05,treatment,1,1,1,1,37.99,0,0,0
U101580,2026-03-28,2026-03,control,1,0,0,0,0.0,0,0,0
U101581,2026-04-23,2026-04,control,1,1,0,0,0.0,1,1,1
U101582,2026-05-19,2026-05,control,1,0,0,0,0.0,0,0,0
U101583,2026-05-07,2026-05,treatment,1,1,0,0,0.0,0,0,0
U101584,2026-06-28,2026-06,control,1,1,1,0,0.0,0,0,0
U101585,2026-03-08,2026-03,control,1,1,1,1,24.22,0,0,0
U101586,2026-05-31,2026-05,treatment,1,0,0,0,0.0,0,0,0
U101587,2026-04-25,2026-04,control,1,0,0,0,0.0,0,0,0
U101588,2026-04-28,2026-04,control,1,0,0,0,0.0,1,1,1
U101589,2026-06-02,2026-06,control,1,0,0,0,0.0,0,0,0
U101590,2026-05-30,2026-05,control,1,1,1,0,0.0,1,1,1
U101591,2026-06-29,2026-06,control,1,1,0,0,0.0,0,0,0
U101592,2026-03-06,2026-03,treatment,1,1,1,0,0.0,1,1,1
U101593,2026-02-28,2026-02,treatment,1,0,0,0,0.0,0,0,0
U101594,2026-06-03,2026-06,control,1,1,0,0,0.0,0,0,0
U101595,2026-05-17,2026-05,control,1,0,0,0,0.0,0,0,0
U101596,2026-04-05,2026-04,treatment,1,0,0,0,0.0,0,0,0
U101597,2026-02-20,2026-02,control,1,1,1,0,0.0,1,1,1
U101598,2026-02-22,2026-02,control,1,0,0,0,0.0,0,0,0
U101599,2026-06-20,2026-06,treatment,1,0,0,0,0.0,1,1,1
U101600,2026-03-20,2026-03,control,1,0,0,0,0.0,1,1,1
U101601,2026-04-13,2026-04,control,1,1,0,0,0.0,0,0,0
U101602,2026-03-27,2026-03,control,1,1,0,0,0.0,0,0,0
U101603,2026-04-18,2026-04,control,1,0,0,0,0.0,0,0,0
U101604,2026-02-17,2026-02,control,1,1,1,0,0.0,0,0,0
U101605,2026-05-10,2026-05,control,1,1,0,0,0.0,0,0,0
U101606,2026-02-16,2026-02,control,1,1,0,0,0.0,0,0,0
U101607,2026-06-11,2026-06,treatment,1,1,1,1,26.98,0,0,0
U101608,2026-03-29,2026-03,control,1,1,1,1,57.39,0,0,0
U101609,2026-05-13,2026-05,control,1,1,0,0,0.0,1,1,1
U101610,2026-06-18,2026-06,treatment,1,0,0,0,0.0,0,0,0
U101611,2026-05-26,2026-05,treatment,1,0,0,0,0.0,1,1,1
U101612,2026-05-12,2026-05,control,1,0,0,0,0.0,0,0,0
U101613,2026-04-13,2026-04,control,1,0,0,0,0.0,0,0,0
U101614,2026-04-14,2026-04,control,1,0,0,0,0.0,0,0,0
U101615,2026-05-28,2026-05,treatment,1,0,0,0,0.0,0,0,0
U101616,2026-06-29,2026-06,control,1,0,0,0,0.0,0,0,0
U101617,2026-05-27,2026-05,control,1,0,0,0,0.0,0,0,0
U101618,2026-05-15,2026-05,control,1,0,0,0,0.0,0,0,0
U101619,2026-06-03,2026-06,control,1,1,0,0,0.0,0,0,0
U101620,2026-05-03,2026-05,control,1,1,0,0,0.0,0,0,0
U101621,2026-02-14,2026-02,control,1,0,0,0,0.0,0,0,0
U101622,2026-05-15,2026-05,treatment,1,0,0,0,0.0,1,1,1
U101623,2026-06-26,2026-06,treatment,1,0,0,0,0.0,0,0,0
U101624,2026-03-17,2026-03,control,1,0,0,0,0.0,1,1,1
U101625,2026-05-30,2026-05,control,1,0,0,0,0.0,0,0,0
U101626,2026-03-22,2026-03,control,1,1,1,1,114.75,1,1,1
U101627,2026-05-12,2026-05,control,1,0,0,0,0.0,0,0,0
U101628,2026-02-25,2026-02,treatment,1,1,1,0,0.0,0,0,0
U101629,2026-05-01,2026-05,treatment,1,1,1,0,0.0,0,0,0
U101630,2026-06-06,2026-06,control,1,0,0,0,0.0,0,0,0
U101631,2026-04-17,2026-04,control,1,0,0,0,0.0,1,1,1
U101632,2026-05-27,2026-05,control,1,0,0,0,0.0,0,0,0
U101633,2026-06-10,2026-06,treatment,1,0,0,0,0.0,1,1,1
U101634,2026-06-23,2026-06,treatment,1,0,0,0,0.0,0,0,0
U101635,2026-03-29,2026-03,treatment,1,1,0,0,0.0,1,1,1
U101636,2026-04-24,2026-04,treatment,1,1,1,0,0.0,0,0,0
U101637,2026-03-12,2026-03,control,1,1,1,0,0.0,0,0,0
U101638,2026-06-29,2026-06,treatment,1,0,0,0,0.0,0,0,0
U101639,2026-06-23,2026-06,treatment,1,0,0,0,0.0,0,0,0
U101640,2026-05-13,2026-05,treatment,1,0,0,0,0.0,0,0,0
U101641,2026-06-15,2026-06,control,1,0,0,0,0.0,0,0,0
U101642,2026-05-10,2026-05,treatment,1,0,0,0,0.0,0,0,0
U101643,2026-05-23,2026-05,treatment,1,1,0,0,0.0,0,0,0
U101644,2026-02-23,2026-02,treatment,1,0,0,0,0.0,1,1,1
U101645,2026-06-06,2026-06,treatment,1,1,1,1,68.6,1,1,1
U101646,2026-03-06,2026-03,treatment,1,1,1,0,0.0,0,0,0
U101647,2026-06-13,2026-06,treatment,1,0,0,0,0.0,0,0,0
U101648,2026-06-09,2026-06,treatment,1,1,1,1,39.25,1,1,1
U101649,2026-06-01,2026-06,treatment,1,0,0,0,0.0,0,0,0
U101650,2026-02-04,2026-02,control,1,0,0,0,0.0,1,1,1
U101651,2026-04-10,2026-04,control,1,1,1,0,0.0,0,0,0
U101652,2026-04-03,2026-04,control,1,0,0,0,0.0,1,1,1
U101653,2026-04-19,2026-04,treatment,1,1,1,0,0.0,0,0,0
U101654,2026-02-23,2026-02,treatment,1,1,1,0,0.0,1,1,1
U101655,2026-06-24,2026-06,treatment,1,1,0,0,0.0,0,0,0
U101656,2026-05-14,2026-05,control,1,1,1,1,33.88,0,0,0
U101657,2026-04-10,2026-04,control,1,0,0,0,0.0,1,1,1
U101658,2026-04-24,2026-04,control,1,0,0,0,0.0,0,0,0
U101659,2026-05-01,2026-05,control,1,0,0,0,0.0,0,0,0
U101660,2026-05-20,2026-05,treatment,1,0,0,0,0.0,1,1,1
U101661,2026-05-10,2026-05,control,1,0,0,0,0.0,0,0,0
U101662,2026-06-22,2026-06,treatment,1,1,1,0,0.0,0,0,0
U101663,2026-05-07,2026-05,treatment,1,0,0,0,0.0,0,0,0
U101664,2026-06-29,2026-06,control,1,1,0,0,0.0,0,0,0
U101665,2026-06-16,2026-06,treatment,1,1,1,1,97.27,0,0,0
U101666,2026-03-24,2026-03,control,1,0,0,0,0.0,0,0,0
U101667,2026-06-23,2026-06,control,1,0,0,0,0.0,1,1,1
U101668,2026-03-03,2026-03,treatment,1,0,0,0,0.0,1,1,1
U101669,2026-06-12,2026-06,treatment,1,0,0,0,0.0,0,0,0
U101670,2026-04-22,2026-04,control,1,0,0,0,0.0,0,0,0
U101671,2026-06-18,2026-06,control,1,0,0,0,0.0,0,0,0
U101672,2026-06-17,2026-06,control,1,1,0,0,0.0,0,0,0
U101673,2026-06-11,2026-06,control,1,0,0,0,0.0,0,0,0
U101674,2026-06-09,2026-06,treatment,1,1,1,0,0.0,1,1,1
U101675,2026-04-10,2026-04,treatment,1,1,1,1,21.57,1,1,1
U101676,2026-02-21,2026-02,control,1,0,0,0,0.0,0,0,0
U101677,2026-04-25,2026-04,treatment,1,0,0,0,0.0,0,0,0
U101678,2026-03-16,2026-03,control,1,1,0,0,0.0,0,0,0
U101679,2026-05-31,2026-05,control,1,1,0,0,0.0,0,0,0
U101680,2026-04-16,2026-04,treatment,1,0,0,0,0.0,0,0,0
U101681,2026-06-27,2026-06,treatment,1,0,0,0,0.0,0,0,0
U101682,2026-05-25,2026-05,treatment,1,0,0,0,0.0,0,0,0
U101683,2026-06-13,2026-06,treatment,1,0,0,0,0.0,0,0,0
U101684,2026-03-07,2026-03,treatment,1,0,0,0,0.0,0,0,0
U101685,2026-06-17,2026-06,control,1,0,0,0,0.0,1,1,1
U101686,2026-06-22,2026-06,treatment,1,1,1,0,0.0,0,0,0
U101687,2026-05-06,2026-05,treatment,1,0,0,0,0.0,1,1,1
U101688,2026-05-21,2026-05,control,1,0,0,0,0.0,1,1,1
U101689,2026-06-07,2026-06,treatment,1,0,0,0,0.0,1,1,1
U101690,2026-03-17,2026-03,control,1,1,0,0,0.0,1,1,1
U101691,2026-05-08,2026-05,control,1,0,0,0,0.0,1,1,1
U101692,2026-04-24,2026-04,treatment,1,1,1,1,101.22,0,0,0
U101693,2026-03-10,2026-03,control,1,0,0,0,0.0,0,0,0
U101694,2026-04-20,2026-04,treatment,1,0,0,0,0.0,0,0,0
U101695,2026-02-16,2026-02,control,1,0,0,0,0.0,0,0,0
U101696,2026-01-29,2026-01,treatment,1,1,0,0,0.0,0,0,0
U101697,2026-03-08,2026-03,control,1,0,0,0,0.0,1,1,1
U101698,2026-06-26,2026-06,control,1,1,1,1,37.66,0,0,0
U101699,2026-05-14,2026-05,control,1,1,0,0,0.0,1,1,1
U101700,2026-06-26,2026-06,treatment,1,1,1,0,0.0,1,1,1
U101701,2026-04-29,2026-04,treatment,1,0,0,0,0.0,0,0,0
U101702,2026-04-11,2026-04,treatment,1,1,0,0,0.0,0,0,0
U101703,2026-05-09,2026-05,control,1,0,0,0,0.0,1,1,1
U101704,2026-04-30,2026-04,control,1,0,0,0,0.0,0,0,0
U101705,2026-02-28,2026-02,control,1,0,0,0,0.0,0,0,0
U101706,2026-05-25,2026-05,treatment,1,1,0,0,0.0,0,0,0
U101707,2026-03-25,2026-03,control,1,0,0,0,0.0,0,0,0
U101708,2026-05-22,2026-05,treatment,1,0,0,0,0.0,1,1,1
U101709,2026-05-26,2026-05,treatment,1,0,0,0,0.0,1,1,1
U101710,2026-03-12,2026-03,control,1,0,0,0,0.0,0,0,0
U101711,2026-02-14,2026-02,control,1,0,0,0,0.0,0,0,0
U101712,2026-06-09,2026-06,treatment,1,0,0,0,0.0,0,0,0
U101713,2026-05-03,2026-05,control,1,0,0,0,0.0,0,0,0
U101714,2026-02-13,2026-02,control,1,0,0,0,0.0,0,0,0
U101715,2026-06-29,2026-06,control,1,1,1,0,0.0,0,0,0
U101716,2026-02-13,2026-02,treatment,1,0,0,0,0.0,0,0,0
U101717,2026-05-31,2026-05,treatment,1,0,0,0,0.0,1,1,1
U101718,2026-06-28,2026-06,control,1,0,0,0,0.0,1,1,1
U101719,2026-03-30,2026-03,control,1,1,1,1,36.21,1,1,1
U101720,2026-03-09,2026-03,control,1,0,0,0,0.0,0,0,0
U101721,2026-03-04,2026-03,treatment,1,0,0,0,0.0,0,0,0
U101722,2026-04-10,2026-04,control,1,0,0,0,0.0,1,1,1
U101723,2026-02-27,2026-02,control,1,1,0,0,0.0,0,0,0
U101724,2026-05-30,2026-05,treatment,1,0,0,0,0.0,0,0,0
U101725,2026-02-14,2026-02,treatment,1,0,0,0,0.0,1,1,1
U101726,2026-05-09,2026-05,treatment,1,0,0,0,0.0,1,1,1
U101727,2026-06-29,2026-06,treatment,1,0,0,0,0.0,0,0,0
U101728,2026-06-12,2026-06,control,1,0,0,0,0.0,0,0,0
U101729,2026-05-22,2026-05,control,1,1,0,0,0.0,0,0,0
U101730,2026-04-10,2026-04,control,1,0,0,0,0.0,1,1,1
U101731,2026-05-23,2026-05,control,1,1,1,0,0.0,0,0,0
U101732,2026-05-11,2026-05,treatment,1,0,0,0,0.0,1,1,1
U101733,2026-04-28,2026-04,treatment,1,0,0,0,0.0,1,1,1
U101734,2026-03-07,2026-03,treatment,1,0,0,0,0.0,0,0,0
U101735,2026-06-19,2026-06,control,1,0,0,0,0.0,1,1,1
U101736,2026-05-01,2026-05,treatment,1,1,1,1,31.29,1,1,1
U101737,2026-03-21,2026-03,treatment,1,0,0,0,0.0,1,1,1
U101738,2026-04-20,2026-04,control,1,1,1,1,172.52,0,0,0
U101739,2026-04-26,2026-04,treatment,1,1,0,0,0.0,1,1,1
U101740,2026-06-13,2026-06,control,1,0,0,0,0.0,0,0,0
U101741,2026-06-04,2026-06,control,1,1,0,0,0.0,0,0,0
U101742,2026-06-07,2026-06,treatment,1,0,0,0,0.0,0,0,0
U101743,2026-01-19,2026-01,treatment,1,0,0,0,0.0,0,0,0
U101744,2026-04-27,2026-04,control,1,1,1,0,0.0,1,1,1
U101745,2026-05-05,2026-05,control,1,0,0,0,0.0,0,0,0
U101746,2026-01-25,2026-01,treatment,1,0,0,0,0.0,0,0,0
U101747,2026-04-02,2026-04,treatment,1,1,0,0,0.0,1,1,1
U101748,2026-06-06,2026-06,treatment,1,1,1,1,22.78,0,0,0
U101749,2026-03-08,2026-03,control,1,0,0,0,0.0,0,0,0
U101750,2026-05-12,2026-05,control,1,1,1,0,0.0,1,1,1
U101751,2026-03-25,2026-03,control,1,0,0,0,0.0,0,0,0
U101752,2026-01-20,2026-01,control,1,1,1,1,38.55,0,0,0
U101753,2026-03-30,2026-03,control,1,0,0,0,0.0,0,0,0
U101754,2026-06-27,2026-06,control,1,1,1,0,0.0,0,0,0
U101755,2026-06-11,2026-06,treatment,1,0,0,0,0.0,0,0,0
U101756,2026-06-26,2026-06,control,1,1,1,1,62.75,0,0,0
U101757,2026-05-06,2026-05,treatment,1,1,1,0,0.0,0,0,0
U101758,2026-03-01,2026-03,control,1,0,0,0,0.0,0,0,0
U101759,2026-05-14,2026-05,control,1,0,0,0,0.0,1,1,1
U101760,2026-05-02,2026-05,control,1,1,1,1,61.19,1,1,1
U101761,2026-06-15,2026-06,control,1,1,1,1,27.15,0,0,0
U101762,2026-02-26,2026-02,control,1,0,0,0,0.0,1,1,1
U101763,2026-05-06,2026-05,treatment,1,0,0,0,0.0,0,0,0
U101764,2026-03-11,2026-03,treatment,1,1,0,0,0.0,0,0,0
U101765,2026-04-13,2026-04,control,1,0,0,0,0.0,1,1,1
U101766,2026-06-04,2026-06,control,1,0,0,0,0.0,1,1,1
U101767,2026-05-05,2026-05,treatment,1,1,1,1,158.79,0,0,0
U101768,2026-04-21,2026-04,treatment,1,0,0,0,0.0,1,1,1
U101769,2026-04-24,2026-04,control,1,0,0,0,0.0,0,0,0
U101770,2026-05-03,2026-05,treatment,1,0,0,0,0.0,0,0,0
U101771,2026-06-09,2026-06,treatment,1,1,1,1,89.46,0,0,0
U101772,2026-06-20,2026-06,treatment,1,0,0,0,0.0,0,0,0
U101773,2026-06-25,2026-06,treatment,1,1,1,1,74.25,1,1,1
U101774,2026-06-09,2026-06,treatment,1,1,1,0,0.0,0,0,0
U101775,2026-04-12,2026-04,treatment,1,0,0,0,0.0,0,0,0
U101776,2026-05-30,2026-05,control,1,1,1,1,65.38,1,1,1
U101777,2026-04-30,2026-04,treatment,1,0,0,0,0.0,0,0,0
U101778,2026-04-01,2026-04,treatment,1,1,0,0,0.0,0,0,0
U101779,2026-06-15,2026-06,treatment,1,0,0,0,0.0,1,1,1
U101780,2026-02-05,2026-02,treatment,1,1,1,1,32.99,0,0,0
U101781,2026-06-20,2026-06,control,1,0,0,0,0.0,0,0,0
U101782,2026-05-03,2026-05,control,1,0,0,0,0.0,0,0,0
U101783,2026-05-24,2026-05,control,1,1,1,0,0.0,0,0,0
U101784,2026-05-27,2026-05,control,1,0,0,0,0.0,1,1,1
U101785,2026-06-20,2026-06,control,1,1,1,1,84.16,1,1,1
U101786,2026-05-24,2026-05,treatment,1,0,0,0,0.0,0,0,0
U101787,2026-05-22,2026-05,control,1,0,0,0,0.0,0,0,0
U101788,2026-02-16,2026-02,treatment,1,1,1,1,72.87,1,1,1
U101789,2026-05-10,2026-05,treatment,1,0,0,0,0.0,0,0,0
U101790,2026-03-11,2026-03,control,1,1,0,0,0.0,1,1,1
U101791,2026-06-04,2026-06,control,1,0,0,0,0.0,0,0,0
U101792,2026-05-09,2026-05,treatment,1,0,0,0,0.0,1,1,1
U101793,2026-05-29,2026-05,treatment,1,1,0,0,0.0,1,1,1
U101794,2026-02-06,2026-02,treatment,1,0,0,0,0.0,0,0,0
U101795,2026-02-22,2026-02,treatment,1,0,0,0,0.0,1,1,1
U101796,2026-06-02,2026-06,treatment,1,1,1,1,71.66,0,0,0
U101797,2026-02-18,2026-02,treatment,1,0,0,0,0.0,0,0,0
U101798,2026-02-18,2026-02,treatment,1,0,0,0,0.0,1,1,1
U101799,2026-01-20,2026-01,treatment,1,1,1,1,109.17,0,0,0
U101800,2026-06-26,2026-06,treatment,1,1,1,0,0.0,1,1,1
U101801,2026-06-04,2026-06,control,1,0,0,0,0.0,0,0,0
U101802,2026-04-17,2026-04,treatment,1,0,0,0,0.0,0,0,0
U101803,2026-04-09,2026-04,control,1,1,1,0,0.0,1,1,1
U101804,2026-04-17,2026-04,treatment,1,0,0,0,0.0,0,0,0
U101805,2026-06-08,2026-06,control,1,0,0,0,0.0,0,0,0
U101806,2026-05-27,2026-05,control,1,1,0,0,0.0,1,1,1
U101807,2026-03-19,2026-03,control,1,0,0,0,0.0,1,1,1
U101808,2026-03-17,2026-03,control,1,0,0,0,0.0,1,1,1
U101809,2026-02-26,2026-02,control,1,1,0,0,0.0,0,0,0
U101810,2026-05-27,2026-05,treatment,1,1,0,0,0.0,1,1,1
U101811,2026-06-07,2026-06,control,1,1,0,0,0.0,1,1,1
U101812,2026-04-03,2026-04,control,1,0,0,0,0.0,0,0,0
U101813,2026-01-27,2026-01,control,1,0,0,0,0.0,1,1,1
U101814,2026-02-21,2026-02,treatment,1,1,0,0,0.0,0,0,0
U101815,2026-06-27,2026-06,control,1,0,0,0,0.0,0,0,0
U101816,2026-04-08,2026-04,control,1,1,0,0,0.0,0,0,0
U101817,2026-06-07,2026-06,control,1,0,0,0,0.0,0,0,0
U101818,2026-05-23,2026-05,treatment,1,1,1,1,115.83,0,0,0
U101819,2026-04-22,2026-04,control,1,0,0,0,0.0,0,0,0
U101820,2026-03-23,2026-03,control,1,0,0,0,0.0,0,0,0
U101821,2026-03-04,2026-03,control,1,0,0,0,0.0,0,0,0
U101822,2026-05-22,2026-05,treatment,1,1,1,0,0.0,0,0,0
U101823,2026-06-08,2026-06,control,1,0,0,0,0.0,0,0,0
U101824,2026-05-25,2026-05,treatment,1,1,1,0,0.0,1,1,1
U101825,2026-05-12,2026-05,control,1,0,0,0,0.0,0,0,0
U101826,2026-02-06,2026-02,control,1,0,0,0,0.0,1,1,1
U101827,2026-06-27,2026-06,control,1,1,0,0,0.0,0,0,0
U101828,2026-06-10,2026-06,control,1,0,0,0,0.0,0,0,0
U101829,2026-04-08,2026-04,control,1,0,0,0,0.0,0,0,0
U101830,2026-06-28,2026-06,control,1,0,0,0,0.0,1,1,1
U101831,2026-05-20,2026-05,control,1,1,1,0,0.0,1,1,1
U101832,2026-05-18,2026-05,treatment,1,1,1,0,0.0,0,0,0
U101833,2026-06-05,2026-06,treatment,1,0,0,0,0.0,0,0,0
U101834,2026-06-12,2026-06,control,1,0,0,0,0.0,0,0,0
U101835,2026-05-26,2026-05,treatment,1,0,0,0,0.0,0,0,0
U101836,2026-03-06,2026-03,treatment,1,1,1,1,62.88,1,1,1
U101837,2026-04-15,2026-04,treatment,1,0,0,0,0.0,1,1,1
U101838,2026-06-23,2026-06,control,1,1,1,0,0.0,1,1,1
U101839,2026-03-27,2026-03,treatment,1,0,0,0,0.0,0,0,0
U101840,2026-04-20,2026-04,control,1,1,1,1,79.34,0,0,0
U101841,2026-04-29,2026-04,treatment,1,0,0,0,0.0,1,1,1
U101842,2026-04-30,2026-04,control,1,1,0,0,0.0,0,0,0
U101843,2026-05-21,2026-05,control,1,0,0,0,0.0,0,0,0
U101844,2026-06-24,2026-06,control,1,0,0,0,0.0,1,1,1
U101845,2026-03-30,2026-03,control,1,1,1,0,0.0,0,0,0
U101846,2026-03-04,2026-03,treatment,1,1,1,1,10.67,1,1,1
U101847,2026-03-21,2026-03,control,1,0,0,0,0.0,1,1,1
U101848,2026-06-19,2026-06,treatment,1,1,1,0,0.0,0,0,0
U101849,2026-05-25,2026-05,control,1,0,0,0,0.0,0,0,0
U101850,2026-04-07,2026-04,control,1,0,0,0,0.0,0,0,0
U101851,2026-06-12,2026-06,treatment,1,0,0,0,0.0,0,0,0
U101852,2026-06-17,2026-06,treatment,1,0,0,0,0.0,0,0,0
U101853,2026-06-15,2026-06,control,1,1,0,0,0.0,0,0,0
U101854,2026-06-22,2026-06,control,1,0,0,0,0.0,0,0,0
U101855,2026-04-01,2026-04,treatment,1,0,0,0,0.0,0,0,0
U101856,2026-06-06,2026-06,control,1,0,0,0,0.0,1,1,1
U101857,2026-05-03,2026-05,treatment,1,0,0,0,0.0,1,1,1
U101858,2026-06-15,2026-06,treatment,1,1,0,0,0.0,0,0,0
U101859,2026-06-03,2026-06,control,1,1,1,0,0.0,1,1,1
U101860,2026-06-08,2026-06,control,1,0,0,0,0.0,0,0,0
U101861,2026-05-26,2026-05,control,1,0,0,0,0.0,0,0,0
U101862,2026-03-17,2026-03,control,1,1,0,0,0.0,1,1,1
U101863,2026-05-13,2026-05,treatment,1,0,0,0,0.0,0,0,0
U101864,2026-06-28,2026-06,treatment,1,0,0,0,0.0,0,0,0
U101865,2026-06-24,2026-06,treatment,1,0,0,0,0.0,0,0,0
U101866,2026-02-07,2026-02,treatment,1,0,0,0,0.0,0,0,0
U101867,2026-03-15,2026-03,control,1,1,0,0,0.0,0,0,0
U101868,2026-03-07,2026-03,treatment,1,0,0,0,0.0,0,0,0
U101869,2026-06-03,2026-06,control,1,1,1,1,81.73,0,0,0
U101870,2026-06-12,2026-06,treatment,1,0,0,0,0.0,0,0,0
U101871,2026-03-25,2026-03,control,1,0,0,0,0.0,0,0,0
U101872,2026-05-09,2026-05,treatment,1,1,0,0,0.0,0,0,0
U101873,2026-06-15,2026-06,treatment,1,1,1,0,0.0,0,0,0
U101874,2026-06-04,2026-06,control,1,1,1,0,0.0,0,0,0
U101875,2026-05-13,2026-05,control,1,0,0,0,0.0,1,1,1
U101876,2026-05-19,2026-05,treatment,1,1,1,0,0.0,0,0,0
U101877,2026-05-09,2026-05,control,1,0,0,0,0.0,0,0,0
U101878,2026-04-09,2026-04,treatment,1,0,0,0,0.0,0,0,0
U101879,2026-05-16,2026-05,treatment,1,1,0,0,0.0,1,1,1
U101880,2026-05-30,2026-05,control,1,1,1,1,72.74,0,0,0
U101881,2026-06-18,2026-06,control,1,1,1,0,0.0,1,1,1
U101882,2026-05-24,2026-05,treatment,1,1,1,1,103.41,0,0,0
U101883,2026-06-07,2026-06,control,1,0,0,0,0.0,0,0,0
U101884,2026-03-14,2026-03,control,1,0,0,0,0.0,1,1,1
U101885,2026-05-03,2026-05,treatment,1,1,1,1,36.68,1,1,1
U101886,2026-01-18,2026-01,treatment,1,0,0,0,0.0,0,0,0
U101887,2026-03-31,2026-03,control,1,0,0,0,0.0,1,1,1
U101888,2026-06-03,2026-06,control,1,0,0,0,0.0,1,1,1
U101889,2026-06-29,2026-06,treatment,1,0,0,0,0.0,0,0,0
U101890,2026-02-26,2026-02,treatment,1,1,1,1,65.32,0,0,0
U101891,2026-04-25,2026-04,treatment,1,0,0,0,0.0,0,0,0
U101892,2026-06-11,2026-06,control,1,0,0,0,0.0,1,1,1
U101893,2026-03-23,2026-03,treatment,1,1,1,0,0.0,0,0,0
U101894,2026-05-15,2026-05,treatment,1,0,0,0,0.0,0,0,0
U101895,2026-06-04,2026-06,treatment,1,1,1,0,0.0,0,0,0
U101896,2026-05-22,2026-05,treatment,1,0,0,0,0.0,1,1,1
U101897,2026-03-20,2026-03,control,1,1,1,1,86.13,0,0,0
U101898,2026-04-18,2026-04,treatment,1,0,0,0,0.0,0,0,0
U101899,2026-06-09,2026-06,control,1,0,0,0,0.0,1,1,1
U101900,2026-05-15,2026-05,control,1,0,0,0,0.0,1,1,1
U101901,2026-01-14,2026-01,treatment,1,0,0,0,0.0,1,1,1
U101902,2026-06-07,2026-06,treatment,1,1,1,0,0.0,1,1,1
U101903,2026-02-03,2026-02,treatment,1,0,0,0,0.0,0,0,0
U101904,2026-06-05,2026-06,treatment,1,1,1,1,124.27,0,0,0
U101905,2026-03-22,2026-03,control,1,0,0,0,0.0,0,0,0
U101906,2026-06-26,2026-06,treatment,1,1,0,0,0.0,0,0,0
U101907,2026-04-20,2026-04,control,1,1,1,1,47.31,0,0,0
U101908,2026-04-13,2026-04,treatment,1,0,0,0,0.0,0,0,0
U101909,2026-03-11,2026-03,control,1,0,0,0,0.0,1,1,1
U101910,2026-04-10,2026-04,treatment,1,1,1,1,60.63,0,0,0
U101911,2026-06-18,2026-06,control,1,0,0,0,0.0,0,0,0
U101912,2026-06-29,2026-06,treatment,1,0,0,0,0.0,1,1,1
U101913,2026-04-20,2026-04,treatment,1,1,1,1,20.59,1,1,1
U101914,2026-05-01,2026-05,control,1,1,0,0,0.0,0,0,0
U101915,2026-06-02,2026-06,treatment,1,1,1,1,36.98,0,0,0
U101916,2026-06-19,2026-06,treatment,1,1,1,0,0.0,0,0,0
U101917,2026-05-19,2026-05,treatment,1,0,0,0,0.0,0,0,0
U101918,2026-04-23,2026-04,treatment,1,1,1,1,111.78,1,1,1
U101919,2026-04-26,2026-04,control,1,0,0,0,0.0,0,0,0
U101920,2026-05-31,2026-05,control,1,0,0,0,0.0,1,1,1
U101921,2026-01-11,2026-01,control,1,1,1,0,0.0,0,0,0
U101922,2026-05-22,2026-05,control,1,0,0,0,0.0,0,0,0
U101923,2026-04-18,2026-04,control,1,0,0,0,0.0,0,0,0
U101924,2026-06-10,2026-06,treatment,1,1,0,0,0.0,0,0,0
U101925,2026-02-24,2026-02,control,1,0,0,0,0.0,0,0,0
U101926,2026-05-19,2026-05,control,1,0,0,0,0.0,1,1,1
U101927,2026-05-05,2026-05,control,1,0,0,0,0.0,0,0,0
U101928,2026-05-25,2026-05,treatment,1,0,0,0,0.0,0,0,0
U101929,2026-02-15,2026-02,treatment,1,1,0,0,0.0,1,1,1
U101930,2026-05-18,2026-05,control,1,0,0,0,0.0,0,0,0
U101931,2026-05-15,2026-05,treatment,1,0,0,0,0.0,0,0,0
U101932,2026-05-15,2026-05,control,1,0,0,0,0.0,1,1,1
U101933,2026-05-20,2026-05,treatment,1,1,1,0,0.0,0,0,0
U101934,2026-05-29,2026-05,treatment,1,1,0,0,0.0,0,0,0
U101935,2026-06-11,2026-06,control,1,0,0,0,0.0,1,1,1
U101936,2026-04-04,2026-04,treatment,1,0,0,0,0.0,0,0,0
U101937,2026-06-13,2026-06,treatment,1,1,1,0,0.0,0,0,0
U101938,2026-05-08,2026-05,control,1,0,0,0,0.0,1,1,1
U101939,2026-02-19,2026-02,treatment,1,0,0,0,0.0,0,0,0
U101940,2026-02-13,2026-02,control,1,0,0,0,0.0,1,1,1
U101941,2026-04-15,2026-04,control,1,0,0,0,0.0,1,1,1
U101942,2026-06-09,2026-06,control,1,1,0,0,0.0,0,0,0
U101943,2026-06-01,2026-06,control,1,1,1,1,48.61,0,0,0
U101944,2026-06-09,2026-06,control,1,1,1,0,0.0,0,0,0
U101945,2026-05-10,2026-05,treatment,1,1,1,1,33.97,0,0,0
U101946,2026-04-30,2026-04,control,1,1,1,0,0.0,0,0,0
U101947,2026-03-11,2026-03,control,1,1,0,0,0.0,0,0,0
U101948,2026-04-14,2026-04,treatment,1,0,0,0,0.0,0,0,0
U101949,2026-04-29,2026-04,treatment,1,0,0,0,0.0,0,0,0
U101950,2026-02-23,2026-02,treatment,1,1,1,1,82.83,1,1,1
U101951,2026-03-26,2026-03,treatment,1,1,1,0,0.0,1,1,1
U101952,2026-05-20,2026-05,treatment,1,0,0,0,0.0,0,0,0
U101953,2026-06-04,2026-06,treatment,1,0,0,0,0.0,0,0,0
U101954,2026-06-29,2026-06,treatment,1,0,0,0,0.0,0,0,0
U101955,2026-06-23,2026-06,treatment,1,0,0,0,0.0,1,1,1
U101956,2026-05-25,2026-05,control,1,0,0,0,0.0,0,0,0
U101957,2026-04-27,2026-04,control,1,0,0,0,0.0,1,1,1
U101958,2026-05-24,2026-05,treatment,1,1,1,0,0.0,1,1,1
U101959,2026-06-09,2026-06,control,1,1,0,0,0.0,0,0,0
U101960,2026-03-03,2026-03,control,1,1,0,0,0.0,0,0,0
U101961,2026-04-26,2026-04,treatment,1,1,1,1,44.5,0,0,0
U101962,2026-06-14,2026-06,treatment,1,0,0,0,0.0,0,0,0
U101963,2026-04-22,2026-04,control,1,0,0,0,0.0,0,0,0
U101964,2026-05-17,2026-05,treatment,1,0,0,0,0.0,0,0,0
U101965,2026-05-18,2026-05,treatment,1,1,1,1,43.49,1,1,1
U101966,2026-03-19,2026-03,treatment,1,0,0,0,0.0,0,0,0
U101967,2026-04-19,2026-04,treatment,1,1,0,0,0.0,0,0,0
U101968,2026-04-15,2026-04,treatment,1,0,0,0,0.0,0,0,0
U101969,2026-01-30,2026-01,treatment,1,1,0,0,0.0,0,0,0
U101970,2026-01-28,2026-01,control,1,0,0,0,0.0,0,0,0
U101971,2026-06-14,2026-06,treatment,1,1,1,0,0.0,0,0,0
U101972,2026-04-05,2026-04,treatment,1,0,0,0,0.0,0,0,0
U101973,2026-05-10,2026-05,treatment,1,0,0,0,0.0,1,1,1
U101974,2026-04-09,2026-04,treatment,1,1,0,0,0.0,1,1,1
U101975,2026-06-24,2026-06,control,1,1,0,0,0.0,0,0,0
U101976,2026-04-02,2026-04,treatment,1,0,0,0,0.0,0,0,0
U101977,2026-04-28,2026-04,control,1,1,0,0,0.0,0,0,0
U101978,2026-06-18,2026-06,control,1,1,1,1,33.74,0,0,0
U101979,2026-06-15,2026-06,control,1,1,1,1,76.08,0,0,0
U101980,2026-03-19,2026-03,control,1,0,0,0,0.0,0,0,0
U101981,2026-06-11,2026-06,treatment,1,0,0,0,0.0,0,0,0
U101982,2026-05-02,2026-05,control,1,0,0,0,0.0,0,0,0
U101983,2026-05-06,2026-05,control,1,1,1,1,89.45,1,1,1
U101984,2026-03-07,2026-03,treatment,1,1,1,0,0.0,0,0,0
U101985,2026-02-21,2026-02,control,1,1,0,0,0.0,1,1,1
U101986,2026-06-03,2026-06,control,1,0,0,0,0.0,0,0,0
U101987,2026-05-07,2026-05,control,1,0,0,0,0.0,0,0,0
U101988,2026-04-29,2026-04,control,1,1,1,0,0.0,1,1,1
U101989,2026-06-03,2026-06,control,1,0,0,0,0.0,0,0,0
U101990,2026-06-07,2026-06,control,1,1,1,0,0.0,0,0,0
U101991,2026-03-13,2026-03,treatment,1,0,0,0,0.0,0,0,0
U101992,2026-05-21,2026-05,control,1,0,0,0,0.0,0,0,0
U101993,2026-03-08,2026-03,control,1,1,0,0,0.0,1,1,1
U101994,2026-06-06,2026-06,treatment,1,0,0,0,0.0,0,0,0
U101995,2026-05-26,2026-05,control,1,0,0,0,0.0,1,1,1
U101996,2026-06-26,2026-06,treatment,1,1,0,0,0.0,0,0,0
U101997,2026-02-17,2026-02,control,1,1,0,0,0.0,1,1,1
U101998,2026-02-12,2026-02,control,1,1,0,0,0.0,1,1,1
U101999,2026-04-06,2026-04,treatment,1,1,1,0,0.0,0,0,0
U102000,2026-04-03,2026-04,control,1,0,0,0,0.0,1,1,1
U102001,2026-03-31,2026-03,control,1,0,0,0,0.0,0,0,0
U102002,2026-06-21,2026-06,treatment,1,0,0,0,0.0,0,0,0
U102003,2026-03-31,2026-03,control,1,0,0,0,0.0,0,0,0
U102004,2026-04-04,2026-04,treatment,1,0,0,0,0.0,1,1,1
U102005,2026-06-06,2026-06,treatment,1,1,0,0,0.0,0,0,0
U102006,2026-05-01,2026-05,control,1,0,0,0,0.0,1,1,1
U102007,2026-06-08,2026-06,treatment,1,1,1,0,0.0,0,0,0
U102008,2026-02-16,2026-02,treatment,1,0,0,0,0.0,1,1,1
U102009,2026-05-06,2026-05,treatment,1,0,0,0,0.0,0,0,0
U102010,2026-02-03,2026-02,treatment,1,0,0,0,0.0,0,0,0
U102011,2026-02-15,2026-02,treatment,1,1,1,1,47.4,1,1,1
U102012,2026-06-21,2026-06,control,1,0,0,0,0.0,0,0,0
U102013,2026-03-09,2026-03,treatment,1,0,0,0,0.0,1,1,1
U102014,2026-05-12,2026-05,control,1,1,0,0,0.0,1,1,1
U102015,2026-04-26,2026-04,control,1,0,0,0,0.0,1,1,1
U102016,2026-04-17,2026-04,treatment,1,0,0,0,0.0,1,1,1
U102017,2026-06-20,2026-06,control,1,1,1,1,82.07,0,0,0
U102018,2026-01-27,2026-01,treatment,1,0,0,0,0.0,0,0,0
U102019,2026-05-27,2026-05,control,1,0,0,0,0.0,0,0,0
U102020,2026-06-26,2026-06,treatment,1,1,1,1,84.61,1,1,1
U102021,2026-05-15,2026-05,control,1,0,0,0,0.0,0,0,0
U102022,2026-06-24,2026-06,control,1,0,0,0,0.0,0,0,0
U102023,2026-02-11,2026-02,control,1,0,0,0,0.0,0,0,0
U102024,2026-04-27,2026-04,treatment,1,0,0,0,0.0,0,0,0
U102025,2026-04-02,2026-04,control,1,0,0,0,0.0,0,0,0
U102026,2026-06-03,2026-06,treatment,1,0,0,0,0.0,0,0,0
U102027,2026-06-28,2026-06,control,1,0,0,0,0.0,1,1,1
U102028,2026-04-02,2026-04,control,1,0,0,0,0.0,0,0,0
U102029,2026-05-26,2026-05,control,1,1,0,0,0.0,0,0,0
U102030,2026-03-22,2026-03,control,1,1,0,0,0.0,1,1,1
U102031,2026-05-16,2026-05,treatment,1,1,0,0,0.0,0,0,0
U102032,2026-05-03,2026-05,treatment,1,0,0,0,0.0,0,0,0
U102033,2026-06-27,2026-06,control,1,0,0,0,0.0,0,0,0
U102034,2026-05-21,2026-05,treatment,1,0,0,0,0.0,1,1,1
U102035,2026-04-17,2026-04,treatment,1,1,0,0,0.0,0,0,0
U102036,2026-03-02,2026-03,control,1,0,0,0,0.0,0,0,0
U102037,2026-03-12,2026-03,control,1,0,0,0,0.0,0,0,0
U102038,2026-03-27,2026-03,treatment,1,0,0,0,0.0,0,0,0
U102039,2026-04-01,2026-04,control,1,0,0,0,0.0,1,1,1
U102040,2026-06-16,2026-06,control,1,0,0,0,0.0,0,0,0
U102041,2026-05-15,2026-05,control,1,0,0,0,0.0,1,1,1
U102042,2026-05-11,2026-05,treatment,1,0,0,0,0.0,0,0,0
U102043,2026-03-02,2026-03,control,1,1,1,1,86.82,0,0,0
U102044,2026-06-16,2026-06,control,1,0,0,0,0.0,0,0,0
U102045,2026-06-03,2026-06,control,1,1,1,1,59.99,0,0,0
U102046,2026-02-16,2026-02,control,1,0,0,0,0.0,0,0,0
U102047,2026-06-01,2026-06,control,1,0,0,0,0.0,1,1,1
U102048,2026-05-13,2026-05,treatment,1,0,0,0,0.0,0,0,0
U102049,2026-02-21,2026-02,control,1,0,0,0,0.0,0,0,0
U102050,2026-05-02,2026-05,treatment,1,0,0,0,0.0,0,0,0
U102051,2026-05-06,2026-05,control,1,0,0,0,0.0,1,1,1
U102052,2026-03-15,2026-03,treatment,1,0,0,0,0.0,0,0,0
U102053,2026-06-25,2026-06,treatment,1,0,0,0,0.0,0,0,0
U102054,2026-06-15,2026-06,control,1,0,0,0,0.0,0,0,0
U102055,2026-05-28,2026-05,treatment,1,0,0,0,0.0,0,0,0
U102056,2026-05-03,2026-05,control,1,0,0,0,0.0,0,0,0
U102057,2026-04-26,2026-04,treatment,1,0,0,0,0.0,0,0,0
U102058,2026-05-26,2026-05,control,1,1,0,0,0.0,0,0,0
U102059,2026-05-13,2026-05,treatment,1,0,0,0,0.0,0,0,0
U102060,2026-02-14,2026-02,treatment,1,0,0,0,0.0,0,0,0
U102061,2026-05-09,2026-05,treatment,1,1,0,0,0.0,0,0,0
U102062,2026-06-11,2026-06,treatment,1,1,1,0,0.0,1,1,1
U102063,2026-05-02,2026-05,control,1,1,1,0,0.0,0,0,0
U102064,2026-02-11,2026-02,treatment,1,1,1,0,0.0,0,0,0
U102065,2026-06-09,2026-06,treatment,1,1,1,1,48.53,0,0,0
U102066,2026-03-22,2026-03,treatment,1,1,1,0,0.0,1,1,1
U102067,2026-04-02,2026-04,control,1,0,0,0,0.0,1,1,1
U102068,2026-03-15,2026-03,treatment,1,1,1,1,40.63,1,1,1
U102069,2026-04-14,2026-04,control,1,1,0,0,0.0,0,0,0
U102070,2026-06-06,2026-06,treatment,1,1,1,0,0.0,0,0,0
U102071,2026-05-10,2026-05,control,1,1,1,0,0.0,0,0,0
U102072,2026-03-23,2026-03,control,1,0,0,0,0.0,0,0,0
U102073,2026-06-18,2026-06,treatment,1,0,0,0,0.0,0,0,0
U102074,2026-06-18,2026-06,control,1,1,1,0,0.0,0,0,0
U102075,2026-06-17,2026-06,treatment,1,0,0,0,0.0,1,1,1
U102076,2026-03-29,2026-03,treatment,1,1,1,1,62.22,1,1,1
U102077,2026-05-01,2026-05,control,1,0,0,0,0.0,1,1,1
U102078,2026-06-28,2026-06,control,1,1,1,1,87.26,0,0,0
U102079,2026-06-08,2026-06,treatment,1,1,1,0,0.0,1,1,1
U102080,2026-01-30,2026-01,control,1,0,0,0,0.0,1,1,1
U102081,2026-02-15,2026-02,treatment,1,0,0,0,0.0,0,0,0
U102082,2026-05-03,2026-05,treatment,1,0,0,0,0.0,0,0,0
U102083,2026-06-21,2026-06,control,1,1,0,0,0.0,1,1,1
U102084,2026-05-13,2026-05,control,1,1,0,0,0.0,0,0,0
U102085,2026-05-08,2026-05,control,1,0,0,0,0.0,0,0,0
U102086,2026-02-28,2026-02,treatment,1,0,0,0,0.0,0,0,0
U102087,2026-05-26,2026-05,control,1,1,0,0,0.0,1,1,1
U102088,2026-06-13,2026-06,control,1,1,0,0,0.0,0,0,0
U102089,2026-04-22,2026-04,treatment,1,0,0,0,0.0,1,1,1
U102090,2026-06-08,2026-06,treatment,1,0,0,0,0.0,0,0,0
U102091,2026-06-26,2026-06,control,1,1,0,0,0.0,0,0,0
U102092,2026-03-23,2026-03,control,1,0,0,0,0.0,0,0,0
U102093,2026-05-11,2026-05,treatment,1,1,1,0,0.0,0,0,0
U102094,2026-04-07,2026-04,treatment,1,0,0,0,0.0,0,0,0
U102095,2026-06-10,2026-06,treatment,1,1,1,0,0.0,0,0,0
U102096,2026-05-17,2026-05,treatment,1,0,0,0,0.0,0,0,0
U102097,2026-05-24,2026-05,treatment,1,1,0,0,0.0,1,1,1
U102098,2026-06-10,2026-06,treatment,1,0,0,0,0.0,0,0,0
U102099,2026-04-24,2026-04,treatment,1,0,0,0,0.0,0,0,0
U102100,2026-06-22,2026-06,treatment,1,0,0,0,0.0,0,0,0
U102101,2026-05-12,2026-05,treatment,1,1,1,1,92.8,0,0,0
U102102,2026-03-13,2026-03,control,1,0,0,0,0.0,0,0,0
U102103,2026-05-31,2026-05,control,1,0,0,0,0.0,1,1,1
U102104,2026-06-10,2026-06,treatment,1,0,0,0,0.0,1,1,1
U102105,2026-04-12,2026-04,control,1,0,0,0,0.0,1,1,1
U102106,2026-06-16,2026-06,treatment,1,0,0,0,0.0,0,0,0
U102107,2026-06-21,2026-06,control,1,0,0,0,0.0,0,0,0
U102108,2026-04-05,2026-04,treatment,1,1,1,0,0.0,1,1,1
U102109,2026-06-28,2026-06,control,1,1,1,1,112.59,0,0,0
U102110,2026-03-09,2026-03,treatment,1,1,1,1,23.21,1,1,1
U102111,2026-03-22,2026-03,treatment,1,1,1,1,53.0,0,0,0
U102112,2026-03-19,2026-03,control,1,0,0,0,0.0,0,0,0
U102113,2026-06-20,2026-06,treatment,1,1,1,1,48.94,0,0,0
U102114,2026-05-26,2026-05,control,1,0,0,0,0.0,0,0,0
U102115,2026-03-12,2026-03,control,1,0,0,0,0.0,1,1,1
U102116,2026-04-30,2026-04,control,1,0,0,0,0.0,0,0,0
U102117,2026-05-22,2026-05,control,1,0,0,0,0.0,0,0,0
U102118,2026-02-22,2026-02,treatment,1,0,0,0,0.0,0,0,0
U102119,2026-06-19,2026-06,control,1,0,0,0,0.0,1,1,1
U102120,2026-06-11,2026-06,treatment,1,1,1,0,0.0,1,1,1
U102121,2026-05-08,2026-05,control,1,0,0,0,0.0,0,0,0
U102122,2026-06-27,2026-06,treatment,1,0,0,0,0.0,0,0,0
U102123,2026-04-27,2026-04,control,1,0,0,0,0.0,0,0,0
U102124,2026-06-28,2026-06,treatment,1,0,0,0,0.0,1,1,1
U102125,2026-05-28,2026-05,treatment,1,0,0,0,0.0,1,1,1
U102126,2026-05-24,2026-05,treatment,1,0,0,0,0.0,0,0,0
U102127,2026-03-15,2026-03,control,1,0,0,0,0.0,1,1,1
U102128,2026-06-19,2026-06,treatment,1,1,0,0,0.0,0,0,0
U102129,2026-04-28,2026-04,control,1,1,0,0,0.0,0,0,0
U102130,2026-03-14,2026-03,control,1,0,0,0,0.0,0,0,0
U102131,2026-01-21,2026-01,control,1,0,0,0,0.0,0,0,0
U102132,2026-05-15,2026-05,control,1,1,0,0,0.0,1,1,1
U102133,2026-05-11,2026-05,control,1,0,0,0,0.0,0,0,0
U102134,2026-06-02,2026-06,treatment,1,0,0,0,0.0,1,1,1
U102135,2026-06-19,2026-06,control,1,0,0,0,0.0,1,1,1
U102136,2026-02-20,2026-02,control,1,1,1,0,0.0,1,1,1
U102137,2026-06-03,2026-06,control,1,0,0,0,0.0,1,1,1
U102138,2026-03-19,2026-03,treatment,1,1,1,0,0.0,0,0,0
U102139,2026-06-16,2026-06,treatment,1,0,0,0,0.0,1,1,1
U102140,2026-06-12,2026-06,control,1,0,0,0,0.0,1,1,1
U102141,2026-05-13,2026-05,treatment,1,0,0,0,0.0,1,1,1
U102142,2026-06-01,2026-06,treatment,1,1,0,0,0.0,0,0,0
U102143,2026-04-11,2026-04,control,1,1,1,0,0.0,1,1,1
U102144,2026-05-04,2026-05,treatment,1,0,0,0,0.0,0,0,0
U102145,2026-06-13,2026-06,treatment,1,0,0,0,0.0,0,0,0
U102146,2026-05-02,2026-05,treatment,1,0,0,0,0.0,1,1,1
U102147,2026-04-18,2026-04,control,1,0,0,0,0.0,0,0,0
U102148,2026-05-07,2026-05,control,1,0,0,0,0.0,0,0,0
U102149,2026-06-13,2026-06,control,1,0,0,0,0.0,0,0,0
U102150,2026-04-15,2026-04,treatment,1,1,0,0,0.0,0,0,0
U102151,2026-03-17,2026-03,treatment,1,0,0,0,0.0,0,0,0
U102152,2026-06-01,2026-06,control,1,0,0,0,0.0,0,0,0
U102153,2026-06-13,2026-06,control,1,0,0,0,0.0,1,1,1
U102154,2026-02-27,2026-02,treatment,1,0,0,0,0.0,1,1,1
U102155,2026-03-30,2026-03,treatment,1,0,0,0,0.0,0,0,0
U102156,2026-03-09,2026-03,treatment,1,1,1,1,70.29,0,0,0
U102157,2026-04-17,2026-04,treatment,1,0,0,0,0.0,1,1,1
U102158,2026-05-01,2026-05,treatment,1,1,1,1,56.93,0,0,0
U102159,2026-06-05,2026-06,control,1,0,0,0,0.0,1,1,1
U102160,2026-05-26,2026-05,control,1,0,0,0,0.0,1,1,1
U102161,2026-05-22,2026-05,control,1,0,0,0,0.0,0,0,0
U102162,2026-04-17,2026-04,treatment,1,1,0,0,0.0,1,1,1
U102163,2026-06-15,2026-06,control,1,0,0,0,0.0,0,0,0
U102164,2026-05-04,2026-05,control,1,0,0,0,0.0,0,0,0
U102165,2026-06-28,2026-06,control,1,0,0,0,0.0,1,1,1
U102166,2026-05-24,2026-05,control,1,1,1,1,134.21,1,1,1
U102167,2026-03-05,2026-03,treatment,1,0,0,0,0.0,1,1,1
U102168,2026-05-29,2026-05,control,1,0,0,0,0.0,1,1,1
U102169,2026-04-13,2026-04,control,1,0,0,0,0.0,1,1,1
U102170,2026-05-30,2026-05,treatment,1,0,0,0,0.0,1,1,1
U102171,2026-02-17,2026-02,control,1,0,0,0,0.0,0,0,0
U102172,2026-03-17,2026-03,treatment,1,0,0,0,0.0,1,1,1
U102173,2026-06-16,2026-06,treatment,1,1,1,1,33.56,1,1,1
U102174,2026-03-27,2026-03,treatment,1,0,0,0,0.0,1,1,1
U102175,2026-06-14,2026-06,treatment,1,1,1,1,115.2,1,1,1
U102176,2026-04-06,2026-04,control,1,1,0,0,0.0,1,1,1
U102177,2026-05-25,2026-05,treatment,1,0,0,0,0.0,0,0,0
U102178,2026-05-30,2026-05,control,1,0,0,0,0.0,1,1,1
U102179,2026-05-09,2026-05,control,1,1,1,1,78.61,0,0,0
U102180,2026-04-10,2026-04,control,1,1,0,0,0.0,1,1,1
U102181,2026-03-25,2026-03,control,1,1,1,1,133.71,1,1,1
U102182,2026-02-02,2026-02,treatment,1,1,0,0,0.0,0,0,0
U102183,2026-04-10,2026-04,control,1,0,0,0,0.0,1,1,1
U102184,2026-05-26,2026-05,treatment,1,1,1,1,61.85,1,1,1
U102185,2026-06-24,2026-06,control,1,0,0,0,0.0,1,1,1
U102186,2026-06-18,2026-06,control,1,0,0,0,0.0,0,0,0
U102187,2026-06-07,2026-06,treatment,1,0,0,0,0.0,1,1,1
U102188,2026-06-09,2026-06,control,1,1,0,0,0.0,0,0,0
U102189,2026-05-27,2026-05,treatment,1,0,0,0,0.0,0,0,0
U102190,2026-04-02,2026-04,control,1,1,0,0,0.0,1,1,1
U102191,2026-06-21,2026-06,control,1,1,1,1,117.88,0,0,0
U102192,2026-05-28,2026-05,control,1,1,0,0,0.0,1,1,1
U102193,2026-05-15,2026-05,treatment,1,1,0,0,0.0,1,1,1
U102194,2026-03-01,2026-03,control,1,0,0,0,0.0,0,0,0
U102195,2026-05-01,2026-05,control,1,1,1,0,0.0,0,0,0
U102196,2026-05-03,2026-05,control,1,1,1,0,0.0,0,0,0
U102197,2026-06-17,2026-06,treatment,1,1,1,1,42.2,0,0,0
U102198,2026-05-14,2026-05,treatment,1,1,0,0,0.0,1,1,1
U102199,2026-04-22,2026-04,treatment,1,0,0,0,0.0,1,1,1
U102200,2026-06-27,2026-06,control,1,0,0,0,0.0,0,0,0
U102201,2026-03-01,2026-03,treatment,1,0,0,0,0.0,1,1,1
U102202,2026-04-28,2026-04,treatment,1,1,1,1,58.22,0,0,0
U102203,2026-02-06,2026-02,treatment,1,0,0,0,0.0,0,0,0
U102204,2026-06-04,2026-06,treatment,1,1,0,0,0.0,0,0,0
U102205,2026-06-22,2026-06,treatment,1,0,0,0,0.0,1,1,1
U102206,2026-04-06,2026-04,control,1,1,0,0,0.0,0,0,0
U102207,2026-06-16,2026-06,treatment,1,1,1,1,26.23,0,0,0
U102208,2026-04-08,2026-04,treatment,1,0,0,0,0.0,0,0,0
U102209,2026-06-21,2026-06,control,1,1,1,1,108.45,0,0,0
U102210,2026-06-06,2026-06,control,1,1,0,0,0.0,1,1,1
U102211,2026-06-11,2026-06,treatment,1,0,0,0,0.0,0,0,0
U102212,2026-01-25,2026-01,control,1,0,0,0,0.0,1,1,1
U102213,2026-06-26,2026-06,treatment,1,0,0,0,0.0,0,0,0
U102214,2026-06-03,2026-06,control,1,1,1,1,26.58,0,0,0
U102215,2026-04-10,2026-04,control,1,0,0,0,0.0,1,1,1
U102216,2026-06-13,2026-06,control,1,0,0,0,0.0,0,0,0
U102217,2026-04-06,2026-04,control,1,0,0,0,0.0,1,1,1
U102218,2026-06-18,2026-06,control,1,0,0,0,0.0,1,1,1
U102219,2026-03-02,2026-03,control,1,1,0,0,0.0,1,1,1
U102220,2026-05-31,2026-05,treatment,1,1,1,0,0.0,1,1,1
U102221,2026-05-13,2026-05,treatment,1,0,0,0,0.0,1,1,1
U102222,2026-02-25,2026-02,control,1,1,0,0,0.0,1,1,1
U102223,2026-03-30,2026-03,treatment,1,1,0,0,0.0,0,0,0
U102224,2026-01-21,2026-01,treatment,1,0,0,0,0.0,0,0,0
U102225,2026-05-04,2026-05,treatment,1,0,0,0,0.0,1,1,1
U102226,2026-04-09,2026-04,treatment,1,1,0,0,0.0,0,0,0
U102227,2026-05-20,2026-05,control,1,1,1,1,18.08,0,0,0
U102228,2026-04-09,2026-04,control,1,1,0,0,0.0,0,0,0
U102229,2026-04-09,2026-04,control,1,0,0,0,0.0,0,0,0
U102230,2026-06-05,2026-06,control,1,1,1,0,0.0,0,0,0
U102231,2026-02-09,2026-02,treatment,1,0,0,0,0.0,0,0,0
U102232,2026-06-21,2026-06,control,1,1,1,0,0.0,1,1,1
U102233,2026-06-16,2026-06,treatment,1,1,0,0,0.0,1,1,1
U102234,2026-05-28,2026-05,treatment,1,1,1,1,105.01,0,0,0
U102235,2026-05-19,2026-05,treatment,1,1,1,0,0.0,1,1,1
U102236,2026-06-20,2026-06,treatment,1,0,0,0,0.0,0,0,0
U102237,2026-03-19,2026-03,control,1,1,1,0,0.0,1,1,1
U102238,2026-02-20,2026-02,treatment,1,0,0,0,0.0,0,0,0
U102239,2026-03-30,2026-03,control,1,1,1,0,0.0,0,0,0
U102240,2026-06-10,2026-06,treatment,1,0,0,0,0.0,1,1,1
U102241,2026-02-03,2026-02,treatment,1,1,1,0,0.0,0,0,0
U102242,2026-05-18,2026-05,treatment,1,0,0,0,0.0,0,0,0
U102243,2026-06-29,2026-06,control,1,1,1,1,25.34,0,0,0
U102244,2026-06-16,2026-06,treatment,1,0,0,0,0.0,0,0,0
U102245,2026-05-10,2026-05,control,1,0,0,0,0.0,1,1,1
U102246,2026-02-15,2026-02,control,1,1,0,0,0.0,1,1,1
U102247,2026-06-14,2026-06,treatment,1,1,0,0,0.0,0,0,0
U102248,2026-05-20,2026-05,control,1,0,0,0,0.0,1,1,1
U102249,2026-03-03,2026-03,treatment,1,0,0,0,0.0,1,1,1
U102250,2026-02-25,2026-02,control,1,0,0,0,0.0,1,1,1
U102251,2026-06-21,2026-06,treatment,1,1,0,0,0.0,0,0,0
U102252,2026-05-28,2026-05,control,1,1,0,0,0.0,0,0,0
U102253,2026-06-13,2026-06,treatment,1,1,1,1,44.81,0,0,0
U102254,2026-06-18,2026-06,treatment,1,0,0,0,0.0,0,0,0
U102255,2026-05-17,2026-05,treatment,1,0,0,0,0.0,1,1,1
U102256,2026-05-10,2026-05,control,1,1,0,0,0.0,0,0,0
U102257,2026-04-29,2026-04,treatment,1,0,0,0,0.0,0,0,0
U102258,2026-04-12,2026-04,control,1,0,0,0,0.0,0,0,0
U102259,2026-04-29,2026-04,control,1,0,0,0,0.0,0,0,0
U102260,2026-06-08,2026-06,control,1,1,1,0,0.0,0,0,0
U102261,2026-05-20,2026-05,treatment,1,1,0,0,0.0,1,1,1
U102262,2026-06-20,2026-06,control,1,0,0,0,0.0,0,0,0
U102263,2026-04-30,2026-04,treatment,1,1,1,1,50.71,0,0,0
U102264,2026-05-21,2026-05,treatment,1,0,0,0,0.0,1,1,1
U102265,2026-05-24,2026-05,control,1,0,0,0,0.0,1,1,1
U102266,2026-05-19,2026-05,treatment,1,0,0,0,0.0,0,0,0
U102267,2026-05-31,2026-05,control,1,0,0,0,0.0,0,0,0
U102268,2026-03-29,2026-03,treatment,1,0,0,0,0.0,1,1,1
U102269,2026-05-09,2026-05,control,1,1,1,1,41.04,0,0,0
U102270,2026-02-28,2026-02,treatment,1,0,0,0,0.0,0,0,0
U102271,2026-04-22,2026-04,control,1,0,0,0,0.0,0,0,0
U102272,2026-05-06,2026-05,control,1,0,0,0,0.0,1,1,1
U102273,2026-05-26,2026-05,control,1,0,0,0,0.0,0,0,0
U102274,2026-06-25,2026-06,control,1,0,0,0,0.0,0,0,0
U102275,2026-05-20,2026-05,control,1,0,0,0,0.0,1,1,1
U102276,2026-06-05,2026-06,control,1,1,0,0,0.0,0,0,0
U102277,2026-05-09,2026-05,control,1,1,0,0,0.0,0,0,0
U102278,2026-05-24,2026-05,treatment,1,1,0,0,0.0,0,0,0
U102279,2026-02-17,2026-02,treatment,1,0,0,0,0.0,1,1,1
U102280,2026-04-01,2026-04,treatment,1,1,1,1,128.56,1,1,1
U102281,2026-04-19,2026-04,treatment,1,0,0,0,0.0,0,0,0
U102282,2026-05-04,2026-05,treatment,1,0,0,0,0.0,0,0,0
U102283,2026-02-08,2026-02,treatment,1,0,0,0,0.0,1,1,1
U102284,2026-03-09,2026-03,control,1,0,0,0,0.0,0,0,0
U102285,2026-04-05,2026-04,treatment,1,1,1,0,0.0,0,0,0
U102286,2026-06-27,2026-06,control,1,0,0,0,0.0,1,1,1
U102287,2026-04-14,2026-04,treatment,1,0,0,0,0.0,0,0,0
U102288,2026-05-05,2026-05,treatment,1,0,0,0,0.0,0,0,0
U102289,2026-03-21,2026-03,control,1,1,0,0,0.0,0,0,0
U102290,2026-05-21,2026-05,treatment,1,1,1,0,0.0,0,0,0
U102291,2026-04-06,2026-04,control,1,0,0,0,0.0,0,0,0
U102292,2026-03-23,2026-03,control,1,1,1,1,55.27,0,0,0
U102293,2026-05-10,2026-05,control,1,1,0,0,0.0,0,0,0
U102294,2026-01-14,2026-01,treatment,1,0,0,0,0.0,0,0,0
U102295,2026-01-16,2026-01,treatment,1,1,0,0,0.0,0,0,0
U102296,2026-03-26,2026-03,treatment,1,0,0,0,0.0,1,1,1
U102297,2026-02-04,2026-02,control,1,0,0,0,0.0,1,1,1
U102298,2026-03-01,2026-03,treatment,1,1,0,0,0.0,1,1,1
U102299,2026-04-15,2026-04,treatment,1,0,0,0,0.0,0,0,0
U102300,2026-06-11,2026-06,control,1,0,0,0,0.0,0,0,0
U102301,2026-05-17,2026-05,treatment,1,1,1,0,0.0,1,1,1
U102302,2026-05-09,2026-05,control,1,0,0,0,0.0,0,0,0
U102303,2026-04-08,2026-04,control,1,0,0,0,0.0,1,1,1
U102304,2026-06-23,2026-06,control,1,0,0,0,0.0,0,0,0
U102305,2026-04-24,2026-04,treatment,1,0,0,0,0.0,1,1,1
U102306,2026-02-23,2026-02,control,1,0,0,0,0.0,0,0,0
U102307,2026-05-22,2026-05,control,1,1,0,0,0.0,1,1,1
U102308,2026-03-02,2026-03,control,1,0,0,0,0.0,1,1,1
U102309,2026-04-16,2026-04,control,1,1,1,1,118.83,1,1,1
U102310,2026-05-09,2026-05,control,1,0,0,0,0.0,0,0,0
U102311,2026-06-18,2026-06,control,1,1,1,0,0.0,0,0,0
U102312,2026-05-07,2026-05,treatment,1,1,0,0,0.0,0,0,0
U102313,2026-05-31,2026-05,control,1,0,0,0,0.0,0,0,0
U102314,2026-06-29,2026-06,treatment,1,1,1,1,49.16,0,0,0
U102315,2026-03-07,2026-03,treatment,1,1,1,0,0.0,1,1,1
U102316,2026-04-05,2026-04,control,1,0,0,0,0.0,0,0,0
U102317,2026-04-24,2026-04,control,1,0,0,0,0.0,1,1,1
U102318,2026-04-27,2026-04,treatment,1,1,1,1,99.87,0,0,0
U102319,2026-04-26,2026-04,control,1,1,1,0,0.0,0,0,0
U102320,2026-06-21,2026-06,control,1,0,0,0,0.0,0,0,0
U102321,2026-06-02,2026-06,control,1,0,0,0,0.0,1,1,1
U102322,2026-05-21,2026-05,treatment,1,0,0,0,0.0,0,0,0
U102323,2026-04-11,2026-04,treatment,1,0,0,0,0.0,0,0,0
U102324,2026-06-13,2026-06,treatment,1,1,1,0,0.0,1,1,1
U102325,2026-06-25,2026-06,treatment,1,0,0,0,0.0,1,1,1
U102326,2026-06-13,2026-06,control,1,0,0,0,0.0,0,0,0
U102327,2026-01-08,2026-01,control,1,1,1,1,45.97,0,0,0
U102328,2026-05-24,2026-05,control,1,0,0,0,0.0,0,0,0
U102329,2026-02-10,2026-02,control,1,0,0,0,0.0,1,1,1
U102330,2026-04-02,2026-04,control,1,0,0,0,0.0,1,1,1
U102331,2026-02-13,2026-02,control,1,0,0,0,0.0,0,0,0
U102332,2026-05-20,2026-05,control,1,0,0,0,0.0,0,0,0
U102333,2026-05-30,2026-05,control,1,0,0,0,0.0,1,1,1
U102334,2026-03-02,2026-03,control,1,0,0,0,0.0,0,0,0
U102335,2026-04-22,2026-04,treatment,1,1,1,1,22.92,1,1,1
U102336,2026-05-02,2026-05,treatment,1,1,0,0,0.0,0,0,0
U102337,2026-04-20,2026-04,treatment,1,0,0,0,0.0,1,1,1
U102338,2026-03-04,2026-03,control,1,0,0,0,0.0,0,0,0
U102339,2026-04-27,2026-04,control,1,1,1,1,43.61,0,0,0
U102340,2026-06-06,2026-06,control,1,0,0,0,0.0,0,0,0
U102341,2026-02-17,2026-02,control,1,1,0,0,0.0,0,0,0
U102342,2026-02-20,2026-02,control,1,1,0,0,0.0,1,1,1
U102343,2026-04-18,2026-04,treatment,1,0,0,0,0.0,0,0,0
U102344,2026-06-24,2026-06,treatment,1,0,0,0,0.0,1,1,1
U102345,2026-05-28,2026-05,control,1,0,0,0,0.0,0,0,0
U102346,2026-05-29,2026-05,control,1,0,0,0,0.0,0,0,0
U102347,2026-04-19,2026-04,control,1,1,1,0,0.0,0,0,0
U102348,2026-05-19,2026-05,control,1,1,1,0,0.0,0,0,0
U102349,2026-01-19,2026-01,control,1,0,0,0,0.0,1,1,1
U102350,2026-05-24,2026-05,control,1,0,0,0,0.0,0,0,0
U102351,2026-06-22,2026-06,control,1,0,0,0,0.0,0,0,0
U102352,2026-05-21,2026-05,control,1,0,0,0,0.0,1,1,1
U102353,2026-06-18,2026-06,control,1,1,1,1,30.94,0,0,0
U102354,2026-06-03,2026-06,control,1,1,0,0,0.0,1,1,1
U102355,2026-03-04,2026-03,control,1,0,0,0,0.0,0,0,0
U102356,2026-06-20,2026-06,treatment,1,0,0,0,0.0,1,1,1
U102357,2026-02-16,2026-02,control,1,0,0,0,0.0,0,0,0
U102358,2026-05-12,2026-05,treatment,1,0,0,0,0.0,0,0,0
U102359,2026-03-09,2026-03,treatment,1,0,0,0,0.0,0,0,0
U102360,2026-01-20,2026-01,treatment,1,0,0,0,0.0,1,1,1
U102361,2026-04-27,2026-04,treatment,1,0,0,0,0.0,0,0,0
U102362,2026-04-08,2026-04,treatment,1,1,1,1,28.72,0,0,0
U102363,2026-05-06,2026-05,treatment,1,0,0,0,0.0,1,1,1
U102364,2026-05-17,2026-05,control,1,0,0,0,0.0,0,0,0
U102365,2026-02-07,2026-02,control,1,1,1,1,42.24,0,0,0
U102366,2026-03-05,2026-03,treatment,1,1,0,0,0.0,0,0,0
U102367,2026-05-15,2026-05,treatment,1,0,0,0,0.0,0,0,0
U102368,2026-04-16,2026-04,treatment,1,0,0,0,0.0,0,0,0
U102369,2026-06-03,2026-06,treatment,1,1,1,1,102.11,0,0,0
U102370,2026-05-26,2026-05,treatment,1,0,0,0,0.0,1,1,1
U102371,2026-06-15,2026-06,treatment,1,0,0,0,0.0,0,0,0
U102372,2026-05-30,2026-05,treatment,1,0,0,0,0.0,0,0,0
U102373,2026-04-29,2026-04,treatment,1,0,0,0,0.0,1,1,1
U102374,2026-05-28,2026-05,treatment,1,0,0,0,0.0,1,1,1
U102375,2026-04-05,2026-04,treatment,1,0,0,0,0.0,0,0,0
U102376,2026-04-10,2026-04,treatment,1,1,1,1,55.3,1,1,1
U102377,2026-06-09,2026-06,treatment,1,1,1,0,0.0,0,0,0
U102378,2026-05-01,2026-05,control,1,1,0,0,0.0,0,0,0
U102379,2026-06-10,2026-06,control,1,0,0,0,0.0,1,1,1
U102380,2026-06-13,2026-06,treatment,1,0,0,0,0.0,0,0,0
U102381,2026-06-16,2026-06,treatment,1,1,0,0,0.0,1,1,1
U102382,2026-06-22,2026-06,control,1,0,0,0,0.0,1,1,1
U102383,2026-04-29,2026-04,control,1,0,0,0,0.0,0,0,0
U102384,2026-04-12,2026-04,treatment,1,0,0,0,0.0,0,0,0
U102385,2026-05-18,2026-05,treatment,1,0,0,0,0.0,1,1,1
U102386,2026-04-20,2026-04,treatment,1,0,0,0,0.0,0,0,0
U102387,2026-05-20,2026-05,treatment,1,0,0,0,0.0,0,0,0
U102388,2026-06-01,2026-06,control,1,1,1,0,0.0,0,0,0
U102389,2026-05-30,2026-05,control,1,0,0,0,0.0,0,0,0
U102390,2026-04-21,2026-04,control,1,1,1,1,23.38,1,1,1
U102391,2026-03-15,2026-03,treatment,1,1,1,0,0.0,0,0,0
U102392,2026-04-29,2026-04,control,1,0,0,0,0.0,0,0,0
U102393,2026-03-09,2026-03,treatment,1,1,1,0,0.0,0,0,0
U102394,2026-06-19,2026-06,treatment,1,1,1,0,0.0,1,1,1
U102395,2026-04-16,2026-04,treatment,1,0,0,0,0.0,1,1,1
U102396,2026-03-12,2026-03,treatment,1,0,0,0,0.0,0,0,0
U102397,2026-01-29,2026-01,control,1,0,0,0,0.0,0,0,0
U102398,2026-05-25,2026-05,treatment,1,1,1,1,82.89,0,0,0
U102399,2026-05-24,2026-05,control,1,0,0,0,0.0,0,0,0
U102400,2026-04-16,2026-04,control,1,0,0,0,0.0,1,1,1
U102401,2026-02-18,2026-02,control,1,0,0,0,0.0,1,1,1
U102402,2026-04-26,2026-04,control,1,0,0,0,0.0,0,0,0
U102403,2026-04-11,2026-04,treatment,1,0,0,0,0.0,0,0,0
U102404,2026-05-29,2026-05,treatment,1,0,0,0,0.0,0,0,0
U102405,2026-05-21,2026-05,control,1,1,0,0,0.0,1,1,1
U102406,2026-04-19,2026-04,control,1,1,0,0,0.0,0,0,0
U102407,2026-03-26,2026-03,treatment,1,1,1,0,0.0,1,1,1
U102408,2026-06-28,2026-06,treatment,1,1,1,1,52.66,0,0,0
U102409,2026-05-02,2026-05,control,1,1,0,0,0.0,1,1,1
U102410,2026-05-30,2026-05,treatment,1,0,0,0,0.0,1,1,1
U102411,2026-03-09,2026-03,treatment,1,0,0,0,0.0,0,0,0
U102412,2026-05-06,2026-05,treatment,1,1,1,1,58.53,1,1,1
U102413,2026-01-30,2026-01,control,1,0,0,0,0.0,0,0,0
U102414,2026-05-08,2026-05,treatment,1,0,0,0,0.0,1,1,1
U102415,2026-06-26,2026-06,treatment,1,0,0,0,0.0,0,0,0
U102416,2026-04-22,2026-04,treatment,1,0,0,0,0.0,1,1,1
U102417,2026-02-05,2026-02,treatment,1,1,1,0,0.0,1,1,1
U102418,2026-02-01,2026-02,treatment,1,0,0,0,0.0,1,1,1
U102419,2026-04-23,2026-04,control,1,1,0,0,0.0,0,0,0
U102420,2026-03-14,2026-03,treatment,1,0,0,0,0.0,1,1,1
U102421,2026-01-28,2026-01,treatment,1,0,0,0,0.0,0,0,0
U102422,2026-06-06,2026-06,treatment,1,0,0,0,0.0,0,0,0
U102423,2026-05-02,2026-05,control,1,1,1,1,61.77,1,1,1
U102424,2026-04-07,2026-04,control,1,1,1,1,82.4,1,1,1
U102425,2026-06-20,2026-06,treatment,1,0,0,0,0.0,0,0,0
U102426,2026-03-03,2026-03,treatment,1,0,0,0,0.0,1,1,1
U102427,2026-06-25,2026-06,control,1,1,0,0,0.0,1,1,1
U102428,2026-04-11,2026-04,treatment,1,0,0,0,0.0,0,0,0
U102429,2026-06-19,2026-06,control,1,0,0,0,0.0,0,0,0
U102430,2026-05-20,2026-05,treatment,1,0,0,0,0.0,0,0,0
U102431,2026-06-13,2026-06,treatment,1,0,0,0,0.0,1,1,1
U102432,2026-06-28,2026-06,control,1,0,0,0,0.0,0,0,0
U102433,2026-04-07,2026-04,treatment,1,0,0,0,0.0,0,0,0
U102434,2026-06-26,2026-06,treatment,1,1,0,0,0.0,0,0,0
U102435,2026-04-23,2026-04,control,1,1,0,0,0.0,1,1,1
U102436,2026-04-22,2026-04,treatment,1,1,0,0,0.0,0,0,0
U102437,2026-04-16,2026-04,control,1,0,0,0,0.0,1,1,1
U102438,2026-05-13,2026-05,treatment,1,1,0,0,0.0,0,0,0
U102439,2026-03-12,2026-03,control,1,1,1,1,32.59,1,1,1
U102440,2026-05-14,2026-05,control,1,1,0,0,0.0,0,0,0
U102441,2026-05-13,2026-05,control,1,0,0,0,0.0,0,0,0
U102442,2026-06-07,2026-06,control,1,0,0,0,0.0,0,0,0
U102443,2026-06-14,2026-06,treatment,1,1,1,0,0.0,0,0,0
U102444,2026-04-30,2026-04,control,1,1,1,0,0.0,0,0,0
U102445,2026-04-09,2026-04,control,1,1,0,0,0.0,0,0,0
U102446,2026-04-02,2026-04,treatment,1,1,1,1,52.22,0,0,0
U102447,2026-03-21,2026-03,control,1,0,0,0,0.0,0,0,0
U102448,2026-02-13,2026-02,treatment,1,0,0,0,0.0,0,0,0
U102449,2026-04-16,2026-04,treatment,1,1,1,1,121.24,1,1,1
U102450,2026-04-04,2026-04,treatment,1,0,0,0,0.0,0,0,0
U102451,2026-06-26,2026-06,control,1,0,0,0,0.0,1,1,1
U102452,2026-05-15,2026-05,control,1,1,0,0,0.0,0,0,0
U102453,2026-04-17,2026-04,treatment,1,0,0,0,0.0,0,0,0
U102454,2026-05-18,2026-05,control,1,1,0,0,0.0,0,0,0
U102455,2026-03-09,2026-03,control,1,1,1,0,0.0,0,0,0
U102456,2026-04-30,2026-04,control,1,0,0,0,0.0,1,1,1
U102457,2026-05-23,2026-05,control,1,0,0,0,0.0,0,0,0
U102458,2026-05-06,2026-05,treatment,1,0,0,0,0.0,0,0,0
U102459,2026-04-25,2026-04,treatment,1,1,0,0,0.0,0,0,0
U102460,2026-06-29,2026-06,treatment,1,0,0,0,0.0,1,1,1
U102461,2026-06-18,2026-06,treatment,1,0,0,0,0.0,1,1,1
U102462,2026-05-23,2026-05,control,1,1,0,0,0.0,0,0,0
U102463,2026-05-16,2026-05,control,1,0,0,0,0.0,0,0,0
U102464,2026-05-22,2026-05,treatment,1,0,0,0,0.0,0,0,0
U102465,2026-03-22,2026-03,control,1,0,0,0,0.0,0,0,0
U102466,2026-04-24,2026-04,control,1,0,0,0,0.0,0,0,0
U102467,2026-02-05,2026-02,treatment,1,1,1,1,53.8,0,0,0
U102468,2026-05-05,2026-05,treatment,1,0,0,0,0.0,0,0,0
U102469,2026-05-13,2026-05,control,1,0,0,0,0.0,0,0,0
U102470,2026-03-27,2026-03,treatment,1,1,0,0,0.0,0,0,0
U102471,2026-06-26,2026-06,treatment,1,1,1,0,0.0,0,0,0
U102472,2026-06-21,2026-06,control,1,0,0,0,0.0,0,0,0
U102473,2026-06-02,2026-06,treatment,1,1,0,0,0.0,1,1,1
U102474,2026-05-12,2026-05,control,1,1,0,0,0.0,0,0,0
U102475,2026-06-17,2026-06,treatment,1,0,0,0,0.0,0,0,0
U102476,2026-03-07,2026-03,treatment,1,1,1,1,27.73,0,0,0
U102477,2026-06-10,2026-06,treatment,1,1,1,0,0.0,0,0,0
U102478,2026-03-05,2026-03,control,1,0,0,0,0.0,0,0,0
U102479,2026-06-10,2026-06,control,1,1,0,0,0.0,1,1,1
U102480,2026-04-05,2026-04,control,1,1,1,0,0.0,0,0,0
U102481,2026-06-18,2026-06,treatment,1,1,1,1,78.85,0,0,0
U102482,2026-06-24,2026-06,control,1,0,0,0,0.0,1,1,1
U102483,2026-03-11,2026-03,control,1,0,0,0,0.0,0,0,0
U102484,2026-05-03,2026-05,control,1,0,0,0,0.0,0,0,0
U102485,2026-06-28,2026-06,control,1,0,0,0,0.0,1,1,1
U102486,2026-05-06,2026-05,control,1,1,1,1,41.99,1,1,1
U102487,2026-06-17,2026-06,treatment,1,0,0,0,0.0,0,0,0
U102488,2026-05-19,2026-05,control,1,0,0,0,0.0,0,0,0
U102489,2026-04-21,2026-04,control,1,1,0,0,0.0,0,0,0
U102490,2026-04-07,2026-04,treatment,1,0,0,0,0.0,0,0,0
U102491,2026-03-23,2026-03,treatment,1,0,0,0,0.0,1,1,1
U102492,2026-06-07,2026-06,control,1,0,0,0,0.0,1,1,1
U102493,2026-04-22,2026-04,control,1,0,0,0,0.0,0,0,0
U102494,2026-05-09,2026-05,treatment,1,1,0,0,0.0,0,0,0
U102495,2026-05-07,2026-05,control,1,1,0,0,0.0,0,0,0
U102496,2026-05-17,2026-05,treatment,1,0,0,0,0.0,0,0,0
U102497,2026-06-17,2026-06,control,1,0,0,0,0.0,0,0,0
U102498,2026-06-28,2026-06,control,1,1,0,0,0.0,1,1,1
U102499,2026-04-25,2026-04,control,1,1,0,0,0.0,1,1,1
U102500,2026-06-13,2026-06,treatment,1,0,0,0,0.0,1,1,1
U102501,2026-06-07,2026-06,treatment,1,1,1,0,0.0,0,0,0
U102502,2026-05-17,2026-05,control,1,0,0,0,0.0,1,1,1
U102503,2026-06-25,2026-06,treatment,1,0,0,0,0.0,1,1,1
U102504,2026-03-22,2026-03,control,1,1,0,0,0.0,1,1,1
U102505,2026-03-01,2026-03,control,1,0,0,0,0.0,0,0,0
U102506,2026-06-16,2026-06,treatment,1,0,0,0,0.0,0,0,0
U102507,2026-04-30,2026-04,control,1,0,0,0,0.0,1,1,1
U102508,2026-06-15,2026-06,treatment,1,0,0,0,0.0,0,0,0
U102509,2026-06-20,2026-06,treatment,1,1,1,0,0.0,0,0,0
U102510,2026-02-14,2026-02,treatment,1,0,0,0,0.0,1,1,1
U102511,2026-06-19,2026-06,treatment,1,1,1,1,73.74,0,0,0
U102512,2026-05-01,2026-05,control,1,0,0,0,0.0,1,1,1
U102513,2026-05-09,2026-05,control,1,1,0,0,0.0,0,0,0
U102514,2026-05-23,2026-05,control,1,0,0,0,0.0,0,0,0
U102515,2026-06-23,2026-06,control,1,1,1,0,0.0,1,1,1
U102516,2026-01-25,2026-01,control,1,1,1,1,68.6,0,0,0
U102517,2026-05-05,2026-05,control,1,1,1,1,38.95,1,1,1
U102518,2026-05-30,2026-05,treatment,1,1,1,1,65.45,0,0,0
U102519,2026-06-03,2026-06,control,1,0,0,0,0.0,0,0,0
U102520,2026-05-30,2026-05,treatment,1,0,0,0,0.0,0,0,0
U102521,2026-03-07,2026-03,treatment,1,1,1,1,38.91,1,1,1
U102522,2026-04-09,2026-04,treatment,1,1,1,1,89.9,0,0,0
U102523,2026-04-18,2026-04,control,1,0,0,0,0.0,0,0,0
U102524,2026-06-11,2026-06,control,1,0,0,0,0.0,0,0,0
U102525,2026-04-06,2026-04,control,1,0,0,0,0.0,1,1,1
U102526,2026-03-24,2026-03,control,1,1,1,1,52.82,0,0,0
U102527,2026-06-26,2026-06,control,1,1,0,0,0.0,1,1,1
U102528,2026-01-17,2026-01,treatment,1,0,0,0,0.0,0,0,0
U102529,2026-06-29,2026-06,control,1,0,0,0,0.0,0,0,0
U102530,2026-05-29,2026-05,treatment,1,0,0,0,0.0,0,0,0
U102531,2026-06-13,2026-06,treatment,1,0,0,0,0.0,1,1,1
U102532,2026-04-08,2026-04,control,1,1,1,0,0.0,1,1,1
U102533,2026-01-22,2026-01,control,1,1,1,0,0.0,1,1,1
U102534,2026-06-04,2026-06,treatment,1,0,0,0,0.0,0,0,0
U102535,2026-06-14,2026-06,control,1,0,0,0,0.0,1,1,1
U102536,2026-06-04,2026-06,treatment,1,0,0,0,0.0,0,0,0
U102537,2026-03-10,2026-03,control,1,1,0,0,0.0,1,1,1
U102538,2026-06-06,2026-06,treatment,1,0,0,0,0.0,0,0,0
U102539,2026-06-07,2026-06,control,1,0,0,0,0.0,1,1,1
U102540,2026-05-27,2026-05,control,1,1,1,0,0.0,1,1,1
U102541,2026-06-07,2026-06,treatment,1,1,1,0,0.0,0,0,0
U102542,2026-06-15,2026-06,control,1,1,0,0,0.0,0,0,0
U102543,2026-05-21,2026-05,control,1,0,0,0,0.0,1,1,1
U102544,2026-02-23,2026-02,control,1,0,0,0,0.0,1,1,1
U102545,2026-05-06,2026-05,control,1,0,0,0,0.0,1,1,1
U102546,2026-02-20,2026-02,treatment,1,1,0,0,0.0,1,1,1
U102547,2026-04-25,2026-04,treatment,1,1,0,0,0.0,1,1,1
U102548,2026-04-25,2026-04,treatment,1,1,0,0,0.0,1,1,1
U102549,2026-02-16,2026-02,treatment,1,0,0,0,0.0,0,0,0
U102550,2026-04-17,2026-04,control,1,1,1,0,0.0,0,0,0
U102551,2026-03-01,2026-03,control,1,0,0,0,0.0,0,0,0
U102552,2026-06-11,2026-06,treatment,1,0,0,0,0.0,0,0,0
U102553,2026-06-25,2026-06,treatment,1,0,0,0,0.0,1,1,1
U102554,2026-02-18,2026-02,control,1,1,1,0,0.0,1,1,1
U102555,2026-06-25,2026-06,control,1,0,0,0,0.0,0,0,0
U102556,2026-05-11,2026-05,control,1,1,1,1,106.5,0,0,0
U102557,2026-04-09,2026-04,treatment,1,1,1,1,68.45,0,0,0
U102558,2026-02-19,2026-02,treatment,1,0,0,0,0.0,0,0,0
U102559,2026-05-08,2026-05,control,1,1,0,0,0.0,0,0,0
U102560,2026-06-10,2026-06,treatment,1,0,0,0,0.0,1,1,1
U102561,2026-06-01,2026-06,control,1,0,0,0,0.0,1,1,1
U102562,2026-02-10,2026-02,control,1,1,0,0,0.0,1,1,1
U102563,2026-02-18,2026-02,treatment,1,1,0,0,0.0,0,0,0
U102564,2026-04-25,2026-04,control,1,0,0,0,0.0,0,0,0
U102565,2026-04-08,2026-04,control,1,1,0,0,0.0,0,0,0
U102566,2026-03-28,2026-03,treatment,1,1,1,0,0.0,0,0,0
U102567,2026-04-06,2026-04,treatment,1,0,0,0,0.0,1,1,1
U102568,2026-06-11,2026-06,treatment,1,0,0,0,0.0,1,1,1
U102569,2026-06-23,2026-06,control,1,1,0,0,0.0,0,0,0
U102570,2026-04-25,2026-04,control,1,0,0,0,0.0,0,0,0
U102571,2026-06-21,2026-06,treatment,1,1,1,1,74.39,0,0,0
U102572,2026-04-13,2026-04,treatment,1,1,1,0,0.0,0,0,0
U102573,2026-05-05,2026-05,treatment,1,0,0,0,0.0,0,0,0
U102574,2026-03-27,2026-03,control,1,1,0,0,0.0,0,0,0
U102575,2026-05-25,2026-05,control,1,0,0,0,0.0,0,0,0
U102576,2026-06-28,2026-06,treatment,1,1,1,1,77.05,0,0,0
U102577,2026-05-20,2026-05,treatment,1,0,0,0,0.0,0,0,0
U102578,2026-04-18,2026-04,control,1,1,1,1,57.67,1,1,1
U102579,2026-05-25,2026-05,control,1,0,0,0,0.0,1,1,1
U102580,2026-03-05,2026-03,control,1,1,1,0,0.0,0,0,0
U102581,2026-06-19,2026-06,control,1,0,0,0,0.0,0,0,0
U102582,2026-05-08,2026-05,control,1,0,0,0,0.0,0,0,0
U102583,2026-05-01,2026-05,control,1,0,0,0,0.0,0,0,0
U102584,2026-05-18,2026-05,treatment,1,1,1,1,51.67,0,0,0
U102585,2026-05-23,2026-05,control,1,0,0,0,0.0,0,0,0
U102586,2026-02-18,2026-02,treatment,1,1,1,0,0.0,1,1,1
U102587,2026-05-29,2026-05,control,1,1,1,1,59.44,0,0,0
U102588,2026-03-30,2026-03,treatment,1,1,1,1,21.56,0,0,0
U102589,2026-06-02,2026-06,control,1,0,0,0,0.0,0,0,0
U102590,2026-06-13,2026-06,treatment,1,1,1,1,43.61,0,0,0
U102591,2026-06-11,2026-06,treatment,1,0,0,0,0.0,1,1,1
U102592,2026-05-14,2026-05,treatment,1,1,1,0,0.0,0,0,0
U102593,2026-05-10,2026-05,treatment,1,1,1,1,66.01,0,0,0
U102594,2026-03-10,2026-03,control,1,0,0,0,0.0,0,0,0
U102595,2026-06-08,2026-06,treatment,1,0,0,0,0.0,0,0,0
U102596,2026-04-04,2026-04,treatment,1,0,0,0,0.0,0,0,0
U102597,2026-05-07,2026-05,treatment,1,0,0,0,0.0,0,0,0
U102598,2026-04-06,2026-04,control,1,1,0,0,0.0,0,0,0
U102599,2026-03-07,2026-03,treatment,1,0,0,0,0.0,0,0,0
U102600,2026-05-23,2026-05,control,1,1,0,0,0.0,1,1,1
U102601,2026-02-11,2026-02,control,1,0,0,0,0.0,0,0,0
U102602,2026-06-05,2026-06,control,1,1,0,0,0.0,1,1,1
U102603,2026-04-12,2026-04,control,1,1,0,0,0.0,1,1,1
U102604,2026-01-03,2026-01,treatment,1,1,1,1,39.59,1,1,1
U102605,2026-05-09,2026-05,treatment,1,0,0,0,0.0,0,0,0
U102606,2026-02-08,2026-02,treatment,1,1,0,0,0.0,0,0,0
U102607,2026-04-05,2026-04,treatment,1,0,0,0,0.0,0,0,0
U102608,2026-06-01,2026-06,treatment,1,0,0,0,0.0,0,0,0
U102609,2026-02-15,2026-02,treatment,1,1,1,1,43.5,0,0,0
U102610,2026-06-14,2026-06,control,1,1,1,1,53.96,0,0,0
U102611,2026-01-12,2026-01,treatment,1,0,0,0,0.0,1,1,1
U102612,2026-03-31,2026-03,treatment,1,0,0,0,0.0,1,1,1
U102613,2026-06-04,2026-06,treatment,1,0,0,0,0.0,1,1,1
U102614,2026-04-12,2026-04,treatment,1,0,0,0,0.0,0,0,0
U102615,2026-02-27,2026-02,treatment,1,0,0,0,0.0,0,0,0
U102616,2026-04-19,2026-04,control,1,1,1,0,0.0,0,0,0
U102617,2026-04-04,2026-04,control,1,0,0,0,0.0,0,0,0
U102618,2026-06-15,2026-06,treatment,1,1,0,0,0.0,0,0,0
U102619,2026-04-11,2026-04,control,1,0,0,0,0.0,1,1,1
U102620,2026-06-09,2026-06,treatment,1,1,0,0,0.0,0,0,0
U102621,2026-06-19,2026-06,control,1,0,0,0,0.0,0,0,0
U102622,2026-04-29,2026-04,control,1,1,1,1,96.5,0,0,0
U102623,2026-06-21,2026-06,treatment,1,0,0,0,0.0,1,1,1
U102624,2026-04-21,2026-04,control,1,0,0,0,0.0,1,1,1
U102625,2026-06-26,2026-06,treatment,1,0,0,0,0.0,1,1,1
U102626,2026-02-23,2026-02,control,1,1,1,0,0.0,0,0,0
U102627,2026-05-30,2026-05,control,1,1,1,0,0.0,0,0,0
U102628,2026-05-07,2026-05,treatment,1,0,0,0,0.0,1,1,1
U102629,2026-04-23,2026-04,control,1,0,0,0,0.0,0,0,0
U102630,2026-05-24,2026-05,treatment,1,0,0,0,0.0,1,1,1
U102631,2026-06-01,2026-06,treatment,1,0,0,0,0.0,1,1,1
U102632,2026-01-12,2026-01,control,1,1,1,0,0.0,0,0,0
U102633,2026-03-15,2026-03,treatment,1,1,0,0,0.0,0,0,0
U102634,2026-06-01,2026-06,treatment,1,1,0,0,0.0,0,0,0
U102635,2026-05-27,2026-05,control,1,1,1,0,0.0,0,0,0
U102636,2026-06-26,2026-06,control,1,1,1,0,0.0,0,0,0
U102637,2026-06-07,2026-06,control,1,0,0,0,0.0,0,0,0
U102638,2026-06-25,2026-06,treatment,1,0,0,0,0.0,0,0,0
U102639,2026-05-31,2026-05,treatment,1,0,0,0,0.0,0,0,0
U102640,2026-04-09,2026-04,treatment,1,0,0,0,0.0,0,0,0
U102641,2026-02-28,2026-02,treatment,1,1,1,1,54.52,1,1,1
U102642,2026-06-09,2026-06,treatment,1,1,1,0,0.0,1,1,1
U102643,2026-05-25,2026-05,treatment,1,1,1,0,0.0,0,0,0
U102644,2026-02-09,2026-02,treatment,1,0,0,0,0.0,0,0,0
U102645,2026-04-19,2026-04,control,1,0,0,0,0.0,1,1,1
U102646,2026-06-26,2026-06,treatment,1,1,0,0,0.0,0,0,0
U102647,2026-05-08,2026-05,treatment,1,1,0,0,0.0,0,0,0
U102648,2026-04-29,2026-04,treatment,1,0,0,0,0.0,0,0,0
U102649,2026-05-02,2026-05,treatment,1,1,1,0,0.0,1,1,1
U102650,2026-03-24,2026-03,control,1,1,1,1,43.74,0,0,0
U102651,2026-04-20,2026-04,treatment,1,0,0,0,0.0,0,0,0
U102652,2026-04-20,2026-04,control,1,0,0,0,0.0,1,1,1
U102653,2026-02-11,2026-02,treatment,1,1,0,0,0.0,0,0,0
U102654,2026-06-07,2026-06,control,1,1,0,0,0.0,0,0,0
U102655,2026-04-27,2026-04,treatment,1,0,0,0,0.0,1,1,1
U102656,2026-06-13,2026-06,treatment,1,1,1,0,0.0,0,0,0
U102657,2026-06-15,2026-06,treatment,1,1,1,1,81.38,0,0,0
U102658,2026-03-24,2026-03,control,1,1,1,1,129.0,0,0,0
U102659,2026-05-26,2026-05,treatment,1,0,0,0,0.0,1,1,1
U102660,2026-05-04,2026-05,treatment,1,1,0,0,0.0,1,1,1
U102661,2026-06-18,2026-06,treatment,1,0,0,0,0.0,1,1,1
U102662,2026-03-25,2026-03,control,1,1,0,0,0.0,1,1,1
U102663,2026-05-29,2026-05,treatment,1,1,1,1,52.62,0,0,0
U102664,2026-05-21,2026-05,control,1,0,0,0,0.0,1,1,1
U102665,2026-04-08,2026-04,treatment,1,0,0,0,0.0,1,1,1
U102666,2026-03-08,2026-03,control,1,1,1,1,52.69,0,0,0
U102667,2026-05-26,2026-05,treatment,1,1,0,0,0.0,0,0,0
U102668,2026-06-04,2026-06,treatment,1,0,0,0,0.0,1,1,1
U102669,2026-04-12,2026-04,control,1,0,0,0,0.0,1,1,1
U102670,2026-05-25,2026-05,control,1,0,0,0,0.0,1,1,1
U102671,2026-04-24,2026-04,treatment,1,0,0,0,0.0,1,1,1
U102672,2026-06-02,2026-06,control,1,1,0,0,0.0,0,0,0
U102673,2026-03-22,2026-03,treatment,1,1,1,1,55.38,0,0,0
U102674,2026-06-19,2026-06,control,1,1,1,0,0.0,0,0,0
U102675,2026-04-07,2026-04,control,1,0,0,0,0.0,0,0,0
U102676,2026-04-20,2026-04,control,1,1,0,0,0.0,0,0,0
U102677,2026-02-13,2026-02,treatment,1,0,0,0,0.0,0,0,0
U102678,2026-03-02,2026-03,control,1,1,0,0,0.0,0,0,0
U102679,2026-05-10,2026-05,treatment,1,0,0,0,0.0,0,0,0
U102680,2026-04-04,2026-04,treatment,1,0,0,0,0.0,0,0,0
U102681,2026-06-14,2026-06,control,1,0,0,0,0.0,0,0,0
U102682,2026-01-22,2026-01,treatment,1,0,0,0,0.0,0,0,0
U102683,2026-04-21,2026-04,control,1,1,1,0,0.0,0,0,0
U102684,2026-04-15,2026-04,treatment,1,1,1,0,0.0,0,0,0
U102685,2026-01-26,2026-01,control,1,1,1,1,39.45,0,0,0
U102686,2026-03-05,2026-03,control,1,1,1,1,40.48,0,0,0
U102687,2026-04-26,2026-04,treatment,1,0,0,0,0.0,0,0,0
U102688,2026-05-07,2026-05,treatment,1,0,0,0,0.0,0,0,0
U102689,2026-04-25,2026-04,control,1,1,1,1,38.69,0,0,0
U102690,2026-05-12,2026-05,treatment,1,0,0,0,0.0,1,1,1
U102691,2026-05-19,2026-05,control,1,0,0,0,0.0,0,0,0
U102692,2026-01-18,2026-01,treatment,1,1,0,0,0.0,0,0,0
U102693,2026-05-03,2026-05,treatment,1,0,0,0,0.0,1,1,1
U102694,2026-06-26,2026-06,control,1,0,0,0,0.0,1,1,1
U102695,2026-05-10,2026-05,control,1,0,0,0,0.0,0,0,0
U102696,2026-05-29,2026-05,control,1,0,0,0,0.0,0,0,0
U102697,2026-04-11,2026-04,control,1,0,0,0,0.0,0,0,0
U102698,2026-06-08,2026-06,control,1,0,0,0,0.0,1,1,1
U102699,2026-06-08,2026-06,treatment,1,0,0,0,0.0,0,0,0
U102700,2026-05-10,2026-05,treatment,1,0,0,0,0.0,1,1,1
U102701,2026-06-27,2026-06,control,1,0,0,0,0.0,0,0,0
U102702,2026-03-05,2026-03,treatment,1,1,1,0,0.0,1,1,1
U102703,2026-01-24,2026-01,treatment,1,0,0,0,0.0,1,1,1
U102704,2026-06-07,2026-06,treatment,1,0,0,0,0.0,0,0,0
U102705,2026-06-11,2026-06,treatment,1,0,0,0,0.0,0,0,0
U102706,2026-03-04,2026-03,treatment,1,0,0,0,0.0,0,0,0
U102707,2026-04-03,2026-04,control,1,0,0,0,0.0,0,0,0
U102708,2026-01-24,2026-01,control,1,0,0,0,0.0,1,1,1
U102709,2026-04-08,2026-04,control,1,1,1,1,86.0,0,0,0
U102710,2026-06-08,2026-06,control,1,1,1,0,0.0,0,0,0
U102711,2026-05-10,2026-05,control,1,1,1,0,0.0,1,1,1
U102712,2026-04-17,2026-04,treatment,1,0,0,0,0.0,0,0,0
U102713,2026-04-20,2026-04,control,1,0,0,0,0.0,1,1,1
U102714,2026-01-07,2026-01,treatment,1,0,0,0,0.0,1,1,1
U102715,2026-04-09,2026-04,control,1,1,0,0,0.0,0,0,0
U102716,2026-05-25,2026-05,treatment,1,0,0,0,0.0,0,0,0
U102717,2026-06-27,2026-06,treatment,1,0,0,0,0.0,0,0,0
U102718,2026-06-15,2026-06,control,1,0,0,0,0.0,0,0,0
U102719,2026-01-28,2026-01,control,1,1,0,0,0.0,0,0,0
U102720,2026-06-20,2026-06,treatment,1,1,0,0,0.0,1,1,1
U102721,2026-06-09,2026-06,control,1,1,0,0,0.0,0,0,0
U102722,2026-06-09,2026-06,control,1,0,0,0,0.0,0,0,0
U102723,2026-05-02,2026-05,control,1,0,0,0,0.0,0,0,0
U102724,2026-04-24,2026-04,treatment,1,1,0,0,0.0,1,1,1
U102725,2026-04-10,2026-04,treatment,1,0,0,0,0.0,1,1,1
U102726,2026-02-16,2026-02,treatment,1,0,0,0,0.0,0,0,0
U102727,2026-03-27,2026-03,treatment,1,1,1,1,123.55,1,1,1
U102728,2026-03-31,2026-03,treatment,1,1,1,1,81.21,1,1,1
U102729,2026-05-06,2026-05,treatment,1,1,1,1,45.89,0,0,0
U102730,2026-06-05,2026-06,treatment,1,1,1,1,56.27,0,0,0
U102731,2026-05-04,2026-05,control,1,0,0,0,0.0,0,0,0
U102732,2026-02-13,2026-02,control,1,0,0,0,0.0,0,0,0
U102733,2026-06-26,2026-06,treatment,1,1,1,0,0.0,0,0,0
U102734,2026-06-24,2026-06,treatment,1,1,1,0,0.0,0,0,0
U102735,2026-06-09,2026-06,control,1,1,0,0,0.0,1,1,1
U102736,2026-06-29,2026-06,control,1,1,1,1,39.95,0,0,0
U102737,2026-05-13,2026-05,treatment,1,1,1,0,0.0,0,0,0
U102738,2026-06-26,2026-06,treatment,1,0,0,0,0.0,0,0,0
U102739,2026-02-19,2026-02,control,1,1,1,1,34.89,0,0,0
U102740,2026-04-19,2026-04,treatment,1,1,0,0,0.0,1,1,1
U102741,2026-03-27,2026-03,treatment,1,0,0,0,0.0,0,0,0
U102742,2026-03-21,2026-03,treatment,1,0,0,0,0.0,1,1,1
U102743,2026-03-09,2026-03,control,1,1,0,0,0.0,0,0,0
U102744,2026-05-23,2026-05,control,1,0,0,0,0.0,0,0,0
U102745,2026-06-09,2026-06,control,1,1,1,1,28.94,1,1,1
U102746,2026-05-17,2026-05,control,1,0,0,0,0.0,1,1,1
U102747,2026-03-11,2026-03,treatment,1,1,0,0,0.0,1,1,1
U102748,2026-06-12,2026-06,control,1,0,0,0,0.0,1,1,1
U102749,2026-05-24,2026-05,treatment,1,0,0,0,0.0,1,1,1
U102750,2026-04-23,2026-04,control,1,0,0,0,0.0,1,1,1
U102751,2026-05-28,2026-05,control,1,0,0,0,0.0,0,0,0
U102752,2026-04-02,2026-04,treatment,1,0,0,0,0.0,1,1,1
U102753,2026-04-16,2026-04,treatment,1,0,0,0,0.0,0,0,0
U102754,2026-06-22,2026-06,control,1,1,0,0,0.0,0,0,0
U102755,2026-04-08,2026-04,treatment,1,0,0,0,0.0,0,0,0
U102756,2026-05-04,2026-05,treatment,1,1,0,0,0.0,1,1,1
U102757,2026-06-19,2026-06,treatment,1,1,0,0,0.0,1,1,1
U102758,2026-06-01,2026-06,treatment,1,1,1,0,0.0,1,1,1
U102759,2026-02-14,2026-02,control,1,0,0,0,0.0,0,0,0
U102760,2026-03-11,2026-03,treatment,1,0,0,0,0.0,0,0,0
U102761,2026-01-16,2026-01,treatment,1,0,0,0,0.0,0,0,0
U102762,2026-05-23,2026-05,control,1,1,1,0,0.0,0,0,0
U102763,2026-05-01,2026-05,control,1,1,1,1,156.83,1,1,1
U102764,2026-03-07,2026-03,treatment,1,0,0,0,0.0,0,0,0
U102765,2026-06-26,2026-06,control,1,0,0,0,0.0,0,0,0
U102766,2026-05-11,2026-05,control,1,0,0,0,0.0,0,0,0
U102767,2026-03-30,2026-03,treatment,1,0,0,0,0.0,1,1,1
U102768,2026-05-08,2026-05,control,1,0,0,0,0.0,0,0,0
U102769,2026-05-29,2026-05,control,1,1,0,0,0.0,0,0,0
U102770,2026-02-19,2026-02,treatment,1,0,0,0,0.0,0,0,0
U102771,2026-04-05,2026-04,treatment,1,1,1,0,0.0,1,1,1
U102772,2026-06-11,2026-06,control,1,1,0,0,0.0,1,1,1
U102773,2026-05-03,2026-05,treatment,1,1,1,1,15.6,1,1,1
U102774,2026-05-14,2026-05,treatment,1,0,0,0,0.0,1,1,1
U102775,2026-04-29,2026-04,treatment,1,0,0,0,0.0,0,0,0
U102776,2026-02-07,2026-02,control,1,0,0,0,0.0,0,0,0
U102777,2026-03-15,2026-03,control,1,1,1,0,0.0,0,0,0
U102778,2026-05-01,2026-05,control,1,0,0,0,0.0,1,1,1
U102779,2026-03-24,2026-03,treatment,1,0,0,0,0.0,0,0,0
U102780,2026-02-10,2026-02,treatment,1,1,1,1,68.03,0,0,0
U102781,2026-06-15,2026-06,treatment,1,0,0,0,0.0,0,0,0
U102782,2026-06-28,2026-06,treatment,1,1,1,0,0.0,1,1,1
U102783,2026-06-10,2026-06,treatment,1,0,0,0,0.0,1,1,1
U102784,2026-06-16,2026-06,control,1,0,0,0,0.0,1,1,1
U102785,2026-03-30,2026-03,treatment,1,0,0,0,0.0,1,1,1
U102786,2026-06-26,2026-06,treatment,1,0,0,0,0.0,0,0,0
U102787,2026-03-21,2026-03,treatment,1,1,0,0,0.0,1,1,1
U102788,2026-06-25,2026-06,control,1,0,0,0,0.0,0,0,0
U102789,2026-06-29,2026-06,treatment,1,0,0,0,0.0,1,1,1
U102790,2026-06-01,2026-06,control,1,1,1,0,0.0,0,0,0
U102791,2026-06-28,2026-06,control,1,1,1,0,0.0,0,0,0
U102792,2026-05-16,2026-05,treatment,1,0,0,0,0.0,0,0,0
U102793,2026-04-02,2026-04,treatment,1,0,0,0,0.0,0,0,0
U102794,2026-04-29,2026-04,control,1,0,0,0,0.0,1,1,1
U102795,2026-05-19,2026-05,treatment,1,0,0,0,0.0,0,0,0
U102796,2026-02-18,2026-02,control,1,0,0,0,0.0,0,0,0
U102797,2026-05-22,2026-05,control,1,0,0,0,0.0,0,0,0
U102798,2026-06-28,2026-06,control,1,1,0,0,0.0,1,1,1
U102799,2026-03-20,2026-03,treatment,1,0,0,0,0.0,0,0,0
U102800,2026-06-10,2026-06,treatment,1,1,0,0,0.0,0,0,0
U102801,2026-06-21,2026-06,treatment,1,1,0,0,0.0,0,0,0
U102802,2026-06-24,2026-06,treatment,1,1,1,0,0.0,0,0,0
U102803,2026-06-26,2026-06,control,1,0,0,0,0.0,0,0,0
U102804,2026-05-10,2026-05,control,1,1,0,0,0.0,0,0,0
U102805,2026-06-27,2026-06,treatment,1,1,1,0,0.0,0,0,0
U102806,2026-06-06,2026-06,control,1,0,0,0,0.0,0,0,0
U102807,2026-03-14,2026-03,treatment,1,0,0,0,0.0,0,0,0
U102808,2026-05-05,2026-05,treatment,1,0,0,0,0.0,0,0,0
U102809,2026-06-02,2026-06,treatment,1,1,1,1,65.45,0,0,0
U102810,2026-03-31,2026-03,control,1,0,0,0,0.0,1,1,1
U102811,2026-05-25,2026-05,control,1,0,0,0,0.0,1,1,1
U102812,2026-05-27,2026-05,treatment,1,1,0,0,0.0,0,0,0
U102813,2026-03-14,2026-03,control,1,0,0,0,0.0,0,0,0
U102814,2026-05-16,2026-05,treatment,1,1,1,1,40.94,1,1,1
U102815,2026-06-08,2026-06,control,1,0,0,0,0.0,0,0,0
U102816,2026-05-08,2026-05,control,1,1,0,0,0.0,1,1,1
U102817,2026-01-20,2026-01,control,1,0,0,0,0.0,1,1,1
U102818,2026-01-18,2026-01,control,1,0,0,0,0.0,0,0,0
U102819,2026-04-18,2026-04,treatment,1,1,1,1,34.99,1,1,1
U102820,2026-06-23,2026-06,control,1,0,0,0,0.0,0,0,0
U102821,2026-03-28,2026-03,control,1,0,0,0,0.0,0,0,0
U102822,2026-05-24,2026-05,control,1,1,0,0,0.0,0,0,0
U102823,2026-03-26,2026-03,control,1,0,0,0,0.0,0,0,0
U102824,2026-04-13,2026-04,control,1,1,0,0,0.0,0,0,0
U102825,2026-06-15,2026-06,control,1,0,0,0,0.0,0,0,0
U102826,2026-06-03,2026-06,treatment,1,0,0,0,0.0,0,0,0
U102827,2026-02-25,2026-02,treatment,1,0,0,0,0.0,0,0,0
U102828,2026-04-28,2026-04,treatment,1,1,1,0,0.0,1,1,1
U102829,2026-01-31,2026-01,treatment,1,0,0,0,0.0,0,0,0
U102830,2026-05-05,2026-05,control,1,1,1,0,0.0,1,1,1
U102831,2026-05-27,2026-05,treatment,1,1,1,1,75.91,1,1,1
U102832,2026-03-03,2026-03,treatment,1,0,0,0,0.0,0,0,0
U102833,2026-04-07,2026-04,control,1,1,1,1,82.04,0,0,0
U102834,2026-04-24,2026-04,treatment,1,1,1,1,191.12,1,1,1
U102835,2026-06-22,2026-06,control,1,0,0,0,0.0,1,1,1
U102836,2026-06-29,2026-06,control,1,0,0,0,0.0,0,0,0
U102837,2026-02-08,2026-02,treatment,1,0,0,0,0.0,0,0,0
U102838,2026-06-07,2026-06,control,1,1,1,0,0.0,0,0,0
U102839,2026-04-20,2026-04,control,1,1,0,0,0.0,0,0,0
U102840,2026-04-23,2026-04,control,1,0,0,0,0.0,0,0,0
U102841,2026-06-06,2026-06,control,1,0,0,0,0.0,0,0,0
U102842,2026-06-22,2026-06,control,1,1,0,0,0.0,0,0,0
U102843,2026-06-25,2026-06,treatment,1,0,0,0,0.0,1,1,1
U102844,2026-05-17,2026-05,treatment,1,1,1,1,24.1,1,1,1
U102845,2026-04-18,2026-04,treatment,1,0,0,0,0.0,1,1,1
U102846,2026-06-09,2026-06,control,1,1,1,1,37.35,0,0,0
U102847,2026-04-01,2026-04,treatment,1,1,1,0,0.0,1,1,1
U102848,2026-05-16,2026-05,treatment,1,0,0,0,0.0,0,0,0
U102849,2026-04-18,2026-04,control,1,0,0,0,0.0,1,1,1
U102850,2026-05-26,2026-05,treatment,1,0,0,0,0.0,0,0,0
U102851,2026-03-30,2026-03,treatment,1,0,0,0,0.0,0,0,0
U102852,2026-03-20,2026-03,treatment,1,0,0,0,0.0,1,1,1
U102853,2026-06-22,2026-06,control,1,1,0,0,0.0,0,0,0
U102854,2026-02-27,2026-02,control,1,0,0,0,0.0,0,0,0
U102855,2026-05-09,2026-05,treatment,1,0,0,0,0.0,0,0,0
U102856,2026-03-26,2026-03,treatment,1,1,0,0,0.0,1,1,1
U102857,2026-02-05,2026-02,treatment,1,1,1,0,0.0,1,1,1
U102858,2026-02-04,2026-02,treatment,1,0,0,0,0.0,1,1,1
U102859,2026-03-17,2026-03,treatment,1,1,1,1,73.54,1,1,1
U102860,2026-06-17,2026-06,control,1,1,1,1,81.9,1,1,1
U102861,2026-04-06,2026-04,treatment,1,1,1,0,0.0,0,0,0
U102862,2026-06-25,2026-06,control,1,0,0,0,0.0,0,0,0
U102863,2026-05-18,2026-05,treatment,1,0,0,0,0.0,0,0,0
U102864,2026-04-29,2026-04,treatment,1,1,0,0,0.0,0,0,0
U102865,2026-05-18,2026-05,control,1,1,0,0,0.0,0,0,0
U102866,2026-05-10,2026-05,treatment,1,1,0,0,0.0,1,1,1
U102867,2026-06-06,2026-06,control,1,0,0,0,0.0,0,0,0
U102868,2026-04-06,2026-04,control,1,0,0,0,0.0,0,0,0
U102869,2026-04-17,2026-04,control,1,1,0,0,0.0,1,1,1
U102870,2026-06-20,2026-06,control,1,0,0,0,0.0,0,0,0
U102871,2026-06-25,2026-06,control,1,0,0,0,0.0,0,0,0
U102872,2026-06-20,2026-06,control,1,0,0,0,0.0,0,0,0
U102873,2026-04-27,2026-04,treatment,1,1,1,1,36.96,0,0,0
U102874,2026-06-09,2026-06,treatment,1,0,0,0,0.0,0,0,0
U102875,2026-05-05,2026-05,treatment,1,1,1,1,47.96,1,1,1
U102876,2026-05-07,2026-05,control,1,1,0,0,0.0,1,1,1
U102877,2026-03-23,2026-03,treatment,1,1,1,1,50.75,1,1,1
U102878,2026-05-19,2026-05,treatment,1,1,1,1,42.51,1,1,1
U102879,2026-03-19,2026-03,control,1,1,0,0,0.0,1,1,1
U102880,2026-04-14,2026-04,treatment,1,0,0,0,0.0,0,0,0
U102881,2026-06-16,2026-06,control,1,0,0,0,0.0,1,1,1
U102882,2026-03-23,2026-03,treatment,1,1,0,0,0.0,0,0,0
U102883,2026-02-18,2026-02,control,1,0,0,0,0.0,0,0,0
U102884,2026-02-17,2026-02,control,1,1,1,0,0.0,1,1,1
U102885,2026-06-24,2026-06,treatment,1,1,1,0,0.0,0,0,0
U102886,2026-05-09,2026-05,control,1,0,0,0,0.0,0,0,0
U102887,2026-04-26,2026-04,control,1,0,0,0,0.0,1,1,1
U102888,2026-06-12,2026-06,treatment,1,0,0,0,0.0,0,0,0
U102889,2026-06-14,2026-06,treatment,1,0,0,0,0.0,0,0,0
U102890,2026-04-14,2026-04,treatment,1,0,0,0,0.0,1,1,1
U102891,2026-05-30,2026-05,control,1,1,0,0,0.0,0,0,0
U102892,2026-06-08,2026-06,control,1,0,0,0,0.0,1,1,1
U102893,2026-05-26,2026-05,treatment,1,1,1,1,132.46,0,0,0
U102894,2026-03-12,2026-03,control,1,0,0,0,0.0,1,1,1
U102895,2026-06-18,2026-06,control,1,0,0,0,0.0,0,0,0
U102896,2026-05-13,2026-05,treatment,1,0,0,0,0.0,0,0,0
U102897,2026-04-06,2026-04,control,1,1,0,0,0.0,0,0,0
U102898,2026-04-28,2026-04,control,1,0,0,0,0.0,1,1,1
U102899,2026-02-04,2026-02,control,1,0,0,0,0.0,0,0,0
U102900,2026-03-06,2026-03,control,1,1,0,0,0.0,1,1,1
U102901,2026-06-07,2026-06,control,1,0,0,0,0.0,0,0,0
U102902,2026-01-01,2026-01,control,1,0,0,0,0.0,1,1,1
U102903,2026-04-27,2026-04,control,1,0,0,0,0.0,0,0,0
U102904,2026-05-11,2026-05,treatment,1,0,0,0,0.0,0,0,0
U102905,2026-02-12,2026-02,treatment,1,1,0,0,0.0,1,1,1
U102906,2026-06-27,2026-06,control,1,0,0,0,0.0,1,1,1
U102907,2026-03-27,2026-03,treatment,1,0,0,0,0.0,1,1,1
U102908,2026-04-10,2026-04,control,1,1,1,1,29.37,0,0,0
U102909,2026-04-10,2026-04,control,1,1,1,0,0.0,0,0,0
U102910,2026-03-28,2026-03,control,1,1,0,0,0.0,0,0,0
U102911,2026-01-07,2026-01,treatment,1,1,1,0,0.0,1,1,1
U102912,2026-06-03,2026-06,treatment,1,0,0,0,0.0,0,0,0
U102913,2026-06-26,2026-06,treatment,1,1,0,0,0.0,0,0,0
U102914,2026-03-27,2026-03,control,1,0,0,0,0.0,1,1,1
U102915,2026-05-27,2026-05,control,1,1,0,0,0.0,0,0,0
U102916,2026-06-05,2026-06,treatment,1,0,0,0,0.0,1,1,1
U102917,2026-06-15,2026-06,control,1,0,0,0,0.0,1,1,1
U102918,2026-04-28,2026-04,treatment,1,1,1,1,49.96,1,1,1
U102919,2026-04-10,2026-04,treatment,1,1,1,1,64.5,0,0,0
U102920,2026-04-13,2026-04,treatment,1,1,1,0,0.0,0,0,0
U102921,2026-06-01,2026-06,treatment,1,0,0,0,0.0,0,0,0
U102922,2026-06-12,2026-06,treatment,1,0,0,0,0.0,1,1,1
U102923,2026-03-18,2026-03,treatment,1,0,0,0,0.0,0,0,0
U102924,2026-04-20,2026-04,treatment,1,0,0,0,0.0,0,0,0
U102925,2026-06-20,2026-06,control,1,0,0,0,0.0,0,0,0
U102926,2026-06-11,2026-06,treatment,1,0,0,0,0.0,1,1,1
U102927,2026-06-28,2026-06,control,1,0,0,0,0.0,0,0,0
U102928,2026-06-06,2026-06,control,1,0,0,0,0.0,1,1,1
U102929,2026-04-23,2026-04,control,1,1,1,1,38.67,0,0,0
U102930,2026-05-19,2026-05,control,1,1,0,0,0.0,0,0,0
U102931,2026-05-27,2026-05,treatment,1,0,0,0,0.0,0,0,0
U102932,2026-02-20,2026-02,treatment,1,0,0,0,0.0,0,0,0
U102933,2026-05-13,2026-05,control,1,0,0,0,0.0,1,1,1
U102934,2026-06-01,2026-06,control,1,0,0,0,0.0,0,0,0
U102935,2026-03-15,2026-03,treatment,1,1,0,0,0.0,0,0,0
U102936,2026-06-09,2026-06,treatment,1,1,1,1,115.85,1,1,1
U102937,2026-05-18,2026-05,treatment,1,1,1,0,0.0,1,1,1
U102938,2026-06-25,2026-06,control,1,0,0,0,0.0,0,0,0
U102939,2026-02-07,2026-02,treatment,1,1,0,0,0.0,0,0,0
U102940,2026-04-03,2026-04,control,1,0,0,0,0.0,0,0,0
U102941,2026-05-20,2026-05,control,1,0,0,0,0.0,0,0,0
U102942,2026-04-09,2026-04,control,1,0,0,0,0.0,1,1,1
U102943,2026-06-02,2026-06,control,1,1,0,0,0.0,0,0,0
U102944,2026-06-06,2026-06,control,1,0,0,0,0.0,0,0,0
U102945,2026-02-27,2026-02,treatment,1,0,0,0,0.0,0,0,0
U102946,2026-05-10,2026-05,control,1,1,1,0,0.0,0,0,0
U102947,2026-05-09,2026-05,control,1,0,0,0,0.0,0,0,0
U102948,2026-04-20,2026-04,control,1,0,0,0,0.0,0,0,0
U102949,2026-06-23,2026-06,control,1,0,0,0,0.0,0,0,0
U102950,2026-06-13,2026-06,treatment,1,0,0,0,0.0,0,0,0
U102951,2026-05-31,2026-05,control,1,1,0,0,0.0,0,0,0
U102952,2026-06-02,2026-06,treatment,1,0,0,0,0.0,0,0,0
U102953,2026-05-03,2026-05,control,1,0,0,0,0.0,1,1,1
U102954,2026-06-22,2026-06,treatment,1,0,0,0,0.0,1,1,1
U102955,2026-05-31,2026-05,treatment,1,1,0,0,0.0,1,1,1
U102956,2026-06-03,2026-06,treatment,1,0,0,0,0.0,0,0,0
U102957,2026-06-17,2026-06,treatment,1,1,0,0,0.0,1,1,1
U102958,2026-04-05,2026-04,treatment,1,0,0,0,0.0,0,0,0
U102959,2026-06-11,2026-06,control,1,0,0,0,0.0,0,0,0
U102960,2026-03-21,2026-03,treatment,1,1,1,0,0.0,1,1,1
U102961,2026-04-16,2026-04,treatment,1,0,0,0,0.0,0,0,0
U102962,2026-04-15,2026-04,treatment,1,0,0,0,0.0,0,0,0
U102963,2026-06-28,2026-06,control,1,0,0,0,0.0,1,1,1
U102964,2026-06-16,2026-06,control,1,0,0,0,0.0,1,1,1
U102965,2026-05-31,2026-05,treatment,1,0,0,0,0.0,0,0,0
U102966,2026-06-03,2026-06,control,1,1,0,0,0.0,0,0,0
U102967,2026-05-15,2026-05,control,1,1,1,1,41.08,0,0,0
U102968,2026-06-25,2026-06,control,1,0,0,0,0.0,1,1,1
U102969,2026-05-07,2026-05,treatment,1,0,0,0,0.0,1,1,1
U102970,2026-04-22,2026-04,treatment,1,1,1,1,87.11,1,1,1
U102971,2026-03-14,2026-03,control,1,0,0,0,0.0,1,1,1
U102972,2026-06-09,2026-06,control,1,0,0,0,0.0,0,0,0
U102973,2026-06-04,2026-06,control,1,1,0,0,0.0,1,1,1
U102974,2026-04-22,2026-04,control,1,1,0,0,0.0,0,0,0
U102975,2026-01-29,2026-01,treatment,1,1,1,0,0.0,1,1,1
U102976,2026-06-14,2026-06,treatment,1,1,1,1,39.82,1,1,1
U102977,2026-01-20,2026-01,control,1,1,0,0,0.0,0,0,0
U102978,2026-05-31,2026-05,treatment,1,0,0,0,0.0,0,0,0
U102979,2026-06-27,2026-06,treatment,1,1,0,0,0.0,1,1,1
U102980,2026-04-30,2026-04,control,1,0,0,0,0.0,0,0,0
U102981,2026-03-29,2026-03,control,1,0,0,0,0.0,0,0,0
U102982,2026-06-01,2026-06,treatment,1,0,0,0,0.0,1,1,1
U102983,2026-06-12,2026-06,control,1,1,1,0,0.0,0,0,0
U102984,2026-05-14,2026-05,treatment,1,0,0,0,0.0,0,0,0
U102985,2026-06-27,2026-06,control,1,1,0,0,0.0,1,1,1
U102986,2026-02-10,2026-02,treatment,1,1,1,0,0.0,0,0,0
U102987,2026-05-08,2026-05,treatment,1,0,0,0,0.0,0,0,0
U102988,2026-06-02,2026-06,treatment,1,1,0,0,0.0,0,0,0
U102989,2026-06-17,2026-06,treatment,1,1,1,1,59.2,1,1,1
U102990,2026-03-18,2026-03,treatment,1,1,1,0,0.0,0,0,0
U102991,2026-06-10,2026-06,treatment,1,0,0,0,0.0,0,0,0
U102992,2026-05-14,2026-05,control,1,1,0,0,0.0,0,0,0
U102993,2026-04-24,2026-04,control,1,1,1,0,0.0,0,0,0
U102994,2026-03-07,2026-03,treatment,1,0,0,0,0.0,1,1,1
U102995,2026-06-17,2026-06,treatment,1,0,0,0,0.0,1,1,1
U102996,2026-03-13,2026-03,control,1,0,0,0,0.0,0,0,0
U102997,2026-04-11,2026-04,control,1,1,0,0,0.0,1,1,1
U102998,2026-04-07,2026-04,treatment,1,0,0,0,0.0,0,0,0
U102999,2026-06-18,2026-06,control,1,0,0,0,0.0,0,0,0
U103000,2026-05-28,2026-05,control,1,1,1,0,0.0,0,0,0
U103001,2026-06-10,2026-06,treatment,1,0,0,0,0.0,1,1,1
U103002,2026-04-01,2026-04,treatment,1,1,0,0,0.0,0,0,0
U103003,2026-05-23,2026-05,control,1,0,0,0,0.0,1,1,1
U103004,2026-05-17,2026-05,control,1,0,0,0,0.0,0,0,0
U103005,2026-06-14,2026-06,control,1,0,0,0,0.0,0,0,0
U103006,2026-06-21,2026-06,control,1,1,1,0,0.0,1,1,1
U103007,2026-01-20,2026-01,treatment,1,1,0,0,0.0,0,0,0
U103008,2026-05-28,2026-05,treatment,1,1,0,0,0.0,1,1,1
U103009,2026-02-10,2026-02,control,1,1,1,0,0.0,1,1,1
U103010,2026-05-14,2026-05,control,1,0,0,0,0.0,0,0,0
U103011,2026-04-07,2026-04,control,1,0,0,0,0.0,1,1,1
U103012,2026-04-10,2026-04,treatment,1,0,0,0,0.0,1,1,1
U103013,2026-04-17,2026-04,control,1,1,1,1,26.16,0,0,0
U103014,2026-05-22,2026-05,treatment,1,1,1,0,0.0,0,0,0
U103015,2026-04-15,2026-04,treatment,1,0,0,0,0.0,1,1,1
U103016,2026-06-04,2026-06,treatment,1,1,1,1,25.84,1,1,1
U103017,2026-04-25,2026-04,treatment,1,1,0,0,0.0,1,1,1
U103018,2026-02-17,2026-02,control,1,0,0,0,0.0,0,0,0
U103019,2026-06-09,2026-06,treatment,1,1,0,0,0.0,1,1,1
U103020,2026-04-07,2026-04,control,1,0,0,0,0.0,1,1,1
U103021,2026-04-29,2026-04,treatment,1,1,0,0,0.0,0,0,0
U103022,2026-05-30,2026-05,control,1,0,0,0,0.0,0,0,0
U103023,2026-04-14,2026-04,treatment,1,0,0,0,0.0,1,1,1
U103024,2026-02-12,2026-02,control,1,0,0,0,0.0,0,0,0
U103025,2026-04-21,2026-04,treatment,1,1,1,1,51.73,0,0,0
U103026,2026-06-24,2026-06,control,1,1,0,0,0.0,1,1,1
U103027,2026-05-25,2026-05,treatment,1,0,0,0,0.0,1,1,1
U103028,2026-05-28,2026-05,control,1,1,0,0,0.0,1,1,1
U103029,2026-05-24,2026-05,control,1,1,1,1,17.8,0,0,0
U103030,2026-03-22,2026-03,treatment,1,1,1,1,14.63,0,0,0
U103031,2026-04-27,2026-04,treatment,1,0,0,0,0.0,0,0,0
U103032,2026-06-05,2026-06,control,1,0,0,0,0.0,1,1,1
U103033,2026-02-27,2026-02,treatment,1,1,0,0,0.0,0,0,0
U103034,2026-04-05,2026-04,treatment,1,0,0,0,0.0,0,0,0
U103035,2026-04-05,2026-04,treatment,1,0,0,0,0.0,0,0,0
U103036,2026-04-29,2026-04,control,1,0,0,0,0.0,0,0,0
U103037,2026-06-28,2026-06,control,1,0,0,0,0.0,1,1,1
U103038,2026-02-16,2026-02,treatment,1,0,0,0,0.0,0,0,0
U103039,2026-05-10,2026-05,control,1,1,0,0,0.0,0,0,0
U103040,2026-03-18,2026-03,treatment,1,0,0,0,0.0,0,0,0
U103041,2026-06-27,2026-06,control,1,0,0,0,0.0,1,1,1
U103042,2026-03-02,2026-03,control,1,0,0,0,0.0,0,0,0
U103043,2026-04-25,2026-04,treatment,1,1,0,0,0.0,1,1,1
U103044,2026-06-04,2026-06,treatment,1,1,0,0,0.0,0,0,0
U103045,2026-06-01,2026-06,treatment,1,1,0,0,0.0,0,0,0
U103046,2026-04-28,2026-04,control,1,0,0,0,0.0,0,0,0
U103047,2026-04-16,2026-04,control,1,0,0,0,0.0,0,0,0
U103048,2026-04-24,2026-04,control,1,1,0,0,0.0,0,0,0
U103049,2026-04-03,2026-04,control,1,1,0,0,0.0,0,0,0
U103050,2026-03-23,2026-03,treatment,1,1,1,1,41.75,0,0,0
U103051,2026-05-06,2026-05,treatment,1,0,0,0,0.0,0,0,0
U103052,2026-04-04,2026-04,control,1,0,0,0,0.0,1,1,1
U103053,2026-04-07,2026-04,treatment,1,0,0,0,0.0,1,1,1
U103054,2026-05-26,2026-05,control,1,1,1,1,48.89,0,0,0
U103055,2026-06-27,2026-06,treatment,1,0,0,0,0.0,0,0,0
U103056,2026-05-20,2026-05,control,1,0,0,0,0.0,1,1,1
U103057,2026-02-19,2026-02,treatment,1,0,0,0,0.0,0,0,0
U103058,2026-02-19,2026-02,control,1,0,0,0,0.0,1,1,1
U103059,2026-06-25,2026-06,control,1,0,0,0,0.0,1,1,1
U103060,2026-04-09,2026-04,control,1,0,0,0,0.0,0,0,0
U103061,2026-02-24,2026-02,control,1,1,1,0,0.0,1,1,1
U103062,2026-05-20,2026-05,control,1,0,0,0,0.0,0,0,0
U103063,2026-05-23,2026-05,control,1,0,0,0,0.0,0,0,0
U103064,2026-05-25,2026-05,control,1,0,0,0,0.0,0,0,0
U103065,2026-04-04,2026-04,treatment,1,0,0,0,0.0,1,1,1
U103066,2026-01-23,2026-01,control,1,1,0,0,0.0,0,0,0
U103067,2026-06-26,2026-06,treatment,1,0,0,0,0.0,0,0,0
U103068,2026-04-01,2026-04,control,1,1,1,0,0.0,0,0,0
U103069,2026-05-28,2026-05,treatment,1,0,0,0,0.0,0,0,0
U103070,2026-06-01,2026-06,treatment,1,1,1,1,43.97,0,0,0
U103071,2026-05-21,2026-05,control,1,0,0,0,0.0,0,0,0
U103072,2026-04-11,2026-04,treatment,1,0,0,0,0.0,1,1,1
U103073,2026-04-04,2026-04,control,1,1,0,0,0.0,1,1,1
U103074,2026-05-20,2026-05,treatment,1,0,0,0,0.0,1,1,1
U103075,2026-06-17,2026-06,treatment,1,0,0,0,0.0,0,0,0
U103076,2026-06-25,2026-06,control,1,1,1,1,36.07,0,0,0
U103077,2026-02-28,2026-02,control,1,0,0,0,0.0,0,0,0
U103078,2026-03-12,2026-03,control,1,0,0,0,0.0,1,1,1
U103079,2026-06-24,2026-06,control,1,0,0,0,0.0,0,0,0
U103080,2026-06-04,2026-06,treatment,1,1,1,0,0.0,0,0,0
U103081,2026-06-19,2026-06,control,1,1,1,0,0.0,0,0,0
U103082,2026-03-23,2026-03,control,1,0,0,0,0.0,0,0,0
U103083,2026-05-18,2026-05,control,1,0,0,0,0.0,1,1,1
U103084,2026-05-31,2026-05,control,1,0,0,0,0.0,1,1,1
U103085,2026-05-29,2026-05,control,1,0,0,0,0.0,0,0,0
U103086,2026-04-25,2026-04,treatment,1,1,0,0,0.0,1,1,1
U103087,2026-01-23,2026-01,control,1,0,0,0,0.0,0,0,0
U103088,2026-05-18,2026-05,treatment,1,0,0,0,0.0,0,0,0
U103089,2026-04-01,2026-04,control,1,1,0,0,0.0,0,0,0
U103090,2026-05-01,2026-05,control,1,1,0,0,0.0,0,0,0
U103091,2026-06-26,2026-06,treatment,1,1,1,1,53.46,0,0,0
U103092,2026-04-24,2026-04,control,1,1,0,0,0.0,0,0,0
U103093,2026-06-14,2026-06,control,1,1,1,1,47.72,1,1,1
U103094,2026-03-20,2026-03,treatment,1,0,0,0,0.0,0,0,0
U103095,2026-05-28,2026-05,control,1,0,0,0,0.0,0,0,0
U103096,2026-06-27,2026-06,control,1,0,0,0,0.0,0,0,0
U103097,2026-02-27,2026-02,treatment,1,0,0,0,0.0,1,1,1
U103098,2026-01-17,2026-01,treatment,1,1,0,0,0.0,0,0,0
U103099,2026-04-29,2026-04,control,1,0,0,0,0.0,0,0,0
U103100,2026-02-24,2026-02,control,1,0,0,0,0.0,1,1,1
U103101,2026-06-05,2026-06,control,1,0,0,0,0.0,0,0,0
U103102,2026-06-22,2026-06,control,1,0,0,0,0.0,0,0,0
U103103,2026-04-29,2026-04,treatment,1,1,1,1,143.18,0,0,0
U103104,2026-04-02,2026-04,treatment,1,1,1,1,54.72,0,0,0
U103105,2026-04-29,2026-04,treatment,1,0,0,0,0.0,0,0,0
U103106,2026-06-03,2026-06,control,1,0,0,0,0.0,1,1,1
U103107,2026-01-18,2026-01,control,1,1,1,0,0.0,0,0,0
U103108,2026-05-19,2026-05,treatment,1,1,1,1,32.09,1,1,1
U103109,2026-05-21,2026-05,control,1,0,0,0,0.0,0,0,0
U103110,2026-05-24,2026-05,treatment,1,1,0,0,0.0,0,0,0
U103111,2026-03-30,2026-03,treatment,1,1,0,0,0.0,0,0,0
U103112,2026-06-02,2026-06,treatment,1,1,0,0,0.0,0,0,0
U103113,2026-02-24,2026-02,control,1,1,1,0,0.0,0,0,0
U103114,2026-03-22,2026-03,control,1,1,0,0,0.0,1,1,1
U103115,2026-06-18,2026-06,treatment,1,0,0,0,0.0,0,0,0
U103116,2026-06-04,2026-06,treatment,1,1,1,0,0.0,0,0,0
U103117,2026-01-22,2026-01,treatment,1,1,1,1,58.97,0,0,0
U103118,2026-03-31,2026-03,control,1,1,0,0,0.0,0,0,0
U103119,2026-03-25,2026-03,treatment,1,1,1,0,0.0,1,1,1
U103120,2026-04-04,2026-04,treatment,1,0,0,0,0.0,0,0,0
U103121,2026-03-31,2026-03,control,1,0,0,0,0.0,0,0,0
U103122,2026-02-15,2026-02,treatment,1,0,0,0,0.0,1,1,1
U103123,2026-05-02,2026-05,treatment,1,1,1,0,0.0,0,0,0
U103124,2026-06-04,2026-06,control,1,0,0,0,0.0,0,0,0
U103125,2026-05-21,2026-05,control,1,0,0,0,0.0,1,1,1
U103126,2026-05-28,2026-05,treatment,1,0,0,0,0.0,0,0,0
U103127,2026-02-21,2026-02,control,1,1,0,0,0.0,0,0,0
U103128,2026-06-25,2026-06,treatment,1,1,1,1,60.87,0,0,0
U103129,2026-06-14,2026-06,control,1,1,0,0,0.0,1,1,1
U103130,2026-06-11,2026-06,control,1,1,1,1,32.52,0,0,0
U103131,2026-06-13,2026-06,treatment,1,1,0,0,0.0,1,1,1
U103132,2026-06-23,2026-06,treatment,1,1,1,1,32.37,1,1,1
U103133,2026-05-13,2026-05,control,1,0,0,0,0.0,1,1,1
U103134,2026-03-22,2026-03,treatment,1,0,0,0,0.0,1,1,1
U103135,2026-05-22,2026-05,control,1,1,1,0,0.0,1,1,1
U103136,2026-06-05,2026-06,control,1,1,0,0,0.0,0,0,0
U103137,2026-06-04,2026-06,control,1,1,1,1,42.06,0,0,0
U103138,2026-05-10,2026-05,control,1,0,0,0,0.0,1,1,1
U103139,2026-02-17,2026-02,treatment,1,0,0,0,0.0,0,0,0
U103140,2026-04-20,2026-04,treatment,1,0,0,0,0.0,1,1,1
U103141,2026-06-22,2026-06,treatment,1,0,0,0,0.0,0,0,0
U103142,2026-05-18,2026-05,treatment,1,0,0,0,0.0,1,1,1
U103143,2026-05-13,2026-05,control,1,0,0,0,0.0,1,1,1
U103144,2026-04-04,2026-04,treatment,1,0,0,0,0.0,1,1,1
U103145,2026-04-20,2026-04,treatment,1,1,0,0,0.0,1,1,1
U103146,2026-06-20,2026-06,treatment,1,1,1,1,49.94,1,1,1
U103147,2026-05-27,2026-05,treatment,1,1,1,0,0.0,0,0,0
U103148,2026-06-09,2026-06,treatment,1,1,1,0,0.0,1,1,1
U103149,2026-05-02,2026-05,control,1,0,0,0,0.0,1,1,1
U103150,2026-05-23,2026-05,treatment,1,1,1,1,86.76,1,1,1
U103151,2026-03-31,2026-03,treatment,1,0,0,0,0.0,0,0,0
U103152,2026-06-01,2026-06,treatment,1,0,0,0,0.0,1,1,1
U103153,2026-04-28,2026-04,control,1,0,0,0,0.0,0,0,0
U103154,2026-04-30,2026-04,treatment,1,0,0,0,0.0,0,0,0
U103155,2026-05-26,2026-05,treatment,1,1,0,0,0.0,1,1,1
U103156,2026-06-24,2026-06,control,1,0,0,0,0.0,1,1,1
U103157,2026-02-15,2026-02,treatment,1,1,1,1,43.99,0,0,0
U103158,2026-06-13,2026-06,control,1,1,0,0,0.0,0,0,0
U103159,2026-04-08,2026-04,control,1,0,0,0,0.0,1,1,1
U103160,2026-04-30,2026-04,control,1,0,0,0,0.0,1,1,1
U103161,2026-01-27,2026-01,treatment,1,1,1,0,0.0,0,0,0
U103162,2026-04-09,2026-04,control,1,0,0,0,0.0,0,0,0
U103163,2026-05-08,2026-05,control,1,0,0,0,0.0,1,1,1
U103164,2026-02-12,2026-02,control,1,1,1,0,0.0,1,1,1
U103165,2026-05-07,2026-05,control,1,1,0,0,0.0,0,0,0
U103166,2026-06-23,2026-06,control,1,1,1,1,80.34,0,0,0
U103167,2026-02-28,2026-02,control,1,0,0,0,0.0,0,0,0
U103168,2026-06-07,2026-06,treatment,1,0,0,0,0.0,0,0,0
U103169,2026-04-26,2026-04,treatment,1,0,0,0,0.0,0,0,0
U103170,2026-05-26,2026-05,control,1,0,0,0,0.0,0,0,0
U103171,2026-04-02,2026-04,control,1,0,0,0,0.0,0,0,0
U103172,2026-03-13,2026-03,treatment,1,0,0,0,0.0,0,0,0
U103173,2026-03-14,2026-03,control,1,1,0,0,0.0,0,0,0
U103174,2026-02-17,2026-02,treatment,1,1,1,1,89.18,1,1,1
U103175,2026-03-19,2026-03,treatment,1,1,1,0,0.0,0,0,0
U103176,2026-05-27,2026-05,control,1,1,0,0,0.0,0,0,0
U103177,2026-06-19,2026-06,control,1,0,0,0,0.0,0,0,0
U103178,2026-06-12,2026-06,treatment,1,0,0,0,0.0,0,0,0
U103179,2026-05-29,2026-05,control,1,1,0,0,0.0,0,0,0
U103180,2026-03-01,2026-03,control,1,1,1,0,0.0,0,0,0
U103181,2026-04-07,2026-04,control,1,0,0,0,0.0,0,0,0
U103182,2026-04-11,2026-04,treatment,1,0,0,0,0.0,1,1,1
U103183,2026-03-31,2026-03,treatment,1,1,1,1,45.76,1,1,1
U103184,2026-05-10,2026-05,control,1,0,0,0,0.0,0,0,0
U103185,2026-05-12,2026-05,treatment,1,0,0,0,0.0,1,1,1
U103186,2026-04-18,2026-04,control,1,0,0,0,0.0,0,0,0
U103187,2026-04-18,2026-04,treatment,1,1,0,0,0.0,1,1,1
U103188,2026-06-13,2026-06,control,1,0,0,0,0.0,0,0,0
U103189,2026-06-09,2026-06,treatment,1,1,1,1,20.26,1,1,1
U103190,2026-04-10,2026-04,treatment,1,0,0,0,0.0,0,0,0
U103191,2026-06-22,2026-06,control,1,0,0,0,0.0,0,0,0
U103192,2026-06-25,2026-06,control,1,1,0,0,0.0,0,0,0
U103193,2026-04-13,2026-04,control,1,0,0,0,0.0,0,0,0
U103194,2026-04-18,2026-04,control,1,0,0,0,0.0,1,1,1
U103195,2026-05-08,2026-05,control,1,0,0,0,0.0,0,0,0
U103196,2026-06-24,2026-06,treatment,1,1,1,1,75.56,1,1,1
U103197,2026-06-18,2026-06,treatment,1,0,0,0,0.0,0,0,0
U103198,2026-02-27,2026-02,control,1,0,0,0,0.0,1,1,1
U103199,2026-04-23,2026-04,treatment,1,1,0,0,0.0,0,0,0
U103200,2026-05-14,2026-05,treatment,1,0,0,0,0.0,1,1,1
U103201,2026-05-08,2026-05,treatment,1,0,0,0,0.0,1,1,1
U103202,2026-03-21,2026-03,control,1,1,1,0,0.0,0,0,0
U103203,2026-06-16,2026-06,control,1,0,0,0,0.0,0,0,0
U103204,2026-05-29,2026-05,control,1,0,0,0,0.0,1,1,1
U103205,2026-06-14,2026-06,control,1,1,1,0,0.0,1,1,1
U103206,2026-06-16,2026-06,treatment,1,1,1,1,42.5,1,1,1
U103207,2026-06-05,2026-06,treatment,1,0,0,0,0.0,1,1,1
U103208,2026-04-30,2026-04,control,1,0,0,0,0.0,0,0,0
U103209,2026-05-21,2026-05,control,1,1,0,0,0.0,0,0,0
U103210,2026-03-14,2026-03,treatment,1,0,0,0,0.0,1,1,1
U103211,2026-05-28,2026-05,treatment,1,0,0,0,0.0,1,1,1
U103212,2026-03-18,2026-03,treatment,1,0,0,0,0.0,0,0,0
U103213,2026-05-30,2026-05,control,1,1,1,1,30.75,0,0,0
U103214,2026-03-28,2026-03,treatment,1,0,0,0,0.0,1,1,1
U103215,2026-03-03,2026-03,treatment,1,1,1,0,0.0,1,1,1
U103216,2026-03-15,2026-03,treatment,1,1,0,0,0.0,1,1,1
U103217,2026-01-09,2026-01,control,1,0,0,0,0.0,0,0,0
U103218,2026-06-02,2026-06,control,1,0,0,0,0.0,0,0,0
U103219,2026-06-04,2026-06,control,1,1,1,0,0.0,0,0,0
U103220,2026-05-10,2026-05,treatment,1,0,0,0,0.0,1,1,1
U103221,2026-03-14,2026-03,treatment,1,0,0,0,0.0,1,1,1
U103222,2026-02-22,2026-02,treatment,1,1,1,0,0.0,0,0,0
U103223,2026-01-25,2026-01,treatment,1,0,0,0,0.0,0,0,0
U103224,2026-03-15,2026-03,control,1,0,0,0,0.0,0,0,0
U103225,2026-06-19,2026-06,control,1,0,0,0,0.0,1,1,1
U103226,2026-03-30,2026-03,control,1,0,0,0,0.0,0,0,0
U103227,2026-04-18,2026-04,control,1,0,0,0,0.0,1,1,1
U103228,2026-02-28,2026-02,treatment,1,1,1,1,35.91,0,0,0
U103229,2026-03-26,2026-03,treatment,1,1,1,1,77.77,0,0,0
U103230,2026-05-10,2026-05,control,1,0,0,0,0.0,0,0,0
U103231,2026-05-21,2026-05,treatment,1,0,0,0,0.0,0,0,0
U103232,2026-03-31,2026-03,treatment,1,0,0,0,0.0,0,0,0
U103233,2026-02-13,2026-02,control,1,0,0,0,0.0,1,1,1
U103234,2026-04-23,2026-04,control,1,0,0,0,0.0,0,0,0
U103235,2026-03-29,2026-03,control,1,0,0,0,0.0,1,1,1
U103236,2026-03-26,2026-03,control,1,1,1,0,0.0,0,0,0
U103237,2026-06-26,2026-06,treatment,1,0,0,0,0.0,0,0,0
U103238,2026-05-22,2026-05,control,1,0,0,0,0.0,0,0,0
U103239,2026-05-15,2026-05,control,1,0,0,0,0.0,0,0,0
U103240,2026-04-27,2026-04,treatment,1,0,0,0,0.0,0,0,0
U103241,2026-04-28,2026-04,treatment,1,1,0,0,0.0,1,1,1
U103242,2026-05-13,2026-05,control,1,0,0,0,0.0,0,0,0
U103243,2026-05-31,2026-05,treatment,1,1,0,0,0.0,0,0,0
U103244,2026-05-31,2026-05,control,1,0,0,0,0.0,0,0,0
U103245,2026-03-16,2026-03,control,1,1,1,0,0.0,1,1,1
U103246,2026-05-08,2026-05,treatment,1,1,1,1,46.33,1,1,1
U103247,2026-04-26,2026-04,control,1,0,0,0,0.0,1,1,1
U103248,2026-06-17,2026-06,treatment,1,0,0,0,0.0,0,0,0
U103249,2026-05-24,2026-05,control,1,1,0,0,0.0,0,0,0
U103250,2026-05-12,2026-05,control,1,0,0,0,0.0,0,0,0
U103251,2026-03-03,2026-03,treatment,1,1,0,0,0.0,0,0,0
U103252,2026-05-21,2026-05,control,1,0,0,0,0.0,1,1,1
U103253,2026-03-03,2026-03,treatment,1,0,0,0,0.0,0,0,0
U103254,2026-04-15,2026-04,treatment,1,0,0,0,0.0,0,0,0
U103255,2026-03-10,2026-03,treatment,1,1,1,1,72.25,0,0,0
U103256,2026-05-30,2026-05,treatment,1,0,0,0,0.0,0,0,0
U103257,2026-03-23,2026-03,control,1,0,0,0,0.0,1,1,1
U103258,2026-04-23,2026-04,treatment,1,1,1,0,0.0,1,1,1
U103259,2026-06-20,2026-06,treatment,1,0,0,0,0.0,0,0,0
U103260,2026-03-23,2026-03,treatment,1,0,0,0,0.0,1,1,1
U103261,2026-05-09,2026-05,treatment,1,0,0,0,0.0,0,0,0
U103262,2026-04-27,2026-04,treatment,1,1,0,0,0.0,1,1,1
U103263,2026-01-25,2026-01,control,1,1,1,0,0.0,0,0,0
U103264,2026-06-10,2026-06,treatment,1,0,0,0,0.0,0,0,0
U103265,2026-02-17,2026-02,control,1,0,0,0,0.0,0,0,0
U103266,2026-05-04,2026-05,control,1,0,0,0,0.0,1,1,1
U103267,2026-05-15,2026-05,treatment,1,1,1,1,38.26,0,0,0
U103268,2026-05-23,2026-05,control,1,0,0,0,0.0,0,0,0
U103269,2026-05-30,2026-05,control,1,0,0,0,0.0,0,0,0
U103270,2026-04-01,2026-04,control,1,0,0,0,0.0,1,1,1
U103271,2026-01-18,2026-01,treatment,1,1,1,0,0.0,0,0,0
U103272,2026-06-03,2026-06,control,1,1,0,0,0.0,0,0,0
U103273,2026-05-12,2026-05,treatment,1,0,0,0,0.0,0,0,0
U103274,2026-06-14,2026-06,control,1,0,0,0,0.0,0,0,0
U103275,2026-06-13,2026-06,control,1,0,0,0,0.0,0,0,0
U103276,2026-06-15,2026-06,control,1,0,0,0,0.0,0,0,0
U103277,2026-05-06,2026-05,treatment,1,0,0,0,0.0,0,0,0
U103278,2026-04-14,2026-04,control,1,1,0,0,0.0,1,1,1
U103279,2026-06-10,2026-06,treatment,1,0,0,0,0.0,0,0,0
U103280,2026-05-01,2026-05,treatment,1,1,1,0,0.0,1,1,1
U103281,2026-03-19,2026-03,treatment,1,0,0,0,0.0,0,0,0
U103282,2026-06-16,2026-06,treatment,1,1,0,0,0.0,0,0,0
U103283,2026-06-19,2026-06,control,1,0,0,0,0.0,0,0,0
U103284,2026-05-03,2026-05,treatment,1,0,0,0,0.0,0,0,0
U103285,2026-02-19,2026-02,treatment,1,1,1,0,0.0,0,0,0
U103286,2026-04-23,2026-04,treatment,1,0,0,0,0.0,0,0,0
U103287,2026-06-11,2026-06,treatment,1,1,1,1,61.51,0,0,0
U103288,2026-06-20,2026-06,treatment,1,1,0,0,0.0,0,0,0
U103289,2026-03-23,2026-03,treatment,1,0,0,0,0.0,0,0,0
U103290,2026-02-16,2026-02,control,1,0,0,0,0.0,1,1,1
U103291,2026-06-18,2026-06,treatment,1,1,1,1,65.11,0,0,0
U103292,2026-04-23,2026-04,treatment,1,1,0,0,0.0,0,0,0
U103293,2026-05-13,2026-05,treatment,1,1,1,1,45.72,0,0,0
U103294,2026-06-27,2026-06,control,1,0,0,0,0.0,1,1,1
U103295,2026-02-16,2026-02,treatment,1,1,1,0,0.0,0,0,0
U103296,2026-05-25,2026-05,treatment,1,1,1,1,81.16,1,1,1
U103297,2026-02-19,2026-02,control,1,1,0,0,0.0,0,0,0
U103298,2026-04-21,2026-04,treatment,1,1,0,0,0.0,0,0,0
U103299,2026-06-11,2026-06,control,1,0,0,0,0.0,1,1,1
U103300,2026-04-29,2026-04,treatment,1,0,0,0,0.0,1,1,1
U103301,2026-06-29,2026-06,control,1,1,1,1,41.03,1,1,1
U103302,2026-05-15,2026-05,control,1,1,1,1,39.93,0,0,0
U103303,2026-04-13,2026-04,control,1,0,0,0,0.0,1,1,1
U103304,2026-03-26,2026-03,treatment,1,1,1,1,44.93,0,0,0
U103305,2026-04-17,2026-04,control,1,1,0,0,0.0,0,0,0
U103306,2026-04-20,2026-04,treatment,1,1,0,0,0.0,0,0,0
U103307,2026-02-17,2026-02,treatment,1,1,1,1,71.58,0,0,0
U103308,2026-04-20,2026-04,treatment,1,1,1,1,134.65,0,0,0
U103309,2026-05-03,2026-05,control,1,1,1,0,0.0,0,0,0
U103310,2026-06-03,2026-06,treatment,1,1,1,0,0.0,0,0,0
U103311,2026-05-26,2026-05,treatment,1,0,0,0,0.0,0,0,0
U103312,2026-06-01,2026-06,control,1,0,0,0,0.0,0,0,0
U103313,2026-01-17,2026-01,control,1,0,0,0,0.0,0,0,0
U103314,2026-03-25,2026-03,control,1,0,0,0,0.0,0,0,0
U103315,2026-05-27,2026-05,treatment,1,0,0,0,0.0,1,1,1
U103316,2026-05-06,2026-05,control,1,1,1,1,62.74,0,0,0
U103317,2026-01-14,2026-01,control,1,1,1,0,0.0,1,1,1
U103318,2026-06-11,2026-06,treatment,1,0,0,0,0.0,1,1,1
U103319,2026-06-08,2026-06,treatment,1,1,1,1,29.75,0,0,0
U103320,2026-05-14,2026-05,treatment,1,0,0,0,0.0,0,0,0
U103321,2026-02-16,2026-02,treatment,1,0,0,0,0.0,0,0,0
U103322,2026-06-07,2026-06,control,1,1,0,0,0.0,0,0,0
U103323,2026-05-18,2026-05,treatment,1,0,0,0,0.0,0,0,0
U103324,2026-06-09,2026-06,control,1,1,0,0,0.0,0,0,0
U103325,2026-06-06,2026-06,treatment,1,0,0,0,0.0,1,1,1
U103326,2026-06-11,2026-06,treatment,1,0,0,0,0.0,0,0,0
U103327,2026-05-10,2026-05,control,1,1,1,0,0.0,1,1,1
U103328,2026-03-09,2026-03,treatment,1,0,0,0,0.0,0,0,0
U103329,2026-05-28,2026-05,control,1,1,0,0,0.0,1,1,1
U103330,2026-05-22,2026-05,control,1,0,0,0,0.0,1,1,1
U103331,2026-06-05,2026-06,treatment,1,0,0,0,0.0,0,0,0
U103332,2026-03-16,2026-03,treatment,1,1,1,1,62.3,1,1,1
U103333,2026-03-21,2026-03,treatment,1,1,0,0,0.0,0,0,0
U103334,2026-06-19,2026-06,treatment,1,0,0,0,0.0,1,1,1
U103335,2026-06-05,2026-06,treatment,1,0,0,0,0.0,0,0,0
U103336,2026-06-21,2026-06,control,1,1,0,0,0.0,1,1,1
U103337,2026-06-06,2026-06,control,1,0,0,0,0.0,1,1,1
U103338,2026-05-20,2026-05,control,1,0,0,0,0.0,1,1,1
U103339,2026-05-26,2026-05,control,1,1,0,0,0.0,0,0,0
U103340,2026-06-19,2026-06,treatment,1,0,0,0,0.0,0,0,0
U103341,2026-05-17,2026-05,control,1,0,0,0,0.0,0,0,0
U103342,2026-05-24,2026-05,control,1,0,0,0,0.0,1,1,1
U103343,2026-03-13,2026-03,control,1,1,1,0,0.0,1,1,1
U103344,2026-05-04,2026-05,treatment,1,1,1,1,31.87,0,0,0
U103345,2026-06-02,2026-06,treatment,1,1,0,0,0.0,0,0,0
U103346,2026-04-04,2026-04,control,1,0,0,0,0.0,0,0,0
U103347,2026-03-22,2026-03,treatment,1,0,0,0,0.0,1,1,1
U103348,2026-04-11,2026-04,control,1,0,0,0,0.0,0,0,0
U103349,2026-03-30,2026-03,treatment,1,0,0,0,0.0,0,0,0
U103350,2026-03-25,2026-03,control,1,0,0,0,0.0,0,0,0
U103351,2026-04-28,2026-04,control,1,0,0,0,0.0,0,0,0
U103352,2026-06-21,2026-06,treatment,1,1,1,0,0.0,1,1,1
U103353,2026-05-09,2026-05,treatment,1,1,0,0,0.0,1,1,1
U103354,2026-03-20,2026-03,control,1,0,0,0,0.0,1,1,1
U103355,2026-02-19,2026-02,treatment,1,1,1,0,0.0,1,1,1
U103356,2026-05-31,2026-05,treatment,1,1,1,0,0.0,0,0,0
U103357,2026-04-22,2026-04,treatment,1,0,0,0,0.0,0,0,0
U103358,2026-06-13,2026-06,control,1,0,0,0,0.0,0,0,0
U103359,2026-05-27,2026-05,control,1,1,1,1,43.04,0,0,0
U103360,2026-06-10,2026-06,treatment,1,0,0,0,0.0,1,1,1
U103361,2026-04-04,2026-04,control,1,0,0,0,0.0,1,1,1
U103362,2026-05-30,2026-05,control,1,0,0,0,0.0,1,1,1
U103363,2026-04-03,2026-04,control,1,0,0,0,0.0,0,0,0
U103364,2026-06-24,2026-06,treatment,1,1,1,1,46.39,0,0,0
U103365,2026-05-24,2026-05,control,1,1,0,0,0.0,0,0,0
U103366,2026-04-13,2026-04,treatment,1,0,0,0,0.0,0,0,0
U103367,2026-04-04,2026-04,control,1,1,0,0,0.0,0,0,0
U103368,2026-03-20,2026-03,control,1,1,0,0,0.0,0,0,0
U103369,2026-05-31,2026-05,control,1,1,0,0,0.0,0,0,0
U103370,2026-03-26,2026-03,control,1,0,0,0,0.0,1,1,1
U103371,2026-05-19,2026-05,treatment,1,1,1,1,49.22,1,1,1
U103372,2026-04-03,2026-04,treatment,1,0,0,0,0.0,1,1,1
U103373,2026-05-27,2026-05,control,1,0,0,0,0.0,0,0,0
U103374,2026-06-12,2026-06,control,1,0,0,0,0.0,1,1,1
U103375,2026-06-08,2026-06,treatment,1,0,0,0,0.0,0,0,0
U103376,2026-06-07,2026-06,treatment,1,0,0,0,0.0,1,1,1
U103377,2026-03-19,2026-03,treatment,1,0,0,0,0.0,0,0,0
U103378,2026-02-23,2026-02,treatment,1,1,1,1,43.95,0,0,0
U103379,2026-05-31,2026-05,control,1,0,0,0,0.0,0,0,0
U103380,2026-04-20,2026-04,treatment,1,1,1,1,48.2,1,1,1
U103381,2026-04-29,2026-04,control,1,1,0,0,0.0,1,1,1
U103382,2026-02-01,2026-02,control,1,0,0,0,0.0,0,0,0
U103383,2026-04-02,2026-04,treatment,1,0,0,0,0.0,0,0,0
U103384,2026-02-03,2026-02,treatment,1,1,0,0,0.0,0,0,0
U103385,2026-06-18,2026-06,treatment,1,0,0,0,0.0,0,0,0
U103386,2026-03-30,2026-03,control,1,1,1,1,33.32,0,0,0
U103387,2026-05-15,2026-05,control,1,1,0,0,0.0,0,0,0
U103388,2026-02-05,2026-02,control,1,0,0,0,0.0,1,1,1
U103389,2026-05-27,2026-05,treatment,1,0,0,0,0.0,0,0,0
U103390,2026-04-13,2026-04,control,1,0,0,0,0.0,0,0,0
U103391,2026-06-20,2026-06,treatment,1,1,1,1,38.54,1,1,1
U103392,2026-06-19,2026-06,control,1,1,1,1,105.4,0,0,0
U103393,2026-04-13,2026-04,treatment,1,1,0,0,0.0,1,1,1
U103394,2026-06-20,2026-06,treatment,1,0,0,0,0.0,0,0,0
U103395,2026-06-29,2026-06,control,1,0,0,0,0.0,1,1,1
U103396,2026-06-13,2026-06,control,1,0,0,0,0.0,0,0,0
U103397,2026-06-15,2026-06,treatment,1,1,0,0,0.0,0,0,0
U103398,2026-03-31,2026-03,treatment,1,0,0,0,0.0,0,0,0
U103399,2026-05-17,2026-05,treatment,1,0,0,0,0.0,0,0,0
U103400,2026-02-16,2026-02,treatment,1,1,1,1,70.62,0,0,0
U103401,2026-02-25,2026-02,control,1,0,0,0,0.0,1,1,1
U103402,2026-06-29,2026-06,treatment,1,0,0,0,0.0,0,0,0
U103403,2026-04-13,2026-04,control,1,0,0,0,0.0,0,0,0
U103404,2026-06-05,2026-06,treatment,1,0,0,0,0.0,1,1,1
U103405,2026-06-11,2026-06,control,1,1,1,1,24.67,1,1,1
U103406,2026-06-16,2026-06,treatment,1,0,0,0,0.0,0,0,0
U103407,2026-06-29,2026-06,control,1,0,0,0,0.0,0,0,0
U103408,2026-03-30,2026-03,control,1,0,0,0,0.0,1,1,1
U103409,2026-02-06,2026-02,control,1,0,0,0,0.0,1,1,1
U103410,2026-04-26,2026-04,treatment,1,0,0,0,0.0,0,0,0
U103411,2026-03-06,2026-03,treatment,1,0,0,0,0.0,0,0,0
U103412,2026-01-27,2026-01,treatment,1,1,1,1,34.24,1,1,1
U103413,2026-04-19,2026-04,control,1,0,0,0,0.0,0,0,0
U103414,2026-06-09,2026-06,treatment,1,1,1,1,166.03,0,0,0
U103415,2026-05-16,2026-05,treatment,1,0,0,0,0.0,1,1,1
U103416,2026-04-11,2026-04,control,1,1,1,1,20.33,0,0,0
U103417,2026-05-26,2026-05,control,1,0,0,0,0.0,1,1,1
U103418,2026-03-28,2026-03,control,1,0,0,0,0.0,0,0,0
U103419,2026-01-22,2026-01,control,1,1,1,0,0.0,0,0,0
U103420,2026-06-07,2026-06,control,1,0,0,0,0.0,0,0,0
U103421,2026-05-23,2026-05,treatment,1,0,0,0,0.0,0,0,0
U103422,2026-06-07,2026-06,control,1,0,0,0,0.0,0,0,0
U103423,2026-02-05,2026-02,treatment,1,0,0,0,0.0,1,1,1
U103424,2026-06-14,2026-06,treatment,1,0,0,0,0.0,0,0,0
U103425,2026-05-22,2026-05,treatment,1,0,0,0,0.0,1,1,1
U103426,2026-05-16,2026-05,treatment,1,1,1,0,0.0,0,0,0
U103427,2026-05-23,2026-05,control,1,1,0,0,0.0,0,0,0
U103428,2026-06-17,2026-06,treatment,1,1,1,1,179.64,1,1,1
U103429,2026-05-18,2026-05,control,1,0,0,0,0.0,0,0,0
U103430,2026-05-18,2026-05,treatment,1,0,0,0,0.0,0,0,0
U103431,2026-06-29,2026-06,treatment,1,1,1,0,0.0,0,0,0
U103432,2026-06-06,2026-06,treatment,1,0,0,0,0.0,0,0,0
U103433,2026-04-30,2026-04,treatment,1,1,1,0,0.0,1,1,1
U103434,2026-06-01,2026-06,control,1,0,0,0,0.0,0,0,0
U103435,2026-04-23,2026-04,control,1,0,0,0,0.0,0,0,0
U103436,2026-03-28,2026-03,treatment,1,1,0,0,0.0,0,0,0
U103437,2026-05-20,2026-05,control,1,1,1,0,0.0,0,0,0
U103438,2026-06-23,2026-06,treatment,1,1,1,1,40.67,1,1,1
U103439,2026-06-23,2026-06,control,1,1,0,0,0.0,0,0,0
U103440,2026-04-16,2026-04,treatment,1,1,0,0,0.0,0,0,0
U103441,2026-05-11,2026-05,control,1,0,0,0,0.0,0,0,0
U103442,2026-03-24,2026-03,treatment,1,1,0,0,0.0,1,1,1
U103443,2026-06-29,2026-06,treatment,1,1,1,0,0.0,1,1,1
U103444,2026-06-28,2026-06,control,1,1,1,0,0.0,1,1,1
U103445,2026-05-26,2026-05,control,1,0,0,0,0.0,0,0,0
U103446,2026-06-11,2026-06,control,1,1,0,0,0.0,0,0,0
U103447,2026-06-02,2026-06,control,1,0,0,0,0.0,0,0,0
U103448,2026-05-19,2026-05,control,1,0,0,0,0.0,1,1,1
U103449,2026-02-11,2026-02,control,1,0,0,0,0.0,0,0,0
U103450,2026-05-02,2026-05,treatment,1,0,0,0,0.0,0,0,0
U103451,2026-05-28,2026-05,control,1,0,0,0,0.0,0,0,0
U103452,2026-05-29,2026-05,treatment,1,1,1,0,0.0,0,0,0
U103453,2026-04-20,2026-04,treatment,1,1,1,1,58.21,0,0,0
U103454,2026-06-24,2026-06,control,1,0,0,0,0.0,1,1,1
U103455,2026-03-15,2026-03,control,1,1,1,0,0.0,0,0,0
U103456,2026-05-08,2026-05,treatment,1,0,0,0,0.0,1,1,1
U103457,2026-05-30,2026-05,control,1,0,0,0,0.0,0,0,0
U103458,2026-05-31,2026-05,treatment,1,0,0,0,0.0,0,0,0
U103459,2026-05-25,2026-05,treatment,1,1,0,0,0.0,0,0,0
U103460,2026-04-05,2026-04,control,1,0,0,0,0.0,0,0,0
U103461,2026-03-13,2026-03,treatment,1,0,0,0,0.0,0,0,0
U103462,2026-05-24,2026-05,control,1,0,0,0,0.0,0,0,0
U103463,2026-05-20,2026-05,control,1,1,0,0,0.0,0,0,0
U103464,2026-03-18,2026-03,treatment,1,1,1,0,0.0,0,0,0
U103465,2026-06-01,2026-06,treatment,1,0,0,0,0.0,0,0,0
U103466,2026-05-02,2026-05,treatment,1,0,0,0,0.0,0,0,0
U103467,2026-05-28,2026-05,treatment,1,1,0,0,0.0,0,0,0
U103468,2026-06-14,2026-06,treatment,1,1,1,0,0.0,0,0,0
U103469,2026-03-16,2026-03,treatment,1,0,0,0,0.0,0,0,0
U103470,2026-01-25,2026-01,control,1,1,1,0,0.0,0,0,0
U103471,2026-06-08,2026-06,treatment,1,1,1,0,0.0,0,0,0
U103472,2026-05-21,2026-05,treatment,1,0,0,0,0.0,1,1,1
U103473,2026-05-31,2026-05,control,1,0,0,0,0.0,0,0,0
U103474,2026-06-14,2026-06,treatment,1,0,0,0,0.0,0,0,0
U103475,2026-06-11,2026-06,control,1,1,1,0,0.0,0,0,0
U103476,2026-06-26,2026-06,treatment,1,0,0,0,0.0,0,0,0
U103477,2026-05-12,2026-05,treatment,1,0,0,0,0.0,0,0,0
U103478,2026-05-06,2026-05,treatment,1,1,0,0,0.0,0,0,0
U103479,2026-04-25,2026-04,control,1,1,0,0,0.0,1,1,1
U103480,2026-03-12,2026-03,treatment,1,0,0,0,0.0,0,0,0
U103481,2026-05-17,2026-05,control,1,0,0,0,0.0,0,0,0
U103482,2026-04-05,2026-04,treatment,1,0,0,0,0.0,0,0,0
U103483,2026-06-22,2026-06,treatment,1,1,1,0,0.0,0,0,0
U103484,2026-05-18,2026-05,treatment,1,1,1,0,0.0,0,0,0
U103485,2026-05-19,2026-05,treatment,1,0,0,0,0.0,0,0,0
U103486,2026-04-18,2026-04,treatment,1,1,1,1,84.79,1,1,1
U103487,2026-02-11,2026-02,control,1,1,0,0,0.0,1,1,1
U103488,2026-02-02,2026-02,control,1,0,0,0,0.0,1,1,1
U103489,2026-04-28,2026-04,treatment,1,1,1,0,0.0,1,1,1
U103490,2026-02-22,2026-02,control,1,0,0,0,0.0,1,1,1
U103491,2026-05-21,2026-05,control,1,1,1,1,73.52,0,0,0
U103492,2026-06-18,2026-06,treatment,1,0,0,0,0.0,0,0,0
U103493,2026-06-19,2026-06,control,1,0,0,0,0.0,0,0,0
U103494,2026-05-27,2026-05,control,1,0,0,0,0.0,0,0,0
U103495,2026-03-24,2026-03,treatment,1,1,1,0,0.0,0,0,0
U103496,2026-06-17,2026-06,control,1,0,0,0,0.0,0,0,0
U103497,2026-06-19,2026-06,control,1,0,0,0,0.0,0,0,0
U103498,2026-03-21,2026-03,control,1,1,1,1,58.48,0,0,0
U103499,2026-06-04,2026-06,treatment,1,1,0,0,0.0,0,0,0
U103500,2026-04-07,2026-04,treatment,1,1,1,0,0.0,0,0,0
U103501,2026-06-11,2026-06,treatment,1,0,0,0,0.0,0,0,0
U103502,2026-06-29,2026-06,control,1,1,0,0,0.0,1,1,1
U103503,2026-02-01,2026-02,treatment,1,0,0,0,0.0,1,1,1
U103504,2026-06-20,2026-06,treatment,1,0,0,0,0.0,0,0,0
U103505,2026-05-23,2026-05,treatment,1,0,0,0,0.0,0,0,0
U103506,2026-06-27,2026-06,treatment,1,0,0,0,0.0,0,0,0
U103507,2026-05-03,2026-05,control,1,0,0,0,0.0,0,0,0
U103508,2026-06-15,2026-06,control,1,0,0,0,0.0,1,1,1
U103509,2026-02-14,2026-02,control,1,1,1,0,0.0,1,1,1
U103510,2026-04-15,2026-04,control,1,0,0,0,0.0,0,0,0
U103511,2026-02-16,2026-02,treatment,1,0,0,0,0.0,0,0,0
U103512,2026-06-27,2026-06,treatment,1,0,0,0,0.0,0,0,0
U103513,2026-06-12,2026-06,treatment,1,1,1,1,61.44,0,0,0
U103514,2026-06-16,2026-06,control,1,0,0,0,0.0,1,1,1
U103515,2026-06-24,2026-06,control,1,0,0,0,0.0,0,0,0
U103516,2026-02-22,2026-02,control,1,0,0,0,0.0,1,1,1
U103517,2026-04-22,2026-04,control,1,1,0,0,0.0,0,0,0
U103518,2026-02-17,2026-02,control,1,0,0,0,0.0,1,1,1
U103519,2026-03-24,2026-03,treatment,1,0,0,0,0.0,0,0,0
U103520,2026-03-28,2026-03,control,1,0,0,0,0.0,1,1,1
U103521,2026-05-04,2026-05,treatment,1,1,0,0,0.0,0,0,0
U103522,2026-04-04,2026-04,control,1,0,0,0,0.0,0,0,0
U103523,2026-02-27,2026-02,treatment,1,1,0,0,0.0,0,0,0
U103524,2026-03-15,2026-03,treatment,1,0,0,0,0.0,0,0,0
U103525,2026-03-11,2026-03,control,1,1,1,0,0.0,1,1,1
U103526,2026-06-27,2026-06,treatment,1,1,0,0,0.0,1,1,1
U103527,2026-06-06,2026-06,treatment,1,1,1,0,0.0,1,1,1
U103528,2026-06-27,2026-06,treatment,1,0,0,0,0.0,0,0,0
U103529,2026-04-30,2026-04,treatment,1,0,0,0,0.0,1,1,1
U103530,2026-04-05,2026-04,control,1,0,0,0,0.0,0,0,0
U103531,2026-06-10,2026-06,treatment,1,1,1,0,0.0,0,0,0
U103532,2026-04-13,2026-04,treatment,1,1,0,0,0.0,0,0,0
U103533,2026-04-09,2026-04,control,1,0,0,0,0.0,1,1,1
U103534,2026-03-28,2026-03,control,1,1,1,0,0.0,0,0,0
U103535,2026-03-06,2026-03,treatment,1,0,0,0,0.0,1,1,1
U103536,2026-04-02,2026-04,control,1,1,1,1,48.18,1,1,1
U103537,2026-04-18,2026-04,treatment,1,0,0,0,0.0,0,0,0
U103538,2026-05-28,2026-05,treatment,1,0,0,0,0.0,1,1,1
U103539,2026-02-15,2026-02,treatment,1,0,0,0,0.0,1,1,1
U103540,2026-03-24,2026-03,control,1,1,1,0,0.0,0,0,0
U103541,2026-06-11,2026-06,control,1,1,1,0,0.0,0,0,0
U103542,2026-03-10,2026-03,control,1,0,0,0,0.0,0,0,0
U103543,2026-04-16,2026-04,treatment,1,0,0,0,0.0,0,0,0
U103544,2026-06-17,2026-06,treatment,1,0,0,0,0.0,0,0,0
U103545,2026-03-12,2026-03,treatment,1,0,0,0,0.0,1,1,1
U103546,2026-02-21,2026-02,treatment,1,0,0,0,0.0,0,0,0
U103547,2026-05-06,2026-05,control,1,0,0,0,0.0,0,0,0
U103548,2026-04-09,2026-04,control,1,0,0,0,0.0,0,0,0
U103549,2026-05-16,2026-05,treatment,1,1,0,0,0.0,0,0,0
U103550,2026-06-11,2026-06,control,1,1,0,0,0.0,1,1,1
U103551,2026-03-08,2026-03,control,1,0,0,0,0.0,0,0,0
U103552,2026-05-18,2026-05,control,1,1,1,0,0.0,1,1,1
U103553,2026-05-08,2026-05,control,1,0,0,0,0.0,0,0,0
U103554,2026-03-10,2026-03,control,1,1,0,0,0.0,1,1,1
U103555,2026-05-23,2026-05,treatment,1,0,0,0,0.0,1,1,1
U103556,2026-04-05,2026-04,treatment,1,1,1,0,0.0,0,0,0
U103557,2026-05-06,2026-05,treatment,1,0,0,0,0.0,1,1,1
U103558,2026-02-21,2026-02,treatment,1,0,0,0,0.0,1,1,1
U103559,2026-05-03,2026-05,treatment,1,1,0,0,0.0,0,0,0
U103560,2026-04-10,2026-04,treatment,1,0,0,0,0.0,0,0,0
U103561,2026-06-13,2026-06,control,1,0,0,0,0.0,1,1,1
U103562,2026-02-12,2026-02,treatment,1,1,1,0,0.0,1,1,1
U103563,2026-04-27,2026-04,control,1,1,1,0,0.0,0,0,0
U103564,2026-05-02,2026-05,control,1,0,0,0,0.0,0,0,0
U103565,2026-06-03,2026-06,control,1,0,0,0,0.0,0,0,0
U103566,2026-05-17,2026-05,treatment,1,0,0,0,0.0,1,1,1
U103567,2026-05-28,2026-05,control,1,1,1,1,25.95,0,0,0
U103568,2026-06-08,2026-06,control,1,0,0,0,0.0,1,1,1
U103569,2026-06-17,2026-06,control,1,1,1,1,108.43,1,1,1
U103570,2026-04-11,2026-04,treatment,1,0,0,0,0.0,0,0,0
U103571,2026-05-13,2026-05,treatment,1,0,0,0,0.0,0,0,0
U103572,2026-06-14,2026-06,treatment,1,0,0,0,0.0,0,0,0
U103573,2026-06-29,2026-06,control,1,0,0,0,0.0,0,0,0
U103574,2026-06-19,2026-06,control,1,1,0,0,0.0,0,0,0
U103575,2026-04-20,2026-04,treatment,1,0,0,0,0.0,0,0,0
U103576,2026-03-21,2026-03,control,1,1,1,0,0.0,1,1,1
U103577,2026-05-06,2026-05,treatment,1,0,0,0,0.0,0,0,0
U103578,2026-06-05,2026-06,treatment,1,0,0,0,0.0,0,0,0
U103579,2026-05-07,2026-05,treatment,1,0,0,0,0.0,0,0,0
U103580,2026-05-06,2026-05,treatment,1,1,1,1,49.1,1,1,1
U103581,2026-06-14,2026-06,control,1,1,1,1,91.04,0,0,0
U103582,2026-04-19,2026-04,control,1,0,0,0,0.0,0,0,0
U103583,2026-06-16,2026-06,treatment,1,1,1,0,0.0,1,1,1
U103584,2026-04-25,2026-04,control,1,0,0,0,0.0,0,0,0
U103585,2026-04-14,2026-04,control,1,1,0,0,0.0,0,0,0
U103586,2026-05-02,2026-05,control,1,1,1,0,0.0,1,1,1
U103587,2026-06-07,2026-06,control,1,1,0,0,0.0,0,0,0
U103588,2026-03-05,2026-03,control,1,1,0,0,0.0,0,0,0
U103589,2026-03-21,2026-03,control,1,1,0,0,0.0,0,0,0
U103590,2026-06-25,2026-06,treatment,1,1,0,0,0.0,0,0,0
U103591,2026-03-17,2026-03,treatment,1,0,0,0,0.0,0,0,0
U103592,2026-05-16,2026-05,treatment,1,0,0,0,0.0,0,0,0
U103593,2026-05-18,2026-05,treatment,1,1,1,1,45.63,0,0,0
U103594,2026-05-06,2026-05,control,1,1,0,0,0.0,0,0,0
U103595,2026-05-25,2026-05,control,1,0,0,0,0.0,0,0,0
U103596,2026-03-28,2026-03,control,1,0,0,0,0.0,0,0,0
U103597,2026-05-14,2026-05,treatment,1,1,0,0,0.0,0,0,0
U103598,2026-04-20,2026-04,treatment,1,1,1,0,0.0,0,0,0
U103599,2026-05-27,2026-05,control,1,0,0,0,0.0,0,0,0
U103600,2026-03-09,2026-03,control,1,0,0,0,0.0,1,1,1
U103601,2026-05-17,2026-05,treatment,1,0,0,0,0.0,1,1,1
U103602,2026-03-19,2026-03,treatment,1,0,0,0,0.0,1,1,1
U103603,2026-04-06,2026-04,treatment,1,1,1,1,33.39,0,0,0
U103604,2026-03-26,2026-03,control,1,1,1,1,36.85,0,0,0
U103605,2026-03-18,2026-03,control,1,0,0,0,0.0,0,0,0
U103606,2026-06-13,2026-06,treatment,1,0,0,0,0.0,0,0,0
U103607,2026-04-07,2026-04,treatment,1,1,0,0,0.0,0,0,0
U103608,2026-06-23,2026-06,treatment,1,0,0,0,0.0,1,1,1
U103609,2026-06-27,2026-06,treatment,1,0,0,0,0.0,1,1,1
U103610,2026-05-17,2026-05,treatment,1,1,1,0,0.0,0,0,0
U103611,2026-03-10,2026-03,treatment,1,1,0,0,0.0,0,0,0
U103612,2026-04-21,2026-04,control,1,0,0,0,0.0,0,0,0
U103613,2026-06-10,2026-06,control,1,1,1,0,0.0,0,0,0
U103614,2026-04-20,2026-04,treatment,1,0,0,0,0.0,0,0,0
U103615,2026-02-23,2026-02,control,1,0,0,0,0.0,0,0,0
U103616,2026-05-15,2026-05,treatment,1,0,0,0,0.0,0,0,0
U103617,2026-06-15,2026-06,treatment,1,0,0,0,0.0,1,1,1
U103618,2026-06-10,2026-06,treatment,1,0,0,0,0.0,0,0,0
U103619,2026-03-17,2026-03,control,1,0,0,0,0.0,0,0,0
U103620,2026-05-28,2026-05,control,1,1,0,0,0.0,0,0,0
U103621,2026-03-26,2026-03,treatment,1,1,1,0,0.0,0,0,0
U103622,2026-03-26,2026-03,treatment,1,0,0,0,0.0,0,0,0
U103623,2026-06-18,2026-06,treatment,1,0,0,0,0.0,0,0,0
U103624,2026-03-31,2026-03,control,1,0,0,0,0.0,0,0,0
U103625,2026-04-03,2026-04,control,1,0,0,0,0.0,0,0,0
U103626,2026-01-05,2026-01,treatment,1,0,0,0,0.0,0,0,0
U103627,2026-06-17,2026-06,treatment,1,1,1,1,58.13,1,1,1
U103628,2026-06-10,2026-06,treatment,1,0,0,0,0.0,0,0,0
U103629,2026-05-23,2026-05,control,1,0,0,0,0.0,0,0,0
U103630,2026-06-05,2026-06,control,1,0,0,0,0.0,0,0,0
U103631,2026-03-12,2026-03,control,1,0,0,0,0.0,0,0,0
U103632,2026-05-02,2026-05,treatment,1,1,0,0,0.0,0,0,0
U103633,2026-04-17,2026-04,treatment,1,0,0,0,0.0,0,0,0
U103634,2026-02-25,2026-02,control,1,0,0,0,0.0,1,1,1
U103635,2026-05-06,2026-05,control,1,1,0,0,0.0,0,0,0
U103636,2026-06-22,2026-06,treatment,1,0,0,0,0.0,1,1,1
U103637,2026-02-06,2026-02,control,1,0,0,0,0.0,0,0,0
U103638,2026-04-08,2026-04,treatment,1,1,1,1,99.54,1,1,1
U103639,2026-03-24,2026-03,treatment,1,1,1,1,54.02,1,1,1
U103640,2026-03-29,2026-03,control,1,0,0,0,0.0,0,0,0
U103641,2026-06-21,2026-06,control,1,0,0,0,0.0,0,0,0
U103642,2026-05-04,2026-05,treatment,1,1,1,1,22.24,0,0,0
U103643,2026-05-03,2026-05,control,1,0,0,0,0.0,0,0,0
U103644,2026-06-06,2026-06,control,1,0,0,0,0.0,1,1,1
U103645,2026-03-12,2026-03,treatment,1,0,0,0,0.0,0,0,0
U103646,2026-05-06,2026-05,treatment,1,0,0,0,0.0,1,1,1
U103647,2026-04-29,2026-04,treatment,1,0,0,0,0.0,0,0,0
U103648,2026-05-20,2026-05,control,1,0,0,0,0.0,0,0,0
U103649,2026-06-29,2026-06,control,1,1,1,1,106.41,0,0,0
U103650,2026-06-07,2026-06,control,1,0,0,0,0.0,1,1,1
U103651,2026-04-24,2026-04,control,1,0,0,0,0.0,0,0,0
U103652,2026-06-13,2026-06,treatment,1,0,0,0,0.0,0,0,0
U103653,2026-03-16,2026-03,control,1,1,1,1,58.38,1,1,1
U103654,2026-02-01,2026-02,treatment,1,0,0,0,0.0,0,0,0
U103655,2026-03-23,2026-03,control,1,0,0,0,0.0,0,0,0
U103656,2026-04-16,2026-04,control,1,0,0,0,0.0,0,0,0
U103657,2026-05-09,2026-05,treatment,1,0,0,0,0.0,1,1,1
U103658,2026-05-22,2026-05,control,1,1,0,0,0.0,0,0,0
U103659,2026-06-21,2026-06,control,1,0,0,0,0.0,0,0,0
U103660,2026-05-09,2026-05,control,1,0,0,0,0.0,0,0,0
U103661,2026-05-08,2026-05,control,1,1,1,0,0.0,0,0,0
U103662,2026-02-10,2026-02,control,1,0,0,0,0.0,0,0,0
U103663,2026-02-03,2026-02,control,1,0,0,0,0.0,0,0,0
U103664,2026-05-14,2026-05,treatment,1,0,0,0,0.0,0,0,0
U103665,2026-04-30,2026-04,treatment,1,1,0,0,0.0,1,1,1
U103666,2026-06-14,2026-06,treatment,1,0,0,0,0.0,0,0,0
U103667,2026-03-14,2026-03,control,1,0,0,0,0.0,1,1,1
U103668,2026-01-29,2026-01,treatment,1,0,0,0,0.0,1,1,1
U103669,2026-05-01,2026-05,control,1,0,0,0,0.0,0,0,0
U103670,2026-03-29,2026-03,treatment,1,1,0,0,0.0,0,0,0
U103671,2026-02-10,2026-02,treatment,1,1,1,1,73.75,0,0,0
U103672,2026-06-03,2026-06,control,1,1,1,0,0.0,1,1,1
U103673,2026-03-02,2026-03,treatment,1,1,1,0,0.0,0,0,0
U103674,2026-05-21,2026-05,treatment,1,1,1,0,0.0,1,1,1
U103675,2026-04-06,2026-04,treatment,1,0,0,0,0.0,0,0,0
U103676,2026-03-16,2026-03,control,1,0,0,0,0.0,0,0,0
U103677,2026-04-21,2026-04,treatment,1,0,0,0,0.0,1,1,1
U103678,2026-06-11,2026-06,treatment,1,0,0,0,0.0,0,0,0
U103679,2026-04-23,2026-04,control,1,0,0,0,0.0,0,0,0
U103680,2026-06-05,2026-06,treatment,1,0,0,0,0.0,0,0,0
U103681,2026-03-05,2026-03,control,1,0,0,0,0.0,0,0,0
U103682,2026-06-08,2026-06,control,1,0,0,0,0.0,0,0,0
U103683,2026-03-29,2026-03,treatment,1,1,0,0,0.0,1,1,1
U103684,2026-05-29,2026-05,treatment,1,0,0,0,0.0,1,1,1
U103685,2026-05-16,2026-05,treatment,1,0,0,0,0.0,1,1,1
U103686,2026-06-23,2026-06,treatment,1,1,1,1,62.55,0,0,0
U103687,2026-04-23,2026-04,control,1,0,0,0,0.0,0,0,0
U103688,2026-02-16,2026-02,control,1,0,0,0,0.0,1,1,1
U103689,2026-01-25,2026-01,treatment,1,0,0,0,0.0,1,1,1
U103690,2026-06-13,2026-06,control,1,1,1,1,94.76,1,1,1
U103691,2026-05-11,2026-05,treatment,1,1,1,1,73.08,0,0,0
U103692,2026-06-08,2026-06,treatment,1,1,0,0,0.0,0,0,0
U103693,2026-03-29,2026-03,control,1,0,0,0,0.0,0,0,0
U103694,2026-04-16,2026-04,control,1,0,0,0,0.0,0,0,0
U103695,2026-02-01,2026-02,treatment,1,0,0,0,0.0,1,1,1
U103696,2026-06-26,2026-06,treatment,1,1,1,0,0.0,0,0,0
U103697,2026-05-28,2026-05,treatment,1,1,1,1,65.27,1,1,1
U103698,2026-06-23,2026-06,treatment,1,0,0,0,0.0,1,1,1
U103699,2026-04-03,2026-04,control,1,1,0,0,0.0,0,0,0
U103700,2026-05-21,2026-05,control,1,0,0,0,0.0,0,0,0
U103701,2026-05-29,2026-05,control,1,1,1,1,140.38,0,0,0
U103702,2026-04-12,2026-04,control,1,1,0,0,0.0,0,0,0
U103703,2026-06-15,2026-06,control,1,0,0,0,0.0,0,0,0
U103704,2026-06-25,2026-06,control,1,1,0,0,0.0,0,0,0
U103705,2026-06-19,2026-06,control,1,0,0,0,0.0,0,0,0
U103706,2026-06-04,2026-06,control,1,0,0,0,0.0,1,1,1
U103707,2026-04-05,2026-04,control,1,1,1,0,0.0,0,0,0
U103708,2026-04-06,2026-04,treatment,1,0,0,0,0.0,1,1,1
U103709,2026-06-26,2026-06,treatment,1,0,0,0,0.0,1,1,1
U103710,2026-01-19,2026-01,control,1,1,0,0,0.0,1,1,1
U103711,2026-06-02,2026-06,treatment,1,1,1,0,0.0,0,0,0
U103712,2026-06-01,2026-06,control,1,0,0,0,0.0,0,0,0
U103713,2026-05-23,2026-05,treatment,1,0,0,0,0.0,0,0,0
U103714,2026-06-29,2026-06,control,1,0,0,0,0.0,1,1,1
U103715,2026-04-11,2026-04,treatment,1,0,0,0,0.0,0,0,0
U103716,2026-04-15,2026-04,control,1,1,0,0,0.0,0,0,0
U103717,2026-02-20,2026-02,treatment,1,0,0,0,0.0,1,1,1
U103718,2026-04-30,2026-04,control,1,0,0,0,0.0,0,0,0
U103719,2026-04-02,2026-04,treatment,1,0,0,0,0.0,1,1,1
U103720,2026-04-16,2026-04,control,1,0,0,0,0.0,0,0,0
U103721,2026-06-14,2026-06,control,1,1,0,0,0.0,0,0,0
U103722,2026-06-24,2026-06,treatment,1,0,0,0,0.0,0,0,0
U103723,2026-03-19,2026-03,control,1,0,0,0,0.0,1,1,1
U103724,2026-04-20,2026-04,treatment,1,1,1,1,106.89,1,1,1
U103725,2026-06-23,2026-06,control,1,0,0,0,0.0,0,0,0
U103726,2026-02-14,2026-02,control,1,0,0,0,0.0,1,1,1
U103727,2026-02-24,2026-02,treatment,1,0,0,0,0.0,0,0,0
U103728,2026-03-14,2026-03,control,1,0,0,0,0.0,0,0,0
U103729,2026-05-19,2026-05,control,1,0,0,0,0.0,1,1,1
U103730,2026-03-11,2026-03,treatment,1,0,0,0,0.0,1,1,1
U103731,2026-06-27,2026-06,treatment,1,0,0,0,0.0,1,1,1
U103732,2026-05-01,2026-05,treatment,1,1,0,0,0.0,0,0,0
U103733,2026-05-08,2026-05,control,1,0,0,0,0.0,1,1,1
U103734,2026-03-31,2026-03,treatment,1,1,1,1,68.53,0,0,0
U103735,2026-05-04,2026-05,control,1,1,1,0,0.0,0,0,0
U103736,2026-05-27,2026-05,control,1,0,0,0,0.0,0,0,0
U103737,2026-06-06,2026-06,treatment,1,0,0,0,0.0,0,0,0
U103738,2026-06-06,2026-06,control,1,0,0,0,0.0,0,0,0
U103739,2026-05-17,2026-05,control,1,0,0,0,0.0,0,0,0
U103740,2026-06-21,2026-06,control,1,1,1,1,105.06,0,0,0
U103741,2026-06-12,2026-06,treatment,1,0,0,0,0.0,1,1,1
U103742,2026-06-06,2026-06,treatment,1,1,1,0,0.0,1,1,1
U103743,2026-02-12,2026-02,treatment,1,1,0,0,0.0,1,1,1
U103744,2026-01-15,2026-01,control,1,0,0,0,0.0,0,0,0
U103745,2026-03-24,2026-03,treatment,1,0,0,0,0.0,0,0,0
U103746,2026-05-27,2026-05,treatment,1,0,0,0,0.0,0,0,0
U103747,2026-04-26,2026-04,control,1,1,1,0,0.0,0,0,0
U103748,2026-04-25,2026-04,control,1,1,1,1,36.45,0,0,0
U103749,2026-06-19,2026-06,control,1,0,0,0,0.0,0,0,0
U103750,2026-06-20,2026-06,control,1,0,0,0,0.0,0,0,0
U103751,2026-06-21,2026-06,treatment,1,0,0,0,0.0,0,0,0
U103752,2026-04-11,2026-04,control,1,1,0,0,0.0,1,1,1
U103753,2026-05-30,2026-05,control,1,1,0,0,0.0,1,1,1
U103754,2026-04-04,2026-04,treatment,1,0,0,0,0.0,1,1,1
U103755,2026-03-20,2026-03,treatment,1,0,0,0,0.0,1,1,1
U103756,2026-03-19,2026-03,treatment,1,0,0,0,0.0,0,0,0
U103757,2026-04-16,2026-04,control,1,0,0,0,0.0,0,0,0
U103758,2026-04-29,2026-04,control,1,1,1,1,59.61,0,0,0
U103759,2026-06-14,2026-06,control,1,0,0,0,0.0,0,0,0
U103760,2026-03-04,2026-03,control,1,1,1,1,33.81,0,0,0
U103761,2026-06-04,2026-06,control,1,0,0,0,0.0,0,0,0
U103762,2026-05-12,2026-05,treatment,1,0,0,0,0.0,0,0,0
U103763,2026-04-07,2026-04,control,1,0,0,0,0.0,1,1,1
U103764,2026-05-07,2026-05,control,1,1,0,0,0.0,0,0,0
U103765,2026-04-09,2026-04,control,1,1,1,1,33.52,0,0,0
U103766,2026-05-19,2026-05,treatment,1,0,0,0,0.0,1,1,1
U103767,2026-04-29,2026-04,treatment,1,0,0,0,0.0,0,0,0
U103768,2026-03-14,2026-03,treatment,1,0,0,0,0.0,1,1,1
U103769,2026-03-03,2026-03,control,1,0,0,0,0.0,0,0,0
U103770,2026-05-14,2026-05,control,1,1,1,1,46.5,1,1,1
U103771,2026-06-20,2026-06,control,1,0,0,0,0.0,1,1,1
U103772,2026-04-16,2026-04,control,1,0,0,0,0.0,0,0,0
U103773,2026-06-04,2026-06,treatment,1,1,1,1,32.26,1,1,1
U103774,2026-05-27,2026-05,treatment,1,0,0,0,0.0,1,1,1
U103775,2026-06-23,2026-06,treatment,1,0,0,0,0.0,1,1,1
U103776,2026-06-13,2026-06,treatment,1,0,0,0,0.0,0,0,0
U103777,2026-05-16,2026-05,treatment,1,1,1,0,0.0,0,0,0
U103778,2026-05-26,2026-05,control,1,0,0,0,0.0,1,1,1
U103779,2026-06-20,2026-06,treatment,1,0,0,0,0.0,0,0,0
U103780,2026-04-24,2026-04,control,1,1,1,1,51.32,1,1,1
U103781,2026-04-13,2026-04,treatment,1,0,0,0,0.0,0,0,0
U103782,2026-01-19,2026-01,control,1,1,1,1,32.46,0,0,0
U103783,2026-06-13,2026-06,control,1,1,1,1,59.66,0,0,0
U103784,2026-06-11,2026-06,treatment,1,1,1,1,27.44,0,0,0
U103785,2026-02-28,2026-02,control,1,1,1,1,55.95,0,0,0
U103786,2026-05-17,2026-05,control,1,0,0,0,0.0,0,0,0
U103787,2026-05-03,2026-05,control,1,0,0,0,0.0,1,1,1
U103788,2026-03-04,2026-03,control,1,1,1,0,0.0,1,1,1
U103789,2026-06-28,2026-06,treatment,1,0,0,0,0.0,1,1,1
U103790,2026-03-25,2026-03,treatment,1,1,1,1,54.61,0,0,0
U103791,2026-02-16,2026-02,control,1,1,1,0,0.0,0,0,0
U103792,2026-05-19,2026-05,control,1,0,0,0,0.0,1,1,1
U103793,2026-06-04,2026-06,treatment,1,0,0,0,0.0,0,0,0
U103794,2026-02-02,2026-02,control,1,1,1,0,0.0,0,0,0
U103795,2026-05-27,2026-05,control,1,1,1,0,0.0,0,0,0
U103796,2026-05-12,2026-05,control,1,1,0,0,0.0,0,0,0
U103797,2026-02-27,2026-02,treatment,1,1,0,0,0.0,1,1,1
U103798,2026-03-16,2026-03,control,1,1,0,0,0.0,1,1,1
U103799,2026-05-16,2026-05,control,1,1,0,0,0.0,0,0,0
U103800,2026-04-08,2026-04,control,1,0,0,0,0.0,0,0,0
U103801,2026-06-24,2026-06,control,1,1,0,0,0.0,1,1,1
U103802,2026-06-12,2026-06,treatment,1,0,0,0,0.0,1,1,1
U103803,2026-06-28,2026-06,control,1,0,0,0,0.0,0,0,0
U103804,2026-04-02,2026-04,control,1,0,0,0,0.0,0,0,0
U103805,2026-06-27,2026-06,control,1,0,0,0,0.0,0,0,0
U103806,2026-04-29,2026-04,control,1,0,0,0,0.0,0,0,0
U103807,2026-04-17,2026-04,treatment,1,0,0,0,0.0,0,0,0
U103808,2026-02-10,2026-02,treatment,1,0,0,0,0.0,0,0,0
U103809,2026-02-11,2026-02,control,1,0,0,0,0.0,1,1,1
U103810,2026-05-30,2026-05,control,1,0,0,0,0.0,0,0,0
U103811,2026-05-02,2026-05,control,1,1,0,0,0.0,0,0,0
U103812,2026-03-27,2026-03,treatment,1,1,0,0,0.0,0,0,0
U103813,2026-05-22,2026-05,treatment,1,1,1,0,0.0,1,1,1
U103814,2026-04-01,2026-04,control,1,0,0,0,0.0,0,0,0
U103815,2026-05-17,2026-05,treatment,1,1,0,0,0.0,0,0,0
U103816,2026-04-18,2026-04,treatment,1,0,0,0,0.0,1,1,1
U103817,2026-06-13,2026-06,treatment,1,0,0,0,0.0,0,0,0
U103818,2026-06-13,2026-06,control,1,1,1,0,0.0,0,0,0
U103819,2026-05-05,2026-05,control,1,1,1,0,0.0,0,0,0
U103820,2026-04-17,2026-04,control,1,1,0,0,0.0,0,0,0
U103821,2026-04-19,2026-04,treatment,1,1,1,0,0.0,0,0,0
U103822,2026-06-11,2026-06,treatment,1,0,0,0,0.0,0,0,0
U103823,2026-04-14,2026-04,treatment,1,1,1,0,0.0,1,1,1
U103824,2026-03-24,2026-03,control,1,1,1,1,32.26,0,0,0
U103825,2026-02-22,2026-02,control,1,1,0,0,0.0,0,0,0
U103826,2026-05-03,2026-05,control,1,1,1,0,0.0,0,0,0
U103827,2026-05-05,2026-05,treatment,1,0,0,0,0.0,0,0,0
U103828,2026-06-15,2026-06,control,1,0,0,0,0.0,1,1,1
U103829,2026-03-26,2026-03,control,1,0,0,0,0.0,0,0,0
U103830,2026-04-22,2026-04,treatment,1,0,0,0,0.0,1,1,1
U103831,2026-06-11,2026-06,control,1,0,0,0,0.0,0,0,0
U103832,2026-06-13,2026-06,control,1,0,0,0,0.0,0,0,0
U103833,2026-04-22,2026-04,control,1,1,1,0,0.0,0,0,0
U103834,2026-05-02,2026-05,treatment,1,1,1,0,0.0,0,0,0
U103835,2026-04-10,2026-04,treatment,1,1,1,0,0.0,1,1,1
U103836,2026-06-23,2026-06,treatment,1,0,0,0,0.0,1,1,1
U103837,2026-03-04,2026-03,control,1,0,0,0,0.0,0,0,0
U103838,2026-06-23,2026-06,treatment,1,1,1,1,25.75,0,0,0
U103839,2026-05-29,2026-05,treatment,1,0,0,0,0.0,0,0,0
U103840,2026-05-12,2026-05,treatment,1,1,1,1,45.44,0,0,0
U103841,2026-02-02,2026-02,treatment,1,1,1,0,0.0,0,0,0
U103842,2026-05-05,2026-05,control,1,0,0,0,0.0,0,0,0
U103843,2026-04-25,2026-04,control,1,1,1,1,46.21,0,0,0
U103844,2026-03-14,2026-03,control,1,0,0,0,0.0,0,0,0
U103845,2026-05-26,2026-05,treatment,1,1,0,0,0.0,0,0,0
U103846,2026-06-27,2026-06,treatment,1,0,0,0,0.0,1,1,1
U103847,2026-05-15,2026-05,treatment,1,0,0,0,0.0,0,0,0
U103848,2026-06-02,2026-06,control,1,1,0,0,0.0,0,0,0
U103849,2026-02-17,2026-02,control,1,1,1,0,0.0,0,0,0
U103850,2026-04-27,2026-04,control,1,1,0,0,0.0,0,0,0
U103851,2026-03-03,2026-03,treatment,1,0,0,0,0.0,1,1,1
U103852,2026-05-21,2026-05,control,1,1,0,0,0.0,1,1,1
U103853,2026-06-24,2026-06,treatment,1,1,1,1,71.03,0,0,0
U103854,2026-05-27,2026-05,control,1,1,1,1,72.01,0,0,0
U103855,2026-02-19,2026-02,control,1,1,0,0,0.0,1,1,1
U103856,2026-04-18,2026-04,treatment,1,1,1,1,54.55,0,0,0
U103857,2026-05-14,2026-05,control,1,1,1,0,0.0,1,1,1
U103858,2026-04-25,2026-04,control,1,0,0,0,0.0,0,0,0
U103859,2026-06-14,2026-06,control,1,0,0,0,0.0,0,0,0
U103860,2026-06-12,2026-06,control,1,0,0,0,0.0,1,1,1
U103861,2026-05-21,2026-05,treatment,1,1,1,1,53.42,0,0,0
U103862,2026-04-21,2026-04,treatment,1,1,0,0,0.0,1,1,1
U103863,2026-04-01,2026-04,control,1,1,1,0,0.0,0,0,0
U103864,2026-02-28,2026-02,treatment,1,0,0,0,0.0,1,1,1
U103865,2026-04-18,2026-04,control,1,0,0,0,0.0,0,0,0
U103866,2026-04-26,2026-04,treatment,1,0,0,0,0.0,0,0,0
U103867,2026-05-28,2026-05,treatment,1,0,0,0,0.0,0,0,0
U103868,2026-05-27,2026-05,treatment,1,0,0,0,0.0,0,0,0
U103869,2026-02-17,2026-02,control,1,1,1,1,90.05,1,1,1
U103870,2026-04-24,2026-04,control,1,0,0,0,0.0,1,1,1
U103871,2026-03-18,2026-03,control,1,0,0,0,0.0,0,0,0
U103872,2026-03-13,2026-03,treatment,1,0,0,0,0.0,0,0,0
U103873,2026-06-13,2026-06,treatment,1,1,0,0,0.0,0,0,0
U103874,2026-02-06,2026-02,control,1,1,1,0,0.0,0,0,0
U103875,2026-04-27,2026-04,treatment,1,0,0,0,0.0,1,1,1
U103876,2026-03-15,2026-03,control,1,1,1,1,69.07,0,0,0
U103877,2026-06-18,2026-06,control,1,0,0,0,0.0,1,1,1
U103878,2026-05-15,2026-05,control,1,0,0,0,0.0,0,0,0
U103879,2026-03-28,2026-03,control,1,0,0,0,0.0,1,1,1
U103880,2026-05-08,2026-05,control,1,0,0,0,0.0,0,0,0
U103881,2026-06-03,2026-06,treatment,1,1,0,0,0.0,1,1,1
U103882,2026-06-26,2026-06,control,1,1,1,0,0.0,0,0,0
U103883,2026-03-26,2026-03,control,1,1,1,0,0.0,1,1,1
U103884,2026-06-19,2026-06,treatment,1,0,0,0,0.0,0,0,0
U103885,2026-06-23,2026-06,control,1,0,0,0,0.0,1,1,1
U103886,2026-06-22,2026-06,treatment,1,0,0,0,0.0,1,1,1
U103887,2026-05-24,2026-05,control,1,0,0,0,0.0,1,1,1
U103888,2026-05-23,2026-05,treatment,1,0,0,0,0.0,0,0,0
U103889,2026-04-25,2026-04,treatment,1,0,0,0,0.0,1,1,1
U103890,2026-06-06,2026-06,control,1,1,0,0,0.0,0,0,0
U103891,2026-05-12,2026-05,treatment,1,1,1,0,0.0,0,0,0
U103892,2026-05-29,2026-05,treatment,1,0,0,0,0.0,0,0,0
U103893,2026-04-28,2026-04,treatment,1,0,0,0,0.0,1,1,1
U103894,2026-06-03,2026-06,control,1,0,0,0,0.0,0,0,0
U103895,2026-06-13,2026-06,control,1,0,0,0,0.0,0,0,0
U103896,2026-03-10,2026-03,treatment,1,0,0,0,0.0,1,1,1
U103897,2026-06-14,2026-06,treatment,1,0,0,0,0.0,1,1,1
U103898,2026-05-13,2026-05,control,1,1,1,1,40.39,1,1,1
U103899,2026-06-15,2026-06,control,1,1,0,0,0.0,0,0,0
U103900,2026-04-29,2026-04,control,1,0,0,0,0.0,1,1,1
U103901,2026-04-21,2026-04,control,1,1,0,0,0.0,0,0,0
U103902,2026-06-22,2026-06,control,1,0,0,0,0.0,0,0,0
U103903,2026-04-01,2026-04,control,1,1,1,0,0.0,0,0,0
U103904,2026-06-15,2026-06,control,1,0,0,0,0.0,0,0,0
U103905,2026-05-06,2026-05,control,1,0,0,0,0.0,0,0,0
U103906,2026-05-10,2026-05,treatment,1,0,0,0,0.0,0,0,0
U103907,2026-04-10,2026-04,control,1,0,0,0,0.0,1,1,1
U103908,2026-05-17,2026-05,control,1,0,0,0,0.0,1,1,1
U103909,2026-04-13,2026-04,control,1,1,1,0,0.0,1,1,1
U103910,2026-02-05,2026-02,treatment,1,1,0,0,0.0,1,1,1
U103911,2026-04-04,2026-04,treatment,1,0,0,0,0.0,1,1,1
U103912,2026-01-15,2026-01,treatment,1,0,0,0,0.0,0,0,0
U103913,2026-06-28,2026-06,control,1,1,1,0,0.0,0,0,0
U103914,2026-06-26,2026-06,treatment,1,1,1,1,66.49,0,0,0
U103915,2026-04-24,2026-04,control,1,1,1,1,53.69,0,0,0
U103916,2026-06-03,2026-06,control,1,0,0,0,0.0,0,0,0
U103917,2026-04-16,2026-04,treatment,1,1,1,0,0.0,1,1,1
U103918,2026-05-28,2026-05,treatment,1,1,1,0,0.0,1,1,1
U103919,2026-06-11,2026-06,treatment,1,0,0,0,0.0,1,1,1
U103920,2026-06-25,2026-06,treatment,1,0,0,0,0.0,0,0,0
U103921,2026-04-24,2026-04,treatment,1,1,1,1,26.27,0,0,0
U103922,2026-06-09,2026-06,control,1,1,1,1,23.12,1,1,1
U103923,2026-04-03,2026-04,control,1,0,0,0,0.0,0,0,0
U103924,2026-06-29,2026-06,control,1,1,1,1,19.74,0,0,0
U103925,2026-01-29,2026-01,treatment,1,0,0,0,0.0,0,0,0
U103926,2026-05-20,2026-05,control,1,0,0,0,0.0,1,1,1
U103927,2026-05-27,2026-05,treatment,1,0,0,0,0.0,0,0,0
U103928,2026-05-30,2026-05,control,1,1,1,1,39.13,1,1,1
U103929,2026-03-04,2026-03,control,1,0,0,0,0.0,0,0,0
U103930,2026-06-24,2026-06,control,1,0,0,0,0.0,0,0,0
U103931,2026-03-18,2026-03,control,1,0,0,0,0.0,0,0,0
U103932,2026-05-23,2026-05,treatment,1,0,0,0,0.0,0,0,0
U103933,2026-03-26,2026-03,control,1,1,1,0,0.0,0,0,0
U103934,2026-04-10,2026-04,control,1,0,0,0,0.0,1,1,1
U103935,2026-05-14,2026-05,control,1,1,1,1,114.41,0,0,0
U103936,2026-04-27,2026-04,control,1,1,0,0,0.0,0,0,0
U103937,2026-03-14,2026-03,control,1,0,0,0,0.0,0,0,0
U103938,2026-03-16,2026-03,control,1,1,1,1,81.83,0,0,0
U103939,2026-04-27,2026-04,treatment,1,0,0,0,0.0,0,0,0
U103940,2026-06-06,2026-06,control,1,0,0,0,0.0,0,0,0
U103941,2026-06-20,2026-06,control,1,1,1,0,0.0,0,0,0
U103942,2026-02-22,2026-02,treatment,1,1,0,0,0.0,0,0,0
U103943,2026-04-23,2026-04,control,1,0,0,0,0.0,0,0,0
U103944,2026-02-26,2026-02,control,1,0,0,0,0.0,0,0,0
U103945,2026-01-24,2026-01,treatment,1,1,1,0,0.0,0,0,0
U103946,2026-05-27,2026-05,control,1,1,1,0,0.0,1,1,1
U103947,2026-05-20,2026-05,treatment,1,0,0,0,0.0,0,0,0
U103948,2026-03-14,2026-03,control,1,0,0,0,0.0,0,0,0
U103949,2026-03-29,2026-03,treatment,1,0,0,0,0.0,1,1,1
U103950,2026-01-28,2026-01,treatment,1,0,0,0,0.0,1,1,1
U103951,2026-06-14,2026-06,control,1,0,0,0,0.0,0,0,0
U103952,2026-06-27,2026-06,control,1,0,0,0,0.0,1,1,1
U103953,2026-03-08,2026-03,control,1,0,0,0,0.0,0,0,0
U103954,2026-03-28,2026-03,control,1,1,1,0,0.0,0,0,0
U103955,2026-06-17,2026-06,treatment,1,0,0,0,0.0,0,0,0
U103956,2026-06-23,2026-06,treatment,1,1,0,0,0.0,1,1,1
U103957,2026-04-27,2026-04,control,1,0,0,0,0.0,0,0,0
U103958,2026-02-10,2026-02,treatment,1,0,0,0,0.0,1,1,1
U103959,2026-02-05,2026-02,control,1,0,0,0,0.0,0,0,0
U103960,2026-05-17,2026-05,treatment,1,1,1,0,0.0,1,1,1
U103961,2026-04-23,2026-04,treatment,1,0,0,0,0.0,1,1,1
U103962,2026-01-31,2026-01,treatment,1,0,0,0,0.0,1,1,1
U103963,2026-05-18,2026-05,control,1,0,0,0,0.0,1,1,1
U103964,2026-01-20,2026-01,treatment,1,0,0,0,0.0,1,1,1
U103965,2026-06-09,2026-06,control,1,0,0,0,0.0,1,1,1
U103966,2026-04-10,2026-04,treatment,1,1,0,0,0.0,1,1,1
U103967,2026-02-06,2026-02,control,1,0,0,0,0.0,0,0,0
U103968,2026-05-19,2026-05,control,1,1,1,0,0.0,0,0,0
U103969,2026-04-24,2026-04,treatment,1,1,1,0,0.0,0,0,0
U103970,2026-06-27,2026-06,treatment,1,0,0,0,0.0,1,1,1
U103971,2026-05-13,2026-05,control,1,1,1,0,0.0,0,0,0
U103972,2026-04-05,2026-04,treatment,1,1,1,0,0.0,0,0,0
U103973,2026-06-01,2026-06,treatment,1,1,0,0,0.0,0,0,0
U103974,2026-04-04,2026-04,treatment,1,0,0,0,0.0,0,0,0
U103975,2026-06-21,2026-06,treatment,1,1,1,0,0.0,1,1,1
U103976,2026-04-21,2026-04,control,1,1,1,1,27.35,0,0,0
U103977,2026-05-14,2026-05,treatment,1,0,0,0,0.0,1,1,1
U103978,2026-02-10,2026-02,control,1,0,0,0,0.0,0,0,0
U103979,2026-04-28,2026-04,control,1,1,1,0,0.0,0,0,0
U103980,2026-06-14,2026-06,treatment,1,1,1,1,37.17,0,0,0
U103981,2026-06-11,2026-06,treatment,1,0,0,0,0.0,0,0,0
U103982,2026-03-27,2026-03,treatment,1,1,0,0,0.0,0,0,0
U103983,2026-03-27,2026-03,treatment,1,0,0,0,0.0,0,0,0
U103984,2026-06-12,2026-06,treatment,1,0,0,0,0.0,0,0,0
U103985,2026-06-23,2026-06,control,1,0,0,0,0.0,0,0,0
U103986,2026-02-25,2026-02,treatment,1,0,0,0,0.0,0,0,0
U103987,2026-05-01,2026-05,control,1,1,1,0,0.0,1,1,1
U103988,2026-04-15,2026-04,treatment,1,0,0,0,0.0,0,0,0
U103989,2026-06-17,2026-06,treatment,1,1,0,0,0.0,0,0,0
U103990,2026-02-22,2026-02,treatment,1,0,0,0,0.0,0,0,0
U103991,2026-03-24,2026-03,control,1,0,0,0,0.0,1,1,1
U103992,2026-06-06,2026-06,treatment,1,0,0,0,0.0,0,0,0
U103993,2026-02-10,2026-02,treatment,1,0,0,0,0.0,1,1,1
U103994,2026-05-07,2026-05,treatment,1,1,0,0,0.0,1,1,1
U103995,2026-04-30,2026-04,control,1,0,0,0,0.0,0,0,0
U103996,2026-04-15,2026-04,treatment,1,1,0,0,0.0,0,0,0
U103997,2026-04-24,2026-04,treatment,1,0,0,0,0.0,1,1,1
U103998,2026-05-12,2026-05,treatment,1,0,0,0,0.0,0,0,0
U103999,2026-03-14,2026-03,treatment,1,0,0,0,0.0,1,1,1
U104000,2026-05-17,2026-05,control,1,1,1,0,0.0,0,0,0
U104001,2026-06-11,2026-06,control,1,0,0,0,0.0,1,1,1
U104002,2026-06-06,2026-06,control,1,1,1,1,44.99,0,0,0
U104003,2026-03-12,2026-03,control,1,1,1,0,0.0,0,0,0
U104004,2026-03-11,2026-03,treatment,1,0,0,0,0.0,1,1,1
U104005,2026-04-04,2026-04,control,1,0,0,0,0.0,0,0,0
U104006,2026-04-19,2026-04,control,1,0,0,0,0.0,0,0,0
U104007,2026-04-26,2026-04,control,1,1,1,0,0.0,1,1,1
U104008,2026-05-29,2026-05,treatment,1,0,0,0,0.0,0,0,0
U104009,2026-02-12,2026-02,control,1,0,0,0,0.0,0,0,0
U104010,2026-02-03,2026-02,control,1,0,0,0,0.0,1,1,1
U104011,2026-04-23,2026-04,control,1,1,0,0,0.0,0,0,0
U104012,2026-05-31,2026-05,control,1,1,0,0,0.0,0,0,0
U104013,2026-03-21,2026-03,treatment,1,1,0,0,0.0,0,0,0
U104014,2026-05-25,2026-05,control,1,1,1,1,53.21,1,1,1
U104015,2026-04-02,2026-04,treatment,1,0,0,0,0.0,0,0,0
U104016,2026-06-19,2026-06,treatment,1,0,0,0,0.0,1,1,1
U104017,2026-06-20,2026-06,treatment,1,1,1,1,117.89,0,0,0
U104018,2026-04-09,2026-04,treatment,1,1,1,1,146.22,1,1,1
U104019,2026-03-28,2026-03,treatment,1,0,0,0,0.0,0,0,0
U104020,2026-04-26,2026-04,control,1,0,0,0,0.0,0,0,0
U104021,2026-03-30,2026-03,treatment,1,1,0,0,0.0,0,0,0
U104022,2026-05-28,2026-05,control,1,0,0,0,0.0,0,0,0
U104023,2026-06-13,2026-06,control,1,0,0,0,0.0,0,0,0
U104024,2026-05-28,2026-05,treatment,1,1,1,1,65.21,1,1,1
U104025,2026-06-13,2026-06,treatment,1,1,1,0,0.0,1,1,1
U104026,2026-04-24,2026-04,treatment,1,0,0,0,0.0,0,0,0
U104027,2026-03-13,2026-03,treatment,1,0,0,0,0.0,1,1,1
U104028,2026-06-04,2026-06,control,1,0,0,0,0.0,1,1,1
U104029,2026-04-19,2026-04,treatment,1,1,1,0,0.0,0,0,0
U104030,2026-05-28,2026-05,control,1,1,1,1,23.21,1,1,1
U104031,2026-04-04,2026-04,control,1,1,0,0,0.0,0,0,0
U104032,2026-02-21,2026-02,treatment,1,0,0,0,0.0,0,0,0
U104033,2026-06-29,2026-06,control,1,0,0,0,0.0,0,0,0
U104034,2026-03-13,2026-03,treatment,1,1,1,1,89.43,0,0,0
U104035,2026-06-28,2026-06,treatment,1,0,0,0,0.0,0,0,0
U104036,2026-06-27,2026-06,control,1,1,0,0,0.0,0,0,0
U104037,2026-06-10,2026-06,treatment,1,1,0,0,0.0,1,1,1
U104038,2026-05-27,2026-05,treatment,1,0,0,0,0.0,1,1,1
U104039,2026-05-17,2026-05,control,1,1,1,1,53.32,0,0,0
U104040,2026-06-17,2026-06,control,1,0,0,0,0.0,0,0,0
U104041,2026-04-07,2026-04,treatment,1,1,0,0,0.0,0,0,0
U104042,2026-05-04,2026-05,control,1,0,0,0,0.0,0,0,0
U104043,2026-05-22,2026-05,treatment,1,1,1,1,68.24,0,0,0
U104044,2026-04-26,2026-04,control,1,1,1,1,82.1,0,0,0
U104045,2026-04-28,2026-04,treatment,1,0,0,0,0.0,1,1,1
U104046,2026-04-14,2026-04,treatment,1,0,0,0,0.0,1,1,1
U104047,2026-05-16,2026-05,control,1,0,0,0,0.0,1,1,1
U104048,2026-06-16,2026-06,treatment,1,0,0,0,0.0,0,0,0
U104049,2026-03-22,2026-03,treatment,1,1,1,0,0.0,0,0,0
U104050,2026-06-23,2026-06,treatment,1,0,0,0,0.0,0,0,0
U104051,2026-05-30,2026-05,treatment,1,0,0,0,0.0,1,1,1
U104052,2026-06-13,2026-06,treatment,1,0,0,0,0.0,1,1,1
U104053,2026-05-15,2026-05,treatment,1,1,1,0,0.0,0,0,0
U104054,2026-06-08,2026-06,treatment,1,1,1,0,0.0,0,0,0
U104055,2026-01-23,2026-01,treatment,1,0,0,0,0.0,1,1,1
U104056,2026-06-12,2026-06,control,1,1,0,0,0.0,0,0,0
U104057,2026-02-06,2026-02,treatment,1,1,1,1,49.14,0,0,0
U104058,2026-06-19,2026-06,control,1,0,0,0,0.0,0,0,0
U104059,2026-06-29,2026-06,control,1,1,1,1,51.5,1,1,1
U104060,2026-04-08,2026-04,control,1,0,0,0,0.0,0,0,0
U104061,2026-03-24,2026-03,control,1,0,0,0,0.0,0,0,0
U104062,2026-06-07,2026-06,control,1,0,0,0,0.0,0,0,0
U104063,2026-04-01,2026-04,control,1,0,0,0,0.0,0,0,0
U104064,2026-06-17,2026-06,control,1,1,0,0,0.0,0,0,0
U104065,2026-02-27,2026-02,treatment,1,0,0,0,0.0,1,1,1
U104066,2026-03-05,2026-03,control,1,0,0,0,0.0,1,1,1
U104067,2026-06-28,2026-06,control,1,0,0,0,0.0,0,0,0
U104068,2026-05-28,2026-05,control,1,0,0,0,0.0,0,0,0
U104069,2026-06-15,2026-06,control,1,1,0,0,0.0,0,0,0
U104070,2026-04-13,2026-04,control,1,0,0,0,0.0,0,0,0
U104071,2026-05-29,2026-05,treatment,1,1,1,0,0.0,0,0,0
U104072,2026-05-19,2026-05,treatment,1,1,0,0,0.0,0,0,0
U104073,2026-05-20,2026-05,treatment,1,0,0,0,0.0,0,0,0
U104074,2026-05-29,2026-05,treatment,1,1,0,0,0.0,1,1,1
U104075,2026-05-17,2026-05,control,1,0,0,0,0.0,0,0,0
U104076,2026-04-28,2026-04,control,1,0,0,0,0.0,0,0,0
U104077,2026-04-05,2026-04,control,1,0,0,0,0.0,0,0,0
U104078,2026-06-07,2026-06,treatment,1,0,0,0,0.0,1,1,1
U104079,2026-03-27,2026-03,control,1,1,0,0,0.0,0,0,0
U104080,2026-05-30,2026-05,treatment,1,0,0,0,0.0,0,0,0
U104081,2026-03-28,2026-03,control,1,1,1,1,77.99,1,1,1
U104082,2026-05-23,2026-05,control,1,0,0,0,0.0,0,0,0
U104083,2026-06-05,2026-06,treatment,1,1,0,0,0.0,0,0,0
U104084,2026-03-26,2026-03,treatment,1,0,0,0,0.0,1,1,1
U104085,2026-02-14,2026-02,treatment,1,1,1,1,64.57,1,1,1
U104086,2026-03-07,2026-03,treatment,1,0,0,0,0.0,0,0,0
U104087,2026-05-21,2026-05,treatment,1,1,1,0,0.0,0,0,0
U104088,2026-06-15,2026-06,treatment,1,1,1,1,80.36,1,1,1
U104089,2026-02-08,2026-02,treatment,1,1,0,0,0.0,0,0,0
U104090,2026-06-04,2026-06,control,1,0,0,0,0.0,0,0,0
U104091,2026-04-16,2026-04,treatment,1,0,0,0,0.0,0,0,0
U104092,2026-05-05,2026-05,treatment,1,1,1,1,70.19,1,1,1
U104093,2026-06-23,2026-06,control,1,0,0,0,0.0,1,1,1
U104094,2026-04-14,2026-04,treatment,1,0,0,0,0.0,1,1,1
U104095,2026-05-03,2026-05,treatment,1,0,0,0,0.0,0,0,0
U104096,2026-01-22,2026-01,control,1,0,0,0,0.0,0,0,0
U104097,2026-02-21,2026-02,control,1,0,0,0,0.0,0,0,0
U104098,2026-04-02,2026-04,control,1,0,0,0,0.0,1,1,1
U104099,2026-01-31,2026-01,treatment,1,0,0,0,0.0,0,0,0
U104100,2026-05-24,2026-05,treatment,1,0,0,0,0.0,0,0,0
U104101,2026-04-28,2026-04,control,1,0,0,0,0.0,0,0,0
U104102,2026-05-14,2026-05,treatment,1,0,0,0,0.0,0,0,0
U104103,2026-03-17,2026-03,control,1,1,0,0,0.0,1,1,1
U104104,2026-04-08,2026-04,treatment,1,0,0,0,0.0,0,0,0
U104105,2026-05-27,2026-05,control,1,1,0,0,0.0,0,0,0
U104106,2026-06-26,2026-06,control,1,0,0,0,0.0,1,1,1
U104107,2026-02-10,2026-02,treatment,1,0,0,0,0.0,0,0,0
U104108,2026-06-19,2026-06,control,1,0,0,0,0.0,0,0,0
U104109,2026-05-17,2026-05,control,1,0,0,0,0.0,0,0,0
U104110,2026-05-16,2026-05,control,1,1,1,1,43.09,0,0,0
U104111,2026-05-08,2026-05,control,1,0,0,0,0.0,0,0,0
U104112,2026-02-17,2026-02,control,1,1,1,1,73.98,1,1,1
U104113,2026-02-23,2026-02,treatment,1,1,0,0,0.0,0,0,0
U104114,2026-05-20,2026-05,treatment,1,0,0,0,0.0,0,0,0
U104115,2026-04-16,2026-04,treatment,1,0,0,0,0.0,0,0,0
U104116,2026-06-22,2026-06,treatment,1,0,0,0,0.0,1,1,1
U104117,2026-04-25,2026-04,control,1,1,0,0,0.0,1,1,1
U104118,2026-03-10,2026-03,control,1,1,1,0,0.0,1,1,1
U104119,2026-06-02,2026-06,control,1,1,0,0,0.0,0,0,0
U104120,2026-04-08,2026-04,treatment,1,0,0,0,0.0,0,0,0
U104121,2026-05-11,2026-05,treatment,1,1,1,0,0.0,0,0,0
U104122,2026-05-31,2026-05,control,1,1,1,1,53.5,0,0,0
U104123,2026-06-20,2026-06,control,1,0,0,0,0.0,0,0,0
U104124,2026-06-10,2026-06,treatment,1,1,0,0,0.0,0,0,0
U104125,2026-05-29,2026-05,treatment,1,0,0,0,0.0,1,1,1
U104126,2026-05-29,2026-05,treatment,1,0,0,0,0.0,0,0,0
U104127,2026-06-25,2026-06,control,1,1,1,1,56.49,0,0,0
U104128,2026-04-08,2026-04,treatment,1,0,0,0,0.0,1,1,1
U104129,2026-01-07,2026-01,control,1,0,0,0,0.0,0,0,0
U104130,2026-04-04,2026-04,treatment,1,0,0,0,0.0,1,1,1
U104131,2026-03-26,2026-03,treatment,1,0,0,0,0.0,1,1,1
U104132,2026-05-27,2026-05,treatment,1,0,0,0,0.0,0,0,0
U104133,2026-05-24,2026-05,control,1,1,0,0,0.0,0,0,0
U104134,2026-05-19,2026-05,control,1,0,0,0,0.0,0,0,0
U104135,2026-01-23,2026-01,control,1,0,0,0,0.0,0,0,0
U104136,2026-06-03,2026-06,control,1,1,1,1,66.89,0,0,0
U104137,2026-04-13,2026-04,treatment,1,0,0,0,0.0,0,0,0
U104138,2026-05-27,2026-05,treatment,1,0,0,0,0.0,1,1,1
U104139,2026-05-15,2026-05,control,1,0,0,0,0.0,0,0,0
U104140,2026-04-16,2026-04,control,1,0,0,0,0.0,0,0,0
U104141,2026-03-08,2026-03,control,1,0,0,0,0.0,0,0,0
U104142,2026-02-25,2026-02,treatment,1,0,0,0,0.0,1,1,1
U104143,2026-06-14,2026-06,treatment,1,0,0,0,0.0,0,0,0
U104144,2026-06-22,2026-06,control,1,1,1,0,0.0,0,0,0
U104145,2026-05-26,2026-05,control,1,0,0,0,0.0,0,0,0
U104146,2026-02-27,2026-02,treatment,1,1,0,0,0.0,0,0,0
U104147,2026-04-25,2026-04,treatment,1,1,0,0,0.0,0,0,0
U104148,2026-06-03,2026-06,control,1,0,0,0,0.0,0,0,0
U104149,2026-06-08,2026-06,treatment,1,1,1,1,99.99,0,0,0
U104150,2026-03-03,2026-03,treatment,1,0,0,0,0.0,0,0,0
U104151,2026-01-01,2026-01,treatment,1,0,0,0,0.0,0,0,0
U104152,2026-06-01,2026-06,treatment,1,0,0,0,0.0,0,0,0
U104153,2026-04-18,2026-04,control,1,1,0,0,0.0,0,0,0
U104154,2026-04-01,2026-04,treatment,1,0,0,0,0.0,0,0,0
U104155,2026-01-21,2026-01,control,1,0,0,0,0.0,0,0,0
U104156,2026-05-13,2026-05,control,1,0,0,0,0.0,1,1,1
U104157,2026-06-16,2026-06,control,1,1,1,0,0.0,0,0,0
U104158,2026-06-26,2026-06,control,1,0,0,0,0.0,0,0,0
U104159,2026-05-16,2026-05,control,1,0,0,0,0.0,0,0,0
U104160,2026-05-10,2026-05,treatment,1,0,0,0,0.0,1,1,1
U104161,2026-02-22,2026-02,treatment,1,1,0,0,0.0,0,0,0
U104162,2026-05-14,2026-05,treatment,1,0,0,0,0.0,0,0,0
U104163,2026-04-21,2026-04,control,1,0,0,0,0.0,0,0,0
U104164,2026-05-21,2026-05,control,1,1,0,0,0.0,0,0,0
U104165,2026-04-23,2026-04,treatment,1,0,0,0,0.0,0,0,0
U104166,2026-03-30,2026-03,control,1,1,0,0,0.0,1,1,1
U104167,2026-02-25,2026-02,treatment,1,1,1,1,40.29,0,0,0
U104168,2026-04-12,2026-04,control,1,1,1,0,0.0,1,1,1
U104169,2026-02-25,2026-02,treatment,1,0,0,0,0.0,0,0,0
U104170,2026-03-17,2026-03,control,1,0,0,0,0.0,0,0,0
U104171,2026-06-28,2026-06,treatment,1,0,0,0,0.0,1,1,1
U104172,2026-04-30,2026-04,treatment,1,1,1,0,0.0,0,0,0
U104173,2026-05-12,2026-05,treatment,1,1,1,0,0.0,0,0,0
U104174,2026-06-18,2026-06,treatment,1,0,0,0,0.0,0,0,0
U104175,2026-06-29,2026-06,control,1,1,0,0,0.0,0,0,0
U104176,2026-05-18,2026-05,treatment,1,1,1,1,104.84,1,1,1
U104177,2026-06-12,2026-06,control,1,0,0,0,0.0,0,0,0
U104178,2026-04-13,2026-04,treatment,1,0,0,0,0.0,1,1,1
U104179,2026-04-10,2026-04,control,1,0,0,0,0.0,0,0,0
U104180,2026-04-25,2026-04,treatment,1,0,0,0,0.0,0,0,0
U104181,2026-05-28,2026-05,treatment,1,1,1,1,145.11,0,0,0
U104182,2026-05-29,2026-05,control,1,1,1,0,0.0,1,1,1
U104183,2026-04-12,2026-04,control,1,0,0,0,0.0,1,1,1
U104184,2026-03-07,2026-03,control,1,0,0,0,0.0,0,0,0
U104185,2026-05-24,2026-05,treatment,1,0,0,0,0.0,0,0,0
U104186,2026-03-06,2026-03,control,1,1,0,0,0.0,1,1,1
U104187,2026-05-17,2026-05,treatment,1,1,0,0,0.0,0,0,0
U104188,2026-05-30,2026-05,treatment,1,0,0,0,0.0,0,0,0
U104189,2026-05-31,2026-05,treatment,1,1,0,0,0.0,1,1,1
U104190,2026-06-06,2026-06,treatment,1,0,0,0,0.0,1,1,1
U104191,2026-06-18,2026-06,control,1,0,0,0,0.0,0,0,0
U104192,2026-05-08,2026-05,treatment,1,1,0,0,0.0,0,0,0
U104193,2026-06-03,2026-06,treatment,1,0,0,0,0.0,1,1,1
U104194,2026-05-22,2026-05,treatment,1,0,0,0,0.0,0,0,0
U104195,2026-03-19,2026-03,treatment,1,0,0,0,0.0,0,0,0
U104196,2026-01-29,2026-01,treatment,1,0,0,0,0.0,0,0,0
U104197,2026-04-07,2026-04,control,1,0,0,0,0.0,1,1,1
U104198,2026-04-30,2026-04,treatment,1,0,0,0,0.0,0,0,0
U104199,2026-05-22,2026-05,treatment,1,1,1,1,101.12,0,0,0
U104200,2026-06-15,2026-06,treatment,1,0,0,0,0.0,0,0,0
U104201,2026-03-21,2026-03,treatment,1,0,0,0,0.0,1,1,1
U104202,2026-03-05,2026-03,control,1,0,0,0,0.0,0,0,0
U104203,2026-06-26,2026-06,treatment,1,1,1,0,0.0,1,1,1
U104204,2026-03-01,2026-03,treatment,1,0,0,0,0.0,1,1,1
U104205,2026-05-05,2026-05,control,1,1,1,0,0.0,0,0,0
U104206,2026-05-18,2026-05,treatment,1,0,0,0,0.0,0,0,0
U104207,2026-05-13,2026-05,control,1,0,0,0,0.0,1,1,1
U104208,2026-02-22,2026-02,treatment,1,0,0,0,0.0,0,0,0
U104209,2026-02-12,2026-02,control,1,1,1,0,0.0,1,1,1
U104210,2026-02-28,2026-02,treatment,1,0,0,0,0.0,1,1,1
U104211,2026-05-18,2026-05,control,1,0,0,0,0.0,0,0,0
U104212,2026-05-13,2026-05,control,1,0,0,0,0.0,0,0,0
U104213,2026-03-29,2026-03,control,1,0,0,0,0.0,0,0,0
U104214,2026-05-24,2026-05,control,1,0,0,0,0.0,0,0,0
U104215,2026-06-13,2026-06,treatment,1,0,0,0,0.0,0,0,0
U104216,2026-02-06,2026-02,control,1,0,0,0,0.0,1,1,1
U104217,2026-05-08,2026-05,treatment,1,0,0,0,0.0,1,1,1
U104218,2026-05-30,2026-05,treatment,1,0,0,0,0.0,1,1,1
U104219,2026-04-01,2026-04,treatment,1,0,0,0,0.0,1,1,1
U104220,2026-04-10,2026-04,treatment,1,1,1,1,95.61,0,0,0
U104221,2026-05-22,2026-05,control,1,0,0,0,0.0,0,0,0
U104222,2026-06-20,2026-06,control,1,0,0,0,0.0,0,0,0
U104223,2026-06-11,2026-06,treatment,1,0,0,0,0.0,1,1,1
U104224,2026-05-18,2026-05,control,1,0,0,0,0.0,0,0,0
U104225,2026-06-03,2026-06,treatment,1,1,1,0,0.0,1,1,1
U104226,2026-04-19,2026-04,control,1,0,0,0,0.0,0,0,0
U104227,2026-05-25,2026-05,treatment,1,1,1,1,61.47,0,0,0
U104228,2026-05-03,2026-05,control,1,0,0,0,0.0,1,1,1
U104229,2026-03-20,2026-03,treatment,1,0,0,0,0.0,1,1,1
U104230,2026-05-31,2026-05,control,1,0,0,0,0.0,0,0,0
U104231,2026-05-15,2026-05,control,1,0,0,0,0.0,1,1,1
U104232,2026-04-18,2026-04,treatment,1,0,0,0,0.0,1,1,1
U104233,2026-06-21,2026-06,control,1,0,0,0,0.0,1,1,1
U104234,2026-01-27,2026-01,treatment,1,1,0,0,0.0,0,0,0
U104235,2026-04-12,2026-04,treatment,1,0,0,0,0.0,0,0,0
U104236,2026-02-12,2026-02,control,1,1,1,1,44.46,1,1,1
U104237,2026-06-07,2026-06,treatment,1,0,0,0,0.0,0,0,0
U104238,2026-05-31,2026-05,control,1,1,0,0,0.0,1,1,1
U104239,2026-04-14,2026-04,treatment,1,0,0,0,0.0,0,0,0
U104240,2026-05-28,2026-05,treatment,1,1,1,1,39.83,1,1,1
U104241,2026-04-24,2026-04,treatment,1,0,0,0,0.0,0,0,0
U104242,2026-06-06,2026-06,control,1,0,0,0,0.0,0,0,0
U104243,2026-05-02,2026-05,control,1,0,0,0,0.0,0,0,0
U104244,2026-04-26,2026-04,treatment,1,1,0,0,0.0,1,1,1
U104245,2026-06-24,2026-06,control,1,1,1,0,0.0,0,0,0
U104246,2026-04-01,2026-04,control,1,0,0,0,0.0,0,0,0
U104247,2026-03-04,2026-03,treatment,1,1,1,0,0.0,0,0,0
U104248,2026-05-18,2026-05,treatment,1,0,0,0,0.0,0,0,0
U104249,2026-06-27,2026-06,control,1,0,0,0,0.0,1,1,1
U104250,2026-04-21,2026-04,control,1,0,0,0,0.0,1,1,1
U104251,2026-02-14,2026-02,control,1,1,1,0,0.0,0,0,0
U104252,2026-04-15,2026-04,control,1,0,0,0,0.0,0,0,0
U104253,2026-05-09,2026-05,control,1,0,0,0,0.0,0,0,0
U104254,2026-03-14,2026-03,control,1,0,0,0,0.0,0,0,0
U104255,2026-05-27,2026-05,treatment,1,0,0,0,0.0,1,1,1
U104256,2026-06-29,2026-06,treatment,1,0,0,0,0.0,0,0,0
U104257,2026-05-01,2026-05,control,1,0,0,0,0.0,1,1,1
U104258,2026-04-18,2026-04,control,1,0,0,0,0.0,0,0,0
U104259,2026-04-24,2026-04,treatment,1,0,0,0,0.0,0,0,0
U104260,2026-03-03,2026-03,control,1,0,0,0,0.0,0,0,0
U104261,2026-06-19,2026-06,treatment,1,0,0,0,0.0,1,1,1
U104262,2026-04-26,2026-04,treatment,1,1,0,0,0.0,0,0,0
U104263,2026-04-23,2026-04,treatment,1,0,0,0,0.0,0,0,0
U104264,2026-05-27,2026-05,control,1,1,1,0,0.0,1,1,1
U104265,2026-04-30,2026-04,treatment,1,0,0,0,0.0,0,0,0
U104266,2026-05-25,2026-05,treatment,1,0,0,0,0.0,1,1,1
U104267,2026-02-14,2026-02,treatment,1,0,0,0,0.0,0,0,0
U104268,2026-06-12,2026-06,treatment,1,1,1,0,0.0,0,0,0
U104269,2026-06-24,2026-06,control,1,1,1,1,73.68,1,1,1
U104270,2026-05-25,2026-05,control,1,0,0,0,0.0,0,0,0
U104271,2026-06-25,2026-06,treatment,1,0,0,0,0.0,1,1,1
U104272,2026-03-12,2026-03,treatment,1,1,1,0,0.0,0,0,0
U104273,2026-05-05,2026-05,treatment,1,0,0,0,0.0,1,1,1
U104274,2026-05-20,2026-05,treatment,1,1,0,0,0.0,0,0,0
U104275,2026-05-18,2026-05,control,1,0,0,0,0.0,0,0,0
U104276,2026-04-25,2026-04,control,1,1,0,0,0.0,0,0,0
U104277,2026-04-15,2026-04,treatment,1,0,0,0,0.0,0,0,0
U104278,2026-03-06,2026-03,control,1,0,0,0,0.0,0,0,0
U104279,2026-04-23,2026-04,treatment,1,1,1,1,136.47,0,0,0
U104280,2026-03-14,2026-03,control,1,0,0,0,0.0,0,0,0
U104281,2026-06-04,2026-06,treatment,1,0,0,0,0.0,0,0,0
U104282,2026-03-24,2026-03,treatment,1,0,0,0,0.0,0,0,0
U104283,2026-02-13,2026-02,control,1,0,0,0,0.0,0,0,0
U104284,2026-05-14,2026-05,control,1,0,0,0,0.0,1,1,1
U104285,2026-05-19,2026-05,treatment,1,1,1,1,146.63,0,0,0
U104286,2026-06-18,2026-06,treatment,1,1,0,0,0.0,0,0,0
U104287,2026-05-17,2026-05,treatment,1,0,0,0,0.0,1,1,1
U104288,2026-04-16,2026-04,control,1,1,0,0,0.0,0,0,0
U104289,2026-06-11,2026-06,control,1,0,0,0,0.0,0,0,0
U104290,2026-05-13,2026-05,control,1,0,0,0,0.0,0,0,0
U104291,2026-02-20,2026-02,control,1,0,0,0,0.0,1,1,1
U104292,2026-05-16,2026-05,treatment,1,1,1,0,0.0,0,0,0
U104293,2026-06-21,2026-06,treatment,1,1,1,0,0.0,0,0,0
U104294,2026-04-24,2026-04,control,1,0,0,0,0.0,1,1,1
U104295,2026-04-08,2026-04,control,1,0,0,0,0.0,1,1,1
U104296,2026-03-10,2026-03,control,1,0,0,0,0.0,0,0,0
U104297,2026-03-12,2026-03,treatment,1,0,0,0,0.0,0,0,0
U104298,2026-04-29,2026-04,treatment,1,0,0,0,0.0,0,0,0
U104299,2026-05-19,2026-05,treatment,1,0,0,0,0.0,1,1,1
U104300,2026-02-21,2026-02,control,1,1,1,0,0.0,1,1,1
U104301,2026-06-24,2026-06,treatment,1,1,0,0,0.0,0,0,0
U104302,2026-06-06,2026-06,control,1,0,0,0,0.0,0,0,0
U104303,2026-05-18,2026-05,control,1,0,0,0,0.0,0,0,0
U104304,2026-06-13,2026-06,treatment,1,1,1,0,0.0,0,0,0
U104305,2026-02-20,2026-02,treatment,1,1,0,0,0.0,0,0,0
U104306,2026-05-05,2026-05,control,1,0,0,0,0.0,0,0,0
U104307,2026-05-23,2026-05,control,1,0,0,0,0.0,0,0,0
U104308,2026-06-13,2026-06,control,1,1,0,0,0.0,0,0,0
U104309,2026-06-09,2026-06,control,1,1,0,0,0.0,1,1,1
U104310,2026-04-05,2026-04,treatment,1,0,0,0,0.0,1,1,1
U104311,2026-06-24,2026-06,treatment,1,1,0,0,0.0,1,1,1
U104312,2026-03-05,2026-03,control,1,0,0,0,0.0,0,0,0
U104313,2026-06-18,2026-06,control,1,0,0,0,0.0,1,1,1
U104314,2026-06-27,2026-06,control,1,1,1,0,0.0,0,0,0
U104315,2026-03-17,2026-03,treatment,1,0,0,0,0.0,0,0,0
U104316,2026-06-02,2026-06,control,1,1,0,0,0.0,0,0,0
U104317,2026-02-06,2026-02,treatment,1,0,0,0,0.0,0,0,0
U104318,2026-04-25,2026-04,control,1,0,0,0,0.0,1,1,1
U104319,2026-05-10,2026-05,treatment,1,1,1,1,29.22,0,0,0
U104320,2026-05-18,2026-05,treatment,1,1,1,0,0.0,0,0,0
U104321,2026-06-24,2026-06,treatment,1,1,1,1,81.05,0,0,0
U104322,2026-05-28,2026-05,treatment,1,0,0,0,0.0,1,1,1
U104323,2026-05-05,2026-05,treatment,1,0,0,0,0.0,0,0,0
U104324,2026-06-11,2026-06,treatment,1,1,1,0,0.0,0,0,0
U104325,2026-06-25,2026-06,control,1,1,0,0,0.0,1,1,1
U104326,2026-01-27,2026-01,control,1,1,0,0,0.0,0,0,0
U104327,2026-06-28,2026-06,control,1,0,0,0,0.0,0,0,0
U104328,2026-02-22,2026-02,treatment,1,0,0,0,0.0,0,0,0
U104329,2026-06-12,2026-06,treatment,1,0,0,0,0.0,0,0,0
U104330,2026-04-06,2026-04,control,1,1,1,1,56.8,0,0,0
U104331,2026-03-07,2026-03,treatment,1,1,0,0,0.0,0,0,0
U104332,2026-04-30,2026-04,treatment,1,0,0,0,0.0,0,0,0
U104333,2026-05-25,2026-05,treatment,1,0,0,0,0.0,0,0,0
U104334,2026-04-22,2026-04,treatment,1,0,0,0,0.0,1,1,1
U104335,2026-02-12,2026-02,treatment,1,1,1,1,33.09,0,0,0
U104336,2026-05-20,2026-05,control,1,0,0,0,0.0,0,0,0
U104337,2026-06-20,2026-06,control,1,1,1,0,0.0,0,0,0
U104338,2026-04-22,2026-04,treatment,1,0,0,0,0.0,0,0,0
U104339,2026-03-25,2026-03,control,1,0,0,0,0.0,0,0,0
U104340,2026-04-30,2026-04,control,1,0,0,0,0.0,1,1,1
U104341,2026-02-09,2026-02,treatment,1,1,1,1,152.97,1,1,1
U104342,2026-06-13,2026-06,treatment,1,0,0,0,0.0,1,1,1
U104343,2026-06-13,2026-06,treatment,1,1,0,0,0.0,0,0,0
U104344,2026-05-19,2026-05,control,1,1,1,0,0.0,0,0,0
U104345,2026-04-17,2026-04,treatment,1,0,0,0,0.0,1,1,1
U104346,2026-06-10,2026-06,control,1,0,0,0,0.0,0,0,0
U104347,2026-05-15,2026-05,control,1,1,0,0,0.0,1,1,1
U104348,2026-06-13,2026-06,treatment,1,0,0,0,0.0,0,0,0
U104349,2026-05-24,2026-05,control,1,0,0,0,0.0,0,0,0
U104350,2026-06-09,2026-06,control,1,1,0,0,0.0,1,1,1
U104351,2026-05-20,2026-05,treatment,1,1,1,1,24.53,0,0,0
U104352,2026-04-26,2026-04,control,1,0,0,0,0.0,0,0,0
U104353,2026-06-26,2026-06,treatment,1,0,0,0,0.0,0,0,0
U104354,2026-05-13,2026-05,treatment,1,1,0,0,0.0,0,0,0
U104355,2026-05-21,2026-05,treatment,1,0,0,0,0.0,1,1,1
U104356,2026-03-26,2026-03,control,1,0,0,0,0.0,0,0,0
U104357,2026-05-23,2026-05,treatment,1,0,0,0,0.0,0,0,0
U104358,2026-05-17,2026-05,control,1,0,0,0,0.0,0,0,0
U104359,2026-03-19,2026-03,treatment,1,1,1,1,55.41,0,0,0
U104360,2026-02-13,2026-02,control,1,1,1,1,49.81,0,0,0
U104361,2026-05-20,2026-05,control,1,1,1,0,0.0,0,0,0
U104362,2026-06-07,2026-06,treatment,1,1,1,0,0.0,0,0,0
U104363,2026-05-11,2026-05,control,1,0,0,0,0.0,0,0,0
U104364,2026-03-27,2026-03,control,1,0,0,0,0.0,1,1,1
U104365,2026-05-27,2026-05,control,1,0,0,0,0.0,0,0,0
U104366,2026-02-20,2026-02,treatment,1,0,0,0,0.0,1,1,1
U104367,2026-04-30,2026-04,control,1,0,0,0,0.0,1,1,1
U104368,2026-03-14,2026-03,control,1,0,0,0,0.0,1,1,1
U104369,2026-03-19,2026-03,control,1,0,0,0,0.0,0,0,0
U104370,2026-03-22,2026-03,treatment,1,0,0,0,0.0,0,0,0
U104371,2026-04-22,2026-04,treatment,1,0,0,0,0.0,0,0,0
U104372,2026-02-10,2026-02,control,1,0,0,0,0.0,0,0,0
U104373,2026-04-24,2026-04,control,1,0,0,0,0.0,1,1,1
U104374,2026-05-09,2026-05,control,1,0,0,0,0.0,0,0,0
U104375,2026-05-06,2026-05,control,1,0,0,0,0.0,0,0,0
U104376,2026-04-22,2026-04,control,1,1,1,0,0.0,0,0,0
U104377,2026-06-14,2026-06,control,1,1,0,0,0.0,1,1,1
U104378,2026-03-10,2026-03,treatment,1,0,0,0,0.0,1,1,1
U104379,2026-05-09,2026-05,treatment,1,1,1,1,81.28,1,1,1
U104380,2026-02-14,2026-02,control,1,1,0,0,0.0,0,0,0
U104381,2026-02-18,2026-02,treatment,1,0,0,0,0.0,1,1,1
U104382,2026-05-17,2026-05,treatment,1,0,0,0,0.0,0,0,0
U104383,2026-05-16,2026-05,treatment,1,1,0,0,0.0,1,1,1
U104384,2026-06-18,2026-06,treatment,1,1,1,1,63.23,0,0,0
U104385,2026-05-15,2026-05,control,1,0,0,0,0.0,0,0,0
U104386,2026-06-26,2026-06,control,1,1,1,1,45.9,0,0,0
U104387,2026-02-09,2026-02,treatment,1,0,0,0,0.0,1,1,1
U104388,2026-02-26,2026-02,control,1,0,0,0,0.0,0,0,0
U104389,2026-02-07,2026-02,control,1,0,0,0,0.0,0,0,0
U104390,2026-03-19,2026-03,control,1,0,0,0,0.0,1,1,1
U104391,2026-05-13,2026-05,control,1,0,0,0,0.0,0,0,0
U104392,2026-05-25,2026-05,treatment,1,1,1,1,42.91,1,1,1
U104393,2026-02-08,2026-02,control,1,0,0,0,0.0,0,0,0
U104394,2026-06-25,2026-06,control,1,0,0,0,0.0,0,0,0
U104395,2026-06-15,2026-06,control,1,0,0,0,0.0,1,1,1
U104396,2026-04-09,2026-04,control,1,0,0,0,0.0,0,0,0
U104397,2026-02-20,2026-02,treatment,1,1,0,0,0.0,0,0,0
U104398,2026-03-16,2026-03,control,1,0,0,0,0.0,0,0,0
U104399,2026-03-06,2026-03,treatment,1,0,0,0,0.0,0,0,0
U104400,2026-03-05,2026-03,treatment,1,0,0,0,0.0,1,1,1
U104401,2026-05-10,2026-05,treatment,1,0,0,0,0.0,0,0,0
U104402,2026-03-31,2026-03,control,1,0,0,0,0.0,0,0,0
U104403,2026-04-18,2026-04,control,1,0,0,0,0.0,0,0,0
U104404,2026-06-29,2026-06,treatment,1,0,0,0,0.0,0,0,0
U104405,2026-05-29,2026-05,treatment,1,0,0,0,0.0,1,1,1
U104406,2026-06-25,2026-06,control,1,1,0,0,0.0,0,0,0
U104407,2026-03-09,2026-03,control,1,0,0,0,0.0,0,0,0
U104408,2026-04-22,2026-04,control,1,0,0,0,0.0,0,0,0
U104409,2026-05-15,2026-05,treatment,1,1,1,0,0.0,1,1,1
U104410,2026-02-19,2026-02,control,1,1,0,0,0.0,0,0,0
U104411,2026-01-12,2026-01,treatment,1,0,0,0,0.0,0,0,0
U104412,2026-05-28,2026-05,treatment,1,1,0,0,0.0,1,1,1
U104413,2026-05-25,2026-05,treatment,1,1,0,0,0.0,1,1,1
U104414,2026-04-26,2026-04,treatment,1,0,0,0,0.0,0,0,0
U104415,2026-05-06,2026-05,control,1,0,0,0,0.0,1,1,1
U104416,2026-04-27,2026-04,treatment,1,0,0,0,0.0,0,0,0
U104417,2026-01-28,2026-01,treatment,1,0,0,0,0.0,0,0,0
U104418,2026-04-15,2026-04,treatment,1,0,0,0,0.0,1,1,1
U104419,2026-03-17,2026-03,control,1,0,0,0,0.0,0,0,0
U104420,2026-02-26,2026-02,treatment,1,1,0,0,0.0,0,0,0
U104421,2026-06-26,2026-06,control,1,0,0,0,0.0,0,0,0
U104422,2026-05-20,2026-05,control,1,0,0,0,0.0,0,0,0
U104423,2026-06-03,2026-06,treatment,1,0,0,0,0.0,0,0,0
U104424,2026-04-12,2026-04,treatment,1,1,1,1,56.83,0,0,0
U104425,2026-04-23,2026-04,treatment,1,1,1,0,0.0,0,0,0
U104426,2026-03-29,2026-03,control,1,0,0,0,0.0,0,0,0
U104427,2026-02-26,2026-02,treatment,1,1,1,1,42.81,0,0,0
U104428,2026-03-18,2026-03,control,1,0,0,0,0.0,0,0,0
U104429,2026-06-10,2026-06,treatment,1,1,0,0,0.0,0,0,0
U104430,2026-05-29,2026-05,control,1,0,0,0,0.0,0,0,0
U104431,2026-05-14,2026-05,treatment,1,0,0,0,0.0,0,0,0
U104432,2026-05-05,2026-05,treatment,1,0,0,0,0.0,0,0,0
U104433,2026-06-22,2026-06,control,1,1,1,0,0.0,0,0,0
U104434,2026-02-18,2026-02,control,1,0,0,0,0.0,1,1,1
U104435,2026-04-06,2026-04,treatment,1,1,0,0,0.0,1,1,1
U104436,2026-04-17,2026-04,treatment,1,0,0,0,0.0,1,1,1
U104437,2026-06-09,2026-06,treatment,1,0,0,0,0.0,0,0,0
U104438,2026-06-29,2026-06,treatment,1,0,0,0,0.0,1,1,1
U104439,2026-03-30,2026-03,control,1,1,0,0,0.0,1,1,1
U104440,2026-06-18,2026-06,control,1,1,1,0,0.0,0,0,0
U104441,2026-06-14,2026-06,control,1,1,0,0,0.0,0,0,0
U104442,2026-03-27,2026-03,control,1,1,0,0,0.0,0,0,0
U104443,2026-04-24,2026-04,treatment,1,1,0,0,0.0,0,0,0
U104444,2026-04-26,2026-04,control,1,1,1,1,39.56,0,0,0
U104445,2026-06-28,2026-06,treatment,1,0,0,0,0.0,0,0,0
U104446,2026-03-18,2026-03,treatment,1,1,1,0,0.0,0,0,0
U104447,2026-06-10,2026-06,treatment,1,1,1,1,73.09,1,1,1
U104448,2026-04-15,2026-04,treatment,1,0,0,0,0.0,0,0,0
U104449,2026-06-03,2026-06,control,1,1,1,1,22.61,0,0,0
U104450,2026-04-27,2026-04,treatment,1,0,0,0,0.0,1,1,1
U104451,2026-05-17,2026-05,control,1,0,0,0,0.0,0,0,0
U104452,2026-06-14,2026-06,control,1,0,0,0,0.0,0,0,0
U104453,2026-06-11,2026-06,treatment,1,0,0,0,0.0,0,0,0
U104454,2026-06-17,2026-06,control,1,0,0,0,0.0,0,0,0
U104455,2026-02-13,2026-02,treatment,1,1,1,1,42.54,0,0,0
U104456,2026-05-30,2026-05,treatment,1,0,0,0,0.0,0,0,0
U104457,2026-03-09,2026-03,treatment,1,0,0,0,0.0,1,1,1
U104458,2026-04-27,2026-04,control,1,1,1,0,0.0,0,0,0
U104459,2026-05-14,2026-05,treatment,1,0,0,0,0.0,1,1,1
U104460,2026-04-25,2026-04,control,1,0,0,0,0.0,1,1,1
U104461,2026-05-10,2026-05,treatment,1,0,0,0,0.0,0,0,0
U104462,2026-06-29,2026-06,control,1,0,0,0,0.0,0,0,0
U104463,2026-03-08,2026-03,treatment,1,0,0,0,0.0,0,0,0
U104464,2026-05-28,2026-05,control,1,1,0,0,0.0,0,0,0
U104465,2026-04-24,2026-04,control,1,0,0,0,0.0,0,0,0
U104466,2026-03-07,2026-03,control,1,0,0,0,0.0,0,0,0
U104467,2026-03-13,2026-03,control,1,1,0,0,0.0,0,0,0
U104468,2026-06-25,2026-06,treatment,1,1,0,0,0.0,0,0,0
U104469,2026-06-18,2026-06,control,1,0,0,0,0.0,0,0,0
U104470,2026-06-21,2026-06,control,1,0,0,0,0.0,0,0,0
U104471,2026-06-29,2026-06,treatment,1,1,0,0,0.0,0,0,0
U104472,2026-03-24,2026-03,control,1,1,0,0,0.0,0,0,0
U104473,2026-04-18,2026-04,control,1,1,1,0,0.0,1,1,1
U104474,2026-05-28,2026-05,treatment,1,0,0,0,0.0,1,1,1
U104475,2026-05-06,2026-05,control,1,0,0,0,0.0,1,1,1
U104476,2026-04-27,2026-04,control,1,0,0,0,0.0,1,1,1
U104477,2026-04-18,2026-04,control,1,1,0,0,0.0,0,0,0
U104478,2026-05-19,2026-05,control,1,1,1,1,66.42,0,0,0
U104479,2026-05-17,2026-05,treatment,1,0,0,0,0.0,1,1,1
U104480,2026-03-14,2026-03,control,1,0,0,0,0.0,0,0,0
U104481,2026-05-04,2026-05,treatment,1,1,1,1,62.67,1,1,1
U104482,2026-05-14,2026-05,control,1,0,0,0,0.0,0,0,0
U104483,2026-05-16,2026-05,control,1,0,0,0,0.0,1,1,1
U104484,2026-03-24,2026-03,control,1,1,0,0,0.0,0,0,0
U104485,2026-06-05,2026-06,treatment,1,0,0,0,0.0,0,0,0
U104486,2026-01-29,2026-01,treatment,1,0,0,0,0.0,0,0,0
U104487,2026-04-18,2026-04,treatment,1,0,0,0,0.0,0,0,0
U104488,2026-06-08,2026-06,treatment,1,0,0,0,0.0,1,1,1
U104489,2026-05-16,2026-05,control,1,0,0,0,0.0,0,0,0
U104490,2026-04-02,2026-04,control,1,1,1,1,48.37,0,0,0
U104491,2026-05-31,2026-05,control,1,0,0,0,0.0,1,1,1
U104492,2026-05-16,2026-05,control,1,1,1,0,0.0,0,0,0
U104493,2026-06-10,2026-06,control,1,0,0,0,0.0,1,1,1
U104494,2026-06-04,2026-06,control,1,0,0,0,0.0,1,1,1
U104495,2026-05-21,2026-05,control,1,1,0,0,0.0,1,1,1
U104496,2026-05-06,2026-05,control,1,0,0,0,0.0,1,1,1
U104497,2026-03-07,2026-03,control,1,0,0,0,0.0,0,0,0
U104498,2026-04-03,2026-04,control,1,0,0,0,0.0,0,0,0
U104499,2026-04-27,2026-04,treatment,1,0,0,0,0.0,0,0,0
U104500,2026-05-20,2026-05,control,1,0,0,0,0.0,1,1,1
U104501,2026-05-10,2026-05,treatment,1,1,1,0,0.0,0,0,0
U104502,2026-04-07,2026-04,treatment,1,0,0,0,0.0,1,1,1
U104503,2026-01-15,2026-01,control,1,1,1,0,0.0,0,0,0
U104504,2026-05-07,2026-05,control,1,0,0,0,0.0,0,0,0
U104505,2026-04-07,2026-04,control,1,0,0,0,0.0,0,0,0
U104506,2026-06-04,2026-06,treatment,1,0,0,0,0.0,0,0,0
U104507,2026-01-28,2026-01,control,1,0,0,0,0.0,1,1,1
U104508,2026-05-18,2026-05,control,1,0,0,0,0.0,0,0,0
U104509,2026-06-24,2026-06,control,1,1,1,0,0.0,1,1,1
U104510,2026-03-17,2026-03,treatment,1,0,0,0,0.0,0,0,0
U104511,2026-05-04,2026-05,control,1,0,0,0,0.0,0,0,0
U104512,2026-02-24,2026-02,treatment,1,1,1,1,68.18,1,1,1
U104513,2026-05-23,2026-05,control,1,0,0,0,0.0,0,0,0
U104514,2026-05-14,2026-05,treatment,1,0,0,0,0.0,1,1,1
U104515,2026-04-25,2026-04,treatment,1,0,0,0,0.0,0,0,0
U104516,2026-05-10,2026-05,control,1,0,0,0,0.0,0,0,0
U104517,2026-06-20,2026-06,treatment,1,0,0,0,0.0,1,1,1
U104518,2026-03-21,2026-03,treatment,1,0,0,0,0.0,1,1,1
U104519,2026-01-28,2026-01,control,1,0,0,0,0.0,1,1,1
U104520,2026-06-17,2026-06,control,1,1,1,0,0.0,1,1,1
U104521,2026-05-17,2026-05,treatment,1,1,1,1,68.56,0,0,0
U104522,2026-06-19,2026-06,treatment,1,1,0,0,0.0,0,0,0
U104523,2026-05-20,2026-05,treatment,1,0,0,0,0.0,0,0,0
U104524,2026-06-12,2026-06,treatment,1,0,0,0,0.0,0,0,0
U104525,2026-04-28,2026-04,treatment,1,0,0,0,0.0,0,0,0
U104526,2026-06-05,2026-06,control,1,0,0,0,0.0,0,0,0
U104527,2026-06-21,2026-06,treatment,1,0,0,0,0.0,1,1,1
U104528,2026-05-17,2026-05,control,1,0,0,0,0.0,1,1,1
U104529,2026-03-18,2026-03,treatment,1,0,0,0,0.0,0,0,0
U104530,2026-04-04,2026-04,treatment,1,1,1,0,0.0,0,0,0
U104531,2026-03-22,2026-03,treatment,1,0,0,0,0.0,0,0,0
U104532,2026-03-31,2026-03,control,1,1,1,0,0.0,0,0,0
U104533,2026-04-10,2026-04,control,1,1,1,1,29.01,0,0,0
U104534,2026-05-15,2026-05,control,1,0,0,0,0.0,0,0,0
U104535,2026-05-19,2026-05,treatment,1,0,0,0,0.0,1,1,1
U104536,2026-04-28,2026-04,treatment,1,0,0,0,0.0,1,1,1
U104537,2026-05-22,2026-05,control,1,1,1,0,0.0,0,0,0
U104538,2026-02-21,2026-02,treatment,1,0,0,0,0.0,1,1,1
U104539,2026-02-23,2026-02,treatment,1,0,0,0,0.0,0,0,0
U104540,2026-03-16,2026-03,control,1,0,0,0,0.0,0,0,0
U104541,2026-05-10,2026-05,control,1,0,0,0,0.0,0,0,0
U104542,2026-03-25,2026-03,treatment,1,1,1,0,0.0,1,1,1
U104543,2026-04-06,2026-04,treatment,1,0,0,0,0.0,0,0,0
U104544,2026-04-24,2026-04,treatment,1,0,0,0,0.0,1,1,1
U104545,2026-06-12,2026-06,treatment,1,0,0,0,0.0,0,0,0
U104546,2026-01-22,2026-01,treatment,1,1,1,1,58.49,0,0,0
U104547,2026-05-26,2026-05,control,1,0,0,0,0.0,1,1,1
U104548,2026-05-28,2026-05,control,1,1,0,0,0.0,0,0,0
U104549,2026-06-10,2026-06,control,1,1,1,0,0.0,0,0,0
U104550,2026-06-23,2026-06,control,1,1,1,0,0.0,1,1,1
U104551,2026-01-26,2026-01,control,1,0,0,0,0.0,1,1,1
U104552,2026-03-12,2026-03,control,1,0,0,0,0.0,0,0,0
U104553,2026-06-19,2026-06,treatment,1,0,0,0,0.0,0,0,0
U104554,2026-05-02,2026-05,treatment,1,0,0,0,0.0,0,0,0
U104555,2026-05-16,2026-05,control,1,0,0,0,0.0,0,0,0
U104556,2026-05-27,2026-05,treatment,1,0,0,0,0.0,0,0,0
U104557,2026-05-29,2026-05,treatment,1,0,0,0,0.0,1,1,1
U104558,2026-06-23,2026-06,treatment,1,1,0,0,0.0,0,0,0
U104559,2026-06-29,2026-06,treatment,1,0,0,0,0.0,0,0,0
U104560,2026-06-02,2026-06,control,1,0,0,0,0.0,0,0,0
U104561,2026-04-07,2026-04,treatment,1,1,1,0,0.0,0,0,0
U104562,2026-06-18,2026-06,treatment,1,0,0,0,0.0,0,0,0
U104563,2026-02-09,2026-02,treatment,1,1,0,0,0.0,0,0,0
U104564,2026-03-28,2026-03,treatment,1,0,0,0,0.0,0,0,0
U104565,2026-06-20,2026-06,treatment,1,1,1,1,47.98,1,1,1
U104566,2026-04-02,2026-04,treatment,1,1,1,0,0.0,1,1,1
U104567,2026-03-26,2026-03,treatment,1,0,0,0,0.0,1,1,1
U104568,2026-03-08,2026-03,treatment,1,1,1,0,0.0,1,1,1
U104569,2026-06-16,2026-06,control,1,0,0,0,0.0,1,1,1
U104570,2026-05-08,2026-05,control,1,0,0,0,0.0,0,0,0
U104571,2026-05-28,2026-05,control,1,1,0,0,0.0,0,0,0
U104572,2026-03-30,2026-03,treatment,1,1,1,0,0.0,0,0,0
U104573,2026-06-06,2026-06,treatment,1,0,0,0,0.0,0,0,0
U104574,2026-06-06,2026-06,control,1,0,0,0,0.0,1,1,1
U104575,2026-04-11,2026-04,treatment,1,1,1,1,14.98,0,0,0
U104576,2026-04-26,2026-04,treatment,1,0,0,0,0.0,0,0,0
U104577,2026-03-24,2026-03,treatment,1,1,0,0,0.0,0,0,0
U104578,2026-06-27,2026-06,control,1,1,1,0,0.0,0,0,0
U104579,2026-05-25,2026-05,treatment,1,0,0,0,0.0,0,0,0
U104580,2026-06-24,2026-06,treatment,1,0,0,0,0.0,0,0,0
U104581,2026-04-10,2026-04,treatment,1,0,0,0,0.0,0,0,0
U104582,2026-06-09,2026-06,treatment,1,1,1,1,72.49,1,1,1
U104583,2026-06-07,2026-06,treatment,1,1,1,1,88.95,0,0,0
U104584,2026-05-30,2026-05,control,1,0,0,0,0.0,0,0,0
U104585,2026-06-26,2026-06,treatment,1,0,0,0,0.0,0,0,0
U104586,2026-04-23,2026-04,control,1,1,0,0,0.0,0,0,0
U104587,2026-03-07,2026-03,control,1,0,0,0,0.0,0,0,0
U104588,2026-05-28,2026-05,control,1,1,0,0,0.0,1,1,1
U104589,2026-06-03,2026-06,control,1,0,0,0,0.0,1,1,1
U104590,2026-05-17,2026-05,control,1,1,1,1,54.5,1,1,1
U104591,2026-03-23,2026-03,treatment,1,1,1,0,0.0,1,1,1
U104592,2026-05-08,2026-05,treatment,1,0,0,0,0.0,1,1,1
U104593,2026-04-11,2026-04,control,1,1,0,0,0.0,0,0,0
U104594,2026-04-28,2026-04,treatment,1,0,0,0,0.0,1,1,1
U104595,2026-05-25,2026-05,control,1,0,0,0,0.0,1,1,1
U104596,2026-06-05,2026-06,control,1,0,0,0,0.0,0,0,0
U104597,2026-03-28,2026-03,treatment,1,1,1,0,0.0,1,1,1
U104598,2026-04-25,2026-04,treatment,1,1,1,0,0.0,1,1,1
U104599,2026-04-04,2026-04,treatment,1,1,1,0,0.0,0,0,0
U104600,2026-03-22,2026-03,control,1,1,1,0,0.0,0,0,0
U104601,2026-06-09,2026-06,treatment,1,0,0,0,0.0,0,0,0
U104602,2026-06-21,2026-06,treatment,1,0,0,0,0.0,0,0,0
U104603,2026-04-20,2026-04,treatment,1,0,0,0,0.0,0,0,0
U104604,2026-06-06,2026-06,control,1,1,1,0,0.0,0,0,0
U104605,2026-06-20,2026-06,treatment,1,1,1,1,24.32,0,0,0
U104606,2026-06-15,2026-06,treatment,1,0,0,0,0.0,1,1,1
U104607,2026-03-18,2026-03,treatment,1,1,1,0,0.0,0,0,0
U104608,2026-06-26,2026-06,control,1,0,0,0,0.0,0,0,0
U104609,2026-04-21,2026-04,treatment,1,0,0,0,0.0,0,0,0
U104610,2026-04-15,2026-04,control,1,0,0,0,0.0,1,1,1
U104611,2026-02-14,2026-02,treatment,1,1,1,1,94.97,0,0,0
U104612,2026-05-06,2026-05,control,1,0,0,0,0.0,0,0,0
U104613,2026-03-01,2026-03,control,1,1,1,1,73.11,0,0,0
U104614,2026-03-31,2026-03,treatment,1,0,0,0,0.0,0,0,0
U104615,2026-04-12,2026-04,control,1,0,0,0,0.0,1,1,1
U104616,2026-06-11,2026-06,control,1,0,0,0,0.0,0,0,0
U104617,2026-06-18,2026-06,control,1,1,0,0,0.0,0,0,0
U104618,2026-04-09,2026-04,control,1,0,0,0,0.0,1,1,1
U104619,2026-06-16,2026-06,treatment,1,1,1,1,38.18,0,0,0
U104620,2026-06-16,2026-06,treatment,1,0,0,0,0.0,0,0,0
U104621,2026-06-07,2026-06,treatment,1,0,0,0,0.0,0,0,0
U104622,2026-03-10,2026-03,control,1,1,1,0,0.0,0,0,0
U104623,2026-05-30,2026-05,treatment,1,0,0,0,0.0,0,0,0
U104624,2026-06-24,2026-06,control,1,1,1,1,44.36,0,0,0
U104625,2026-05-29,2026-05,treatment,1,0,0,0,0.0,0,0,0
U104626,2026-04-14,2026-04,control,1,1,1,1,56.47,0,0,0
U104627,2026-05-08,2026-05,treatment,1,1,0,0,0.0,0,0,0
U104628,2026-05-25,2026-05,treatment,1,1,0,0,0.0,0,0,0
U104629,2026-05-09,2026-05,control,1,0,0,0,0.0,0,0,0
U104630,2026-03-04,2026-03,control,1,1,0,0,0.0,1,1,1
U104631,2026-04-11,2026-04,treatment,1,0,0,0,0.0,0,0,0
U104632,2026-06-11,2026-06,control,1,0,0,0,0.0,0,0,0
U104633,2026-06-17,2026-06,control,1,0,0,0,0.0,0,0,0
U104634,2026-03-08,2026-03,control,1,0,0,0,0.0,1,1,1
U104635,2026-06-25,2026-06,treatment,1,1,1,0,0.0,0,0,0
U104636,2026-04-14,2026-04,treatment,1,1,0,0,0.0,0,0,0
U104637,2026-05-27,2026-05,control,1,0,0,0,0.0,0,0,0
U104638,2026-06-06,2026-06,control,1,1,1,1,26.71,1,1,1
U104639,2026-06-12,2026-06,treatment,1,0,0,0,0.0,0,0,0
U104640,2026-06-25,2026-06,treatment,1,1,1,1,40.2,1,1,1
U104641,2026-04-11,2026-04,control,1,1,1,0,0.0,0,0,0
U104642,2026-06-16,2026-06,treatment,1,1,1,0,0.0,0,0,0
U104643,2026-03-07,2026-03,control,1,0,0,0,0.0,1,1,1
U104644,2026-06-01,2026-06,control,1,1,1,0,0.0,0,0,0
U104645,2026-06-05,2026-06,treatment,1,0,0,0,0.0,1,1,1
U104646,2026-05-29,2026-05,treatment,1,1,1,1,37.6,1,1,1
U104647,2026-04-01,2026-04,control,1,0,0,0,0.0,1,1,1
U104648,2026-06-18,2026-06,control,1,1,1,0,0.0,0,0,0
U104649,2026-03-15,2026-03,control,1,0,0,0,0.0,0,0,0
U104650,2026-02-11,2026-02,control,1,0,0,0,0.0,0,0,0
U104651,2026-06-02,2026-06,control,1,0,0,0,0.0,0,0,0
U104652,2026-05-05,2026-05,control,1,1,1,0,0.0,0,0,0
U104653,2026-06-15,2026-06,treatment,1,1,1,1,28.33,1,1,1
U104654,2026-04-22,2026-04,treatment,1,1,1,1,45.07,1,1,1
U104655,2026-03-15,2026-03,treatment,1,1,0,0,0.0,1,1,1
U104656,2026-06-14,2026-06,treatment,1,0,0,0,0.0,0,0,0
U104657,2026-05-14,2026-05,control,1,1,0,0,0.0,0,0,0
U104658,2026-03-20,2026-03,control,1,0,0,0,0.0,0,0,0
U104659,2026-06-02,2026-06,control,1,1,1,0,0.0,1,1,1
U104660,2026-05-09,2026-05,treatment,1,1,1,1,87.98,1,1,1
U104661,2026-05-20,2026-05,control,1,0,0,0,0.0,0,0,0
U104662,2026-05-03,2026-05,treatment,1,1,1,1,62.41,1,1,1
U104663,2026-06-13,2026-06,treatment,1,1,1,0,0.0,1,1,1
U104664,2026-06-13,2026-06,control,1,0,0,0,0.0,0,0,0
U104665,2026-06-01,2026-06,control,1,0,0,0,0.0,1,1,1
U104666,2026-02-28,2026-02,treatment,1,0,0,0,0.0,0,0,0
U104667,2026-06-14,2026-06,treatment,1,1,1,0,0.0,0,0,0
U104668,2026-05-28,2026-05,treatment,1,0,0,0,0.0,0,0,0
U104669,2026-05-31,2026-05,control,1,0,0,0,0.0,1,1,1
U104670,2026-04-19,2026-04,treatment,1,0,0,0,0.0,0,0,0
U104671,2026-06-18,2026-06,control,1,0,0,0,0.0,1,1,1
U104672,2026-06-03,2026-06,treatment,1,1,0,0,0.0,1,1,1
U104673,2026-03-02,2026-03,treatment,1,0,0,0,0.0,1,1,1
U104674,2026-04-25,2026-04,treatment,1,1,0,0,0.0,1,1,1
U104675,2026-06-19,2026-06,control,1,0,0,0,0.0,1,1,1
U104676,2026-02-09,2026-02,treatment,1,0,0,0,0.0,0,0,0
U104677,2026-06-26,2026-06,control,1,0,0,0,0.0,0,0,0
U104678,2026-05-29,2026-05,control,1,1,1,1,40.33,0,0,0
U104679,2026-05-24,2026-05,control,1,0,0,0,0.0,0,0,0
U104680,2026-04-04,2026-04,treatment,1,0,0,0,0.0,1,1,1
U104681,2026-03-31,2026-03,treatment,1,0,0,0,0.0,1,1,1
U104682,2026-06-24,2026-06,control,1,0,0,0,0.0,0,0,0
U104683,2026-04-09,2026-04,treatment,1,1,1,1,46.54,0,0,0
U104684,2026-06-08,2026-06,control,1,1,1,1,57.57,0,0,0
U104685,2026-04-23,2026-04,control,1,0,0,0,0.0,1,1,1
U104686,2026-03-09,2026-03,control,1,0,0,0,0.0,0,0,0
U104687,2026-01-19,2026-01,treatment,1,1,0,0,0.0,0,0,0
U104688,2026-05-13,2026-05,treatment,1,0,0,0,0.0,0,0,0
U104689,2026-06-27,2026-06,control,1,0,0,0,0.0,0,0,0
U104690,2026-04-20,2026-04,treatment,1,0,0,0,0.0,1,1,1
U104691,2026-04-18,2026-04,control,1,0,0,0,0.0,0,0,0
U104692,2026-04-16,2026-04,treatment,1,0,0,0,0.0,0,0,0
U104693,2026-05-10,2026-05,control,1,0,0,0,0.0,0,0,0
U104694,2026-04-30,2026-04,treatment,1,0,0,0,0.0,0,0,0
U104695,2026-06-18,2026-06,treatment,1,0,0,0,0.0,1,1,1
U104696,2026-05-08,2026-05,treatment,1,1,1,0,0.0,0,0,0
U104697,2026-05-09,2026-05,control,1,1,0,0,0.0,1,1,1
U104698,2026-03-08,2026-03,treatment,1,1,1,1,85.21,0,0,0
U104699,2026-06-28,2026-06,control,1,1,1,1,120.52,1,1,1
U104700,2026-03-31,2026-03,treatment,1,0,0,0,0.0,1,1,1
U104701,2026-02-18,2026-02,control,1,0,0,0,0.0,0,0,0
U104702,2026-05-27,2026-05,control,1,1,0,0,0.0,0,0,0
U104703,2026-05-19,2026-05,treatment,1,0,0,0,0.0,0,0,0
U104704,2026-04-26,2026-04,treatment,1,0,0,0,0.0,0,0,0
U104705,2026-04-27,2026-04,control,1,0,0,0,0.0,0,0,0
U104706,2026-06-09,2026-06,treatment,1,0,0,0,0.0,0,0,0
U104707,2026-03-21,2026-03,treatment,1,1,0,0,0.0,0,0,0
U104708,2026-06-13,2026-06,treatment,1,1,1,1,34.16,1,1,1
U104709,2026-05-25,2026-05,control,1,1,0,0,0.0,1,1,1
U104710,2026-04-27,2026-04,treatment,1,1,1,0,0.0,0,0,0
U104711,2026-05-02,2026-05,control,1,0,0,0,0.0,1,1,1
U104712,2026-04-02,2026-04,control,1,1,1,0,0.0,0,0,0
U104713,2026-06-06,2026-06,treatment,1,0,0,0,0.0,0,0,0
U104714,2026-05-09,2026-05,treatment,1,1,1,1,80.1,0,0,0
U104715,2026-04-12,2026-04,treatment,1,0,0,0,0.0,1,1,1
U104716,2026-05-19,2026-05,control,1,1,1,1,29.46,1,1,1
U104717,2026-06-29,2026-06,control,1,1,1,0,0.0,0,0,0
U104718,2026-04-29,2026-04,control,1,0,0,0,0.0,0,0,0
U104719,2026-06-22,2026-06,control,1,0,0,0,0.0,1,1,1
U104720,2026-04-16,2026-04,control,1,0,0,0,0.0,1,1,1
U104721,2026-02-12,2026-02,control,1,0,0,0,0.0,0,0,0
U104722,2026-03-23,2026-03,treatment,1,0,0,0,0.0,1,1,1
U104723,2026-04-27,2026-04,treatment,1,1,1,0,0.0,0,0,0
U104724,2026-03-26,2026-03,treatment,1,0,0,0,0.0,0,0,0
U104725,2026-01-03,2026-01,treatment,1,0,0,0,0.0,1,1,1
U104726,2026-06-22,2026-06,control,1,1,0,0,0.0,0,0,0
U104727,2026-06-15,2026-06,control,1,0,0,0,0.0,0,0,0
U104728,2026-06-05,2026-06,treatment,1,0,0,0,0.0,0,0,0
U104729,2026-03-15,2026-03,treatment,1,1,1,1,36.89,0,0,0
U104730,2026-03-04,2026-03,treatment,1,1,1,1,97.79,0,0,0
U104731,2026-02-16,2026-02,control,1,0,0,0,0.0,0,0,0
U104732,2026-06-03,2026-06,control,1,0,0,0,0.0,1,1,1
U104733,2026-06-23,2026-06,treatment,1,0,0,0,0.0,1,1,1
U104734,2026-04-29,2026-04,treatment,1,0,0,0,0.0,0,0,0
U104735,2026-03-04,2026-03,treatment,1,0,0,0,0.0,1,1,1
U104736,2026-05-09,2026-05,treatment,1,1,1,1,58.17,0,0,0
U104737,2026-04-17,2026-04,treatment,1,1,1,0,0.0,0,0,0
U104738,2026-04-21,2026-04,treatment,1,0,0,0,0.0,1,1,1
U104739,2026-05-22,2026-05,treatment,1,0,0,0,0.0,0,0,0
U104740,2026-06-02,2026-06,treatment,1,0,0,0,0.0,1,1,1
U104741,2026-03-01,2026-03,treatment,1,0,0,0,0.0,1,1,1
U104742,2026-02-03,2026-02,treatment,1,1,1,0,0.0,1,1,1
U104743,2026-06-29,2026-06,treatment,1,1,1,0,0.0,0,0,0
U104744,2026-03-28,2026-03,control,1,0,0,0,0.0,0,0,0
U104745,2026-02-11,2026-02,treatment,1,0,0,0,0.0,1,1,1
U104746,2026-03-20,2026-03,treatment,1,1,0,0,0.0,0,0,0
U104747,2026-02-05,2026-02,control,1,0,0,0,0.0,0,0,0
U104748,2026-04-23,2026-04,treatment,1,0,0,0,0.0,0,0,0
U104749,2026-06-11,2026-06,control,1,0,0,0,0.0,0,0,0
U104750,2026-04-16,2026-04,treatment,1,0,0,0,0.0,0,0,0
U104751,2026-04-30,2026-04,treatment,1,0,0,0,0.0,0,0,0
U104752,2026-05-28,2026-05,control,1,1,1,1,36.46,1,1,1
U104753,2026-05-09,2026-05,control,1,0,0,0,0.0,1,1,1
U104754,2026-06-17,2026-06,treatment,1,0,0,0,0.0,0,0,0
U104755,2026-06-17,2026-06,treatment,1,1,0,0,0.0,0,0,0
U104756,2026-01-18,2026-01,control,1,0,0,0,0.0,0,0,0
U104757,2026-06-08,2026-06,treatment,1,0,0,0,0.0,1,1,1
U104758,2026-05-03,2026-05,treatment,1,0,0,0,0.0,0,0,0
U104759,2026-06-28,2026-06,treatment,1,0,0,0,0.0,0,0,0
U104760,2026-05-06,2026-05,control,1,1,0,0,0.0,0,0,0
U104761,2026-06-28,2026-06,treatment,1,0,0,0,0.0,0,0,0
U104762,2026-06-06,2026-06,control,1,1,0,0,0.0,0,0,0
U104763,2026-03-31,2026-03,treatment,1,1,0,0,0.0,0,0,0
U104764,2026-05-13,2026-05,treatment,1,0,0,0,0.0,1,1,1
U104765,2026-06-29,2026-06,control,1,0,0,0,0.0,1,1,1
U104766,2026-06-16,2026-06,treatment,1,0,0,0,0.0,0,0,0
U104767,2026-02-26,2026-02,control,1,0,0,0,0.0,0,0,0
U104768,2026-06-01,2026-06,treatment,1,0,0,0,0.0,0,0,0
U104769,2026-04-16,2026-04,treatment,1,0,0,0,0.0,1,1,1
U104770,2026-01-16,2026-01,treatment,1,1,1,1,44.12,1,1,1
U104771,2026-04-25,2026-04,treatment,1,0,0,0,0.0,1,1,1
U104772,2026-03-29,2026-03,treatment,1,0,0,0,0.0,0,0,0
U104773,2026-06-12,2026-06,treatment,1,0,0,0,0.0,0,0,0
U104774,2026-04-15,2026-04,treatment,1,0,0,0,0.0,0,0,0
U104775,2026-06-13,2026-06,control,1,1,0,0,0.0,1,1,1
U104776,2026-01-05,2026-01,treatment,1,1,1,1,41.02,0,0,0
U104777,2026-04-10,2026-04,treatment,1,0,0,0,0.0,1,1,1
U104778,2026-03-30,2026-03,control,1,1,0,0,0.0,0,0,0
U104779,2026-03-28,2026-03,control,1,1,1,0,0.0,1,1,1
U104780,2026-02-17,2026-02,control,1,1,1,1,27.24,0,0,0
U104781,2026-03-19,2026-03,control,1,1,0,0,0.0,0,0,0
U104782,2026-05-15,2026-05,control,1,1,1,1,54.39,0,0,0
U104783,2026-04-08,2026-04,control,1,0,0,0,0.0,1,1,1
U104784,2026-04-27,2026-04,control,1,0,0,0,0.0,0,0,0
U104785,2026-04-21,2026-04,treatment,1,0,0,0,0.0,0,0,0
U104786,2026-06-18,2026-06,control,1,0,0,0,0.0,0,0,0
U104787,2026-06-21,2026-06,treatment,1,1,1,1,69.55,1,1,1
U104788,2026-05-07,2026-05,treatment,1,1,1,1,94.14,0,0,0
U104789,2026-04-14,2026-04,treatment,1,1,1,1,50.52,0,0,0
U104790,2026-02-28,2026-02,treatment,1,0,0,0,0.0,0,0,0
U104791,2026-06-25,2026-06,control,1,1,1,0,0.0,0,0,0
U104792,2026-02-14,2026-02,treatment,1,1,0,0,0.0,0,0,0
U104793,2026-04-09,2026-04,treatment,1,1,1,1,32.1,1,1,1
U104794,2026-04-09,2026-04,control,1,1,0,0,0.0,0,0,0
U104795,2026-04-12,2026-04,control,1,0,0,0,0.0,0,0,0
U104796,2026-03-14,2026-03,control,1,0,0,0,0.0,0,0,0
U104797,2026-06-09,2026-06,control,1,1,0,0,0.0,0,0,0
U104798,2026-03-04,2026-03,control,1,0,0,0,0.0,0,0,0
U104799,2026-05-24,2026-05,treatment,1,0,0,0,0.0,1,1,1
U104800,2026-03-05,2026-03,treatment,1,0,0,0,0.0,0,0,0
U104801,2026-02-17,2026-02,treatment,1,0,0,0,0.0,1,1,1
U104802,2026-06-21,2026-06,treatment,1,1,1,0,0.0,0,0,0
U104803,2026-03-20,2026-03,treatment,1,1,1,0,0.0,0,0,0
U104804,2026-06-13,2026-06,treatment,1,1,1,1,27.58,1,1,1
U104805,2026-05-13,2026-05,treatment,1,0,0,0,0.0,0,0,0
U104806,2026-02-20,2026-02,control,1,0,0,0,0.0,0,0,0
U104807,2026-06-25,2026-06,treatment,1,1,1,0,0.0,1,1,1
U104808,2026-03-31,2026-03,treatment,1,1,0,0,0.0,0,0,0
U104809,2026-06-16,2026-06,control,1,1,1,0,0.0,0,0,0
U104810,2026-03-15,2026-03,treatment,1,1,1,0,0.0,1,1,1
U104811,2026-06-16,2026-06,treatment,1,0,0,0,0.0,0,0,0
U104812,2026-01-21,2026-01,treatment,1,0,0,0,0.0,0,0,0
U104813,2026-05-09,2026-05,control,1,1,1,0,0.0,0,0,0
U104814,2026-06-07,2026-06,treatment,1,1,1,0,0.0,1,1,1
U104815,2026-06-24,2026-06,control,1,1,1,1,69.39,0,0,0
U104816,2026-06-21,2026-06,control,1,0,0,0,0.0,0,0,0
U104817,2026-06-12,2026-06,control,1,1,0,0,0.0,1,1,1
U104818,2026-06-19,2026-06,treatment,1,0,0,0,0.0,0,0,0
U104819,2026-03-22,2026-03,treatment,1,0,0,0,0.0,1,1,1
U104820,2026-04-06,2026-04,control,1,0,0,0,0.0,0,0,0
U104821,2026-04-07,2026-04,treatment,1,1,0,0,0.0,1,1,1
U104822,2026-04-21,2026-04,control,1,0,0,0,0.0,0,0,0
U104823,2026-04-23,2026-04,control,1,0,0,0,0.0,0,0,0
U104824,2026-05-13,2026-05,treatment,1,0,0,0,0.0,1,1,1
U104825,2026-03-13,2026-03,control,1,1,1,0,0.0,0,0,0
U104826,2026-05-30,2026-05,treatment,1,0,0,0,0.0,0,0,0
U104827,2026-03-15,2026-03,control,1,1,0,0,0.0,0,0,0
U104828,2026-04-11,2026-04,control,1,0,0,0,0.0,0,0,0
U104829,2026-05-08,2026-05,treatment,1,0,0,0,0.0,1,1,1
U104830,2026-06-10,2026-06,treatment,1,1,1,1,25.83,1,1,1
U104831,2026-06-04,2026-06,control,1,0,0,0,0.0,1,1,1
U104832,2026-05-25,2026-05,treatment,1,0,0,0,0.0,1,1,1
U104833,2026-03-13,2026-03,treatment,1,0,0,0,0.0,0,0,0
U104834,2026-05-14,2026-05,treatment,1,1,1,0,0.0,0,0,0
U104835,2026-02-23,2026-02,control,1,0,0,0,0.0,0,0,0
U104836,2026-04-21,2026-04,treatment,1,0,0,0,0.0,0,0,0
U104837,2026-04-26,2026-04,treatment,1,1,1,1,32.05,1,1,1
U104838,2026-02-05,2026-02,control,1,0,0,0,0.0,1,1,1
U104839,2026-04-05,2026-04,treatment,1,0,0,0,0.0,0,0,0
U104840,2026-06-25,2026-06,treatment,1,0,0,0,0.0,1,1,1
U104841,2026-06-25,2026-06,treatment,1,1,1,1,43.46,1,1,1
U104842,2026-04-17,2026-04,treatment,1,0,0,0,0.0,1,1,1
U104843,2026-02-07,2026-02,treatment,1,1,1,1,61.58,0,0,0
U104844,2026-03-18,2026-03,treatment,1,1,1,1,38.56,0,0,0
U104845,2026-04-23,2026-04,treatment,1,0,0,0,0.0,0,0,0
U104846,2026-06-25,2026-06,treatment,1,1,0,0,0.0,0,0,0
U104847,2026-03-09,2026-03,treatment,1,0,0,0,0.0,0,0,0
U104848,2026-06-07,2026-06,control,1,0,0,0,0.0,0,0,0
U104849,2026-03-01,2026-03,control,1,1,0,0,0.0,1,1,1
U104850,2026-06-28,2026-06,treatment,1,0,0,0,0.0,0,0,0
U104851,2026-04-22,2026-04,control,1,0,0,0,0.0,0,0,0
U104852,2026-06-08,2026-06,treatment,1,0,0,0,0.0,1,1,1
U104853,2026-04-16,2026-04,treatment,1,0,0,0,0.0,1,1,1
U104854,2026-05-23,2026-05,treatment,1,0,0,0,0.0,1,1,1
U104855,2026-03-20,2026-03,treatment,1,1,0,0,0.0,0,0,0
U104856,2026-03-10,2026-03,treatment,1,1,0,0,0.0,0,0,0
U104857,2026-06-24,2026-06,control,1,0,0,0,0.0,0,0,0
U104858,2026-06-22,2026-06,treatment,1,0,0,0,0.0,0,0,0
U104859,2026-06-19,2026-06,control,1,0,0,0,0.0,0,0,0
U104860,2026-05-23,2026-05,control,1,0,0,0,0.0,1,1,1
U104861,2026-06-11,2026-06,control,1,0,0,0,0.0,0,0,0
U104862,2026-02-17,2026-02,control,1,0,0,0,0.0,0,0,0
U104863,2026-04-15,2026-04,control,1,0,0,0,0.0,0,0,0
U104864,2026-04-11,2026-04,control,1,0,0,0,0.0,1,1,1
U104865,2026-05-24,2026-05,treatment,1,1,0,0,0.0,0,0,0
U104866,2026-04-18,2026-04,treatment,1,0,0,0,0.0,0,0,0
U104867,2026-03-11,2026-03,control,1,1,0,0,0.0,0,0,0
U104868,2026-05-20,2026-05,control,1,1,1,1,34.88,0,0,0
U104869,2026-06-12,2026-06,treatment,1,1,1,1,82.88,0,0,0
U104870,2026-04-22,2026-04,treatment,1,1,0,0,0.0,0,0,0
U104871,2026-03-07,2026-03,treatment,1,1,1,1,162.97,0,0,0
U104872,2026-03-21,2026-03,control,1,0,0,0,0.0,0,0,0
U104873,2026-03-29,2026-03,treatment,1,0,0,0,0.0,0,0,0
U104874,2026-04-09,2026-04,treatment,1,1,0,0,0.0,0,0,0
U104875,2026-05-25,2026-05,treatment,1,1,1,1,47.28,1,1,1
U104876,2026-05-20,2026-05,control,1,0,0,0,0.0,0,0,0
U104877,2026-05-31,2026-05,control,1,1,0,0,0.0,0,0,0
U104878,2026-04-19,2026-04,control,1,0,0,0,0.0,0,0,0
U104879,2026-06-13,2026-06,control,1,0,0,0,0.0,0,0,0
U104880,2026-03-23,2026-03,treatment,1,0,0,0,0.0,0,0,0
U104881,2026-05-04,2026-05,treatment,1,1,0,0,0.0,0,0,0
U104882,2026-06-11,2026-06,treatment,1,1,1,1,70.83,1,1,1
U104883,2026-03-18,2026-03,treatment,1,1,1,0,0.0,1,1,1
U104884,2026-03-01,2026-03,treatment,1,1,1,0,0.0,1,1,1
U104885,2026-06-19,2026-06,control,1,0,0,0,0.0,1,1,1
U104886,2026-04-16,2026-04,treatment,1,1,1,1,50.13,1,1,1
U104887,2026-05-29,2026-05,treatment,1,0,0,0,0.0,1,1,1
U104888,2026-01-29,2026-01,control,1,1,0,0,0.0,1,1,1
U104889,2026-05-30,2026-05,control,1,0,0,0,0.0,0,0,0
U104890,2026-04-12,2026-04,treatment,1,0,0,0,0.0,0,0,0
U104891,2026-02-12,2026-02,treatment,1,1,0,0,0.0,0,0,0
U104892,2026-05-21,2026-05,control,1,1,1,1,58.09,1,1,1
U104893,2026-03-30,2026-03,treatment,1,0,0,0,0.0,0,0,0
U104894,2026-04-22,2026-04,treatment,1,1,1,0,0.0,0,0,0
U104895,2026-02-21,2026-02,treatment,1,0,0,0,0.0,0,0,0
U104896,2026-03-11,2026-03,control,1,0,0,0,0.0,1,1,1
U104897,2026-04-09,2026-04,control,1,1,0,0,0.0,1,1,1
U104898,2026-02-23,2026-02,treatment,1,0,0,0,0.0,0,0,0
U104899,2026-06-21,2026-06,treatment,1,1,1,1,21.82,0,0,0
U104900,2026-01-14,2026-01,control,1,0,0,0,0.0,1,1,1
U104901,2026-05-06,2026-05,control,1,0,0,0,0.0,0,0,0
U104902,2026-03-05,2026-03,control,1,0,0,0,0.0,0,0,0
U104903,2026-04-10,2026-04,control,1,0,0,0,0.0,1,1,1
U104904,2026-06-23,2026-06,treatment,1,0,0,0,0.0,1,1,1
U104905,2026-03-14,2026-03,treatment,1,1,1,1,36.31,0,0,0
U104906,2026-06-26,2026-06,control,1,1,1,0,0.0,0,0,0
U104907,2026-03-23,2026-03,control,1,1,1,0,0.0,0,0,0
U104908,2026-06-05,2026-06,treatment,1,1,1,1,71.54,1,1,1
U104909,2026-05-14,2026-05,control,1,0,0,0,0.0,0,0,0
U104910,2026-06-19,2026-06,treatment,1,0,0,0,0.0,0,0,0
U104911,2026-05-14,2026-05,treatment,1,0,0,0,0.0,0,0,0
U104912,2026-05-12,2026-05,treatment,1,0,0,0,0.0,0,0,0
U104913,2026-03-21,2026-03,control,1,1,1,1,25.23,0,0,0
U104914,2026-03-15,2026-03,control,1,0,0,0,0.0,0,0,0
U104915,2026-06-22,2026-06,control,1,0,0,0,0.0,0,0,0
U104916,2026-04-14,2026-04,control,1,0,0,0,0.0,1,1,1
U104917,2026-04-20,2026-04,control,1,0,0,0,0.0,1,1,1
U104918,2026-06-06,2026-06,treatment,1,0,0,0,0.0,0,0,0
U104919,2026-04-15,2026-04,treatment,1,1,1,1,45.77,0,0,0
U104920,2026-06-25,2026-06,treatment,1,0,0,0,0.0,0,0,0
U104921,2026-06-04,2026-06,control,1,1,0,0,0.0,0,0,0
U104922,2026-05-20,2026-05,treatment,1,0,0,0,0.0,1,1,1
U104923,2026-06-18,2026-06,treatment,1,1,1,0,0.0,1,1,1
U104924,2026-02-10,2026-02,control,1,1,1,0,0.0,0,0,0
U104925,2026-04-02,2026-04,treatment,1,1,0,0,0.0,0,0,0
U104926,2026-05-03,2026-05,control,1,0,0,0,0.0,0,0,0
U104927,2026-03-27,2026-03,control,1,0,0,0,0.0,1,1,1
U104928,2026-06-05,2026-06,control,1,1,0,0,0.0,1,1,1
U104929,2026-06-22,2026-06,treatment,1,0,0,0,0.0,0,0,0
U104930,2026-04-28,2026-04,treatment,1,0,0,0,0.0,1,1,1
U104931,2026-04-16,2026-04,control,1,0,0,0,0.0,0,0,0
U104932,2026-06-26,2026-06,control,1,1,0,0,0.0,0,0,0
U104933,2026-05-01,2026-05,control,1,0,0,0,0.0,0,0,0
U104934,2026-05-06,2026-05,control,1,1,0,0,0.0,0,0,0
U104935,2026-04-17,2026-04,control,1,0,0,0,0.0,1,1,1
U104936,2026-06-21,2026-06,control,1,0,0,0,0.0,0,0,0
U104937,2026-05-16,2026-05,control,1,0,0,0,0.0,0,0,0
U104938,2026-06-07,2026-06,treatment,1,0,0,0,0.0,0,0,0
U104939,2026-06-12,2026-06,treatment,1,0,0,0,0.0,0,0,0
U104940,2026-04-16,2026-04,treatment,1,0,0,0,0.0,1,1,1
U104941,2026-04-29,2026-04,control,1,0,0,0,0.0,1,1,1
U104942,2026-06-15,2026-06,control,1,1,0,0,0.0,0,0,0
U104943,2026-04-19,2026-04,control,1,0,0,0,0.0,0,0,0
U104944,2026-06-10,2026-06,control,1,0,0,0,0.0,1,1,1
U104945,2026-06-24,2026-06,control,1,0,0,0,0.0,1,1,1
U104946,2026-05-23,2026-05,treatment,1,0,0,0,0.0,1,1,1
U104947,2026-06-05,2026-06,treatment,1,0,0,0,0.0,0,0,0
U104948,2026-06-11,2026-06,control,1,0,0,0,0.0,0,0,0
U104949,2026-06-15,2026-06,control,1,1,0,0,0.0,0,0,0
U104950,2026-04-24,2026-04,treatment,1,1,0,0,0.0,0,0,0
U104951,2026-02-10,2026-02,control,1,1,0,0,0.0,0,0,0
U104952,2026-04-25,2026-04,treatment,1,0,0,0,0.0,1,1,1
U104953,2026-05-28,2026-05,treatment,1,1,1,1,44.94,0,0,0
U104954,2026-05-01,2026-05,treatment,1,1,0,0,0.0,0,0,0
U104955,2026-06-05,2026-06,control,1,0,0,0,0.0,0,0,0
U104956,2026-04-18,2026-04,control,1,1,1,1,48.14,0,0,0
U104957,2026-05-24,2026-05,control,1,0,0,0,0.0,1,1,1
U104958,2026-03-19,2026-03,treatment,1,0,0,0,0.0,0,0,0
U104959,2026-06-05,2026-06,treatment,1,0,0,0,0.0,1,1,1
U104960,2026-05-13,2026-05,treatment,1,1,1,0,0.0,1,1,1
U104961,2026-03-23,2026-03,treatment,1,1,0,0,0.0,0,0,0
U104962,2026-04-08,2026-04,treatment,1,1,0,0,0.0,0,0,0
U104963,2026-06-05,2026-06,treatment,1,1,1,0,0.0,1,1,1
U104964,2026-05-06,2026-05,treatment,1,0,0,0,0.0,0,0,0
U104965,2026-03-25,2026-03,treatment,1,0,0,0,0.0,1,1,1
U104966,2026-06-27,2026-06,treatment,1,1,0,0,0.0,1,1,1
U104967,2026-06-02,2026-06,control,1,1,1,1,40.88,0,0,0
U104968,2026-06-26,2026-06,treatment,1,0,0,0,0.0,0,0,0
U104969,2026-04-28,2026-04,control,1,1,1,1,98.41,0,0,0
U104970,2026-05-05,2026-05,control,1,0,0,0,0.0,0,0,0
U104971,2026-06-20,2026-06,treatment,1,1,1,1,73.62,1,1,1
U104972,2026-05-11,2026-05,treatment,1,1,1,1,75.23,0,0,0
U104973,2026-06-01,2026-06,treatment,1,1,0,0,0.0,0,0,0
U104974,2026-04-01,2026-04,control,1,0,0,0,0.0,0,0,0
U104975,2026-05-01,2026-05,treatment,1,0,0,0,0.0,1,1,1
U104976,2026-03-05,2026-03,control,1,0,0,0,0.0,0,0,0
U104977,2026-03-23,2026-03,treatment,1,1,1,0,0.0,1,1,1
U104978,2026-01-06,2026-01,control,1,1,1,1,41.54,0,0,0
U104979,2026-02-05,2026-02,treatment,1,1,0,0,0.0,0,0,0
U104980,2026-06-27,2026-06,treatment,1,0,0,0,0.0,1,1,1
U104981,2026-03-30,2026-03,control,1,0,0,0,0.0,0,0,0
U104982,2026-05-27,2026-05,treatment,1,0,0,0,0.0,0,0,0
U104983,2026-06-14,2026-06,treatment,1,0,0,0,0.0,0,0,0
U104984,2026-05-14,2026-05,control,1,1,1,0,0.0,0,0,0
U104985,2026-03-12,2026-03,control,1,1,0,0,0.0,0,0,0
U104986,2026-06-03,2026-06,control,1,1,1,1,24.08,0,0,0
U104987,2026-05-20,2026-05,control,1,0,0,0,0.0,0,0,0
U104988,2026-06-03,2026-06,treatment,1,0,0,0,0.0,1,1,1
U104989,2026-06-07,2026-06,treatment,1,0,0,0,0.0,0,0,0
U104990,2026-06-27,2026-06,control,1,0,0,0,0.0,1,1,1
U104991,2026-05-17,2026-05,control,1,1,0,0,0.0,0,0,0
U104992,2026-04-16,2026-04,treatment,1,0,0,0,0.0,0,0,0
U104993,2026-05-25,2026-05,control,1,0,0,0,0.0,1,1,1
U104994,2026-02-17,2026-02,control,1,1,0,0,0.0,0,0,0
U104995,2026-06-20,2026-06,control,1,1,1,1,60.16,0,0,0
U104996,2026-03-04,2026-03,treatment,1,0,0,0,0.0,0,0,0
U104997,2026-04-14,2026-04,treatment,1,1,0,0,0.0,0,0,0
U104998,2026-06-12,2026-06,treatment,1,0,0,0,0.0,1,1,1
U104999,2026-05-20,2026-05,control,1,1,1,0,0.0,0,0,0
U105000,2026-04-23,2026-04,treatment,1,0,0,0,0.0,1,1,1
U105001,2026-05-04,2026-05,treatment,1,0,0,0,0.0,1,1,1
U105002,2026-06-16,2026-06,treatment,1,0,0,0,0.0,1,1,1
U105003,2026-04-15,2026-04,control,1,0,0,0,0.0,1,1,1
U105004,2026-06-17,2026-06,treatment,1,0,0,0,0.0,0,0,0
U105005,2026-02-23,2026-02,treatment,1,1,0,0,0.0,1,1,1
U105006,2026-06-08,2026-06,control,1,0,0,0,0.0,0,0,0
U105007,2026-06-15,2026-06,control,1,1,0,0,0.0,0,0,0
U105008,2026-03-18,2026-03,treatment,1,0,0,0,0.0,1,1,1
U105009,2026-04-29,2026-04,treatment,1,0,0,0,0.0,0,0,0
U105010,2026-03-15,2026-03,treatment,1,1,1,0,0.0,1,1,1
U105011,2026-06-01,2026-06,treatment,1,1,1,1,100.46,0,0,0
U105012,2026-05-12,2026-05,treatment,1,0,0,0,0.0,1,1,1
U105013,2026-05-24,2026-05,control,1,0,0,0,0.0,0,0,0
U105014,2026-03-21,2026-03,control,1,1,1,0,0.0,0,0,0
U105015,2026-03-24,2026-03,treatment,1,0,0,0,0.0,0,0,0
U105016,2026-02-06,2026-02,control,1,0,0,0,0.0,1,1,1
U105017,2026-04-13,2026-04,control,1,0,0,0,0.0,1,1,1
U105018,2026-05-15,2026-05,treatment,1,0,0,0,0.0,0,0,0
U105019,2026-06-16,2026-06,treatment,1,0,0,0,0.0,0,0,0
U105020,2026-05-27,2026-05,control,1,1,0,0,0.0,1,1,1
U105021,2026-04-29,2026-04,control,1,0,0,0,0.0,1,1,1
U105022,2026-06-25,2026-06,control,1,0,0,0,0.0,0,0,0
U105023,2026-06-02,2026-06,control,1,1,1,1,46.7,0,0,0
U105024,2026-06-23,2026-06,treatment,1,1,0,0,0.0,0,0,0
U105025,2026-05-11,2026-05,control,1,0,0,0,0.0,0,0,0
U105026,2026-04-02,2026-04,treatment,1,1,1,1,58.78,0,0,0
U105027,2026-02-11,2026-02,treatment,1,1,1,0,0.0,0,0,0
U105028,2026-06-03,2026-06,treatment,1,0,0,0,0.0,0,0,0
U105029,2026-03-04,2026-03,control,1,0,0,0,0.0,0,0,0
U105030,2026-04-10,2026-04,treatment,1,1,0,0,0.0,0,0,0
U105031,2026-05-12,2026-05,control,1,0,0,0,0.0,0,0,0
U105032,2026-05-16,2026-05,control,1,0,0,0,0.0,0,0,0
U105033,2026-05-20,2026-05,treatment,1,1,0,0,0.0,0,0,0
U105034,2026-03-15,2026-03,control,1,0,0,0,0.0,0,0,0
U105035,2026-04-21,2026-04,treatment,1,1,0,0,0.0,1,1,1
U105036,2026-05-22,2026-05,control,1,0,0,0,0.0,0,0,0
U105037,2026-06-27,2026-06,control,1,0,0,0,0.0,0,0,0
U105038,2026-06-03,2026-06,treatment,1,0,0,0,0.0,0,0,0
U105039,2026-06-22,2026-06,treatment,1,0,0,0,0.0,0,0,0
U105040,2026-06-07,2026-06,treatment,1,1,1,1,37.42,1,1,1
U105041,2026-05-19,2026-05,treatment,1,1,0,0,0.0,0,0,0
U105042,2026-03-20,2026-03,control,1,0,0,0,0.0,0,0,0
U105043,2026-05-27,2026-05,treatment,1,1,1,0,0.0,0,0,0
U105044,2026-05-23,2026-05,control,1,0,0,0,0.0,0,0,0
U105045,2026-05-20,2026-05,treatment,1,0,0,0,0.0,0,0,0
U105046,2026-05-06,2026-05,treatment,1,0,0,0,0.0,0,0,0
U105047,2026-05-11,2026-05,treatment,1,0,0,0,0.0,1,1,1
U105048,2026-04-15,2026-04,treatment,1,1,0,0,0.0,0,0,0
U105049,2026-05-10,2026-05,control,1,0,0,0,0.0,0,0,0
U105050,2026-03-22,2026-03,treatment,1,0,0,0,0.0,0,0,0
U105051,2026-06-11,2026-06,control,1,0,0,0,0.0,0,0,0
U105052,2026-03-19,2026-03,control,1,1,0,0,0.0,1,1,1
U105053,2026-02-22,2026-02,control,1,1,0,0,0.0,0,0,0
U105054,2026-04-29,2026-04,treatment,1,1,1,1,34.78,1,1,1
U105055,2026-05-27,2026-05,control,1,0,0,0,0.0,0,0,0
U105056,2026-04-30,2026-04,control,1,0,0,0,0.0,0,0,0
U105057,2026-04-05,2026-04,treatment,1,0,0,0,0.0,1,1,1
U105058,2026-05-15,2026-05,treatment,1,0,0,0,0.0,0,0,0
U105059,2026-04-17,2026-04,control,1,1,0,0,0.0,0,0,0
U105060,2026-06-23,2026-06,control,1,0,0,0,0.0,0,0,0
U105061,2026-06-22,2026-06,treatment,1,0,0,0,0.0,0,0,0
U105062,2026-05-08,2026-05,treatment,1,0,0,0,0.0,1,1,1
U105063,2026-04-14,2026-04,control,1,0,0,0,0.0,0,0,0
U105064,2026-06-04,2026-06,treatment,1,0,0,0,0.0,1,1,1
U105065,2026-02-04,2026-02,treatment,1,0,0,0,0.0,0,0,0
U105066,2026-05-05,2026-05,treatment,1,0,0,0,0.0,0,0,0
U105067,2026-04-15,2026-04,treatment,1,1,0,0,0.0,1,1,1
U105068,2026-06-22,2026-06,treatment,1,0,0,0,0.0,1,1,1
U105069,2026-01-20,2026-01,treatment,1,1,0,0,0.0,1,1,1
U105070,2026-05-14,2026-05,control,1,1,0,0,0.0,0,0,0
U105071,2026-06-04,2026-06,treatment,1,1,1,0,0.0,0,0,0
U105072,2026-05-06,2026-05,treatment,1,0,0,0,0.0,1,1,1
U105073,2026-02-22,2026-02,control,1,0,0,0,0.0,1,1,1
U105074,2026-06-27,2026-06,treatment,1,1,1,1,75.06,0,0,0
U105075,2026-05-10,2026-05,control,1,0,0,0,0.0,0,0,0
U105076,2026-05-22,2026-05,control,1,0,0,0,0.0,0,0,0
U105077,2026-03-29,2026-03,control,1,0,0,0,0.0,1,1,1
U105078,2026-05-06,2026-05,treatment,1,1,1,1,49.44,1,1,1
U105079,2026-04-28,2026-04,treatment,1,1,0,0,0.0,0,0,0
U105080,2026-02-19,2026-02,control,1,0,0,0,0.0,1,1,1
U105081,2026-02-28,2026-02,treatment,1,0,0,0,0.0,1,1,1
U105082,2026-06-14,2026-06,control,1,1,0,0,0.0,1,1,1
U105083,2026-03-30,2026-03,treatment,1,0,0,0,0.0,0,0,0
U105084,2026-03-21,2026-03,treatment,1,0,0,0,0.0,0,0,0
U105085,2026-05-08,2026-05,treatment,1,0,0,0,0.0,1,1,1
U105086,2026-06-07,2026-06,treatment,1,1,1,0,0.0,0,0,0
U105087,2026-02-14,2026-02,control,1,0,0,0,0.0,1,1,1
U105088,2026-05-17,2026-05,treatment,1,0,0,0,0.0,0,0,0
U105089,2026-03-04,2026-03,treatment,1,0,0,0,0.0,0,0,0
U105090,2026-02-04,2026-02,control,1,1,1,0,0.0,0,0,0
U105091,2026-02-11,2026-02,treatment,1,1,0,0,0.0,0,0,0
U105092,2026-06-14,2026-06,treatment,1,0,0,0,0.0,0,0,0
U105093,2026-03-03,2026-03,control,1,1,1,0,0.0,0,0,0
U105094,2026-02-08,2026-02,treatment,1,0,0,0,0.0,0,0,0
U105095,2026-04-30,2026-04,treatment,1,0,0,0,0.0,0,0,0
U105096,2026-06-15,2026-06,treatment,1,1,0,0,0.0,1,1,1
U105097,2026-04-03,2026-04,control,1,0,0,0,0.0,0,0,0
U105098,2026-04-27,2026-04,control,1,0,0,0,0.0,0,0,0
U105099,2026-02-05,2026-02,control,1,0,0,0,0.0,0,0,0
U105100,2026-05-01,2026-05,treatment,1,1,0,0,0.0,1,1,1
U105101,2026-05-17,2026-05,treatment,1,1,0,0,0.0,0,0,0
U105102,2026-05-17,2026-05,treatment,1,1,1,0,0.0,0,0,0
U105103,2026-04-14,2026-04,control,1,0,0,0,0.0,1,1,1
U105104,2026-04-12,2026-04,control,1,1,1,1,83.53,0,0,0
U105105,2026-02-28,2026-02,treatment,1,0,0,0,0.0,1,1,1
U105106,2026-04-20,2026-04,treatment,1,1,0,0,0.0,0,0,0
U105107,2026-02-26,2026-02,treatment,1,1,1,1,93.72,0,0,0
U105108,2026-06-07,2026-06,treatment,1,0,0,0,0.0,0,0,0
U105109,2026-06-26,2026-06,treatment,1,0,0,0,0.0,0,0,0
U105110,2026-06-27,2026-06,treatment,1,0,0,0,0.0,0,0,0
U105111,2026-06-17,2026-06,treatment,1,1,1,1,131.55,0,0,0
U105112,2026-05-20,2026-05,control,1,0,0,0,0.0,1,1,1
U105113,2026-05-31,2026-05,treatment,1,0,0,0,0.0,1,1,1
U105114,2026-04-07,2026-04,treatment,1,0,0,0,0.0,0,0,0
U105115,2026-05-23,2026-05,control,1,0,0,0,0.0,0,0,0
U105116,2026-05-02,2026-05,control,1,1,1,0,0.0,0,0,0
U105117,2026-05-05,2026-05,control,1,0,0,0,0.0,0,0,0
U105118,2026-06-06,2026-06,treatment,1,0,0,0,0.0,0,0,0
U105119,2026-04-06,2026-04,control,1,1,0,0,0.0,1,1,1
U105120,2026-04-12,2026-04,control,1,1,1,0,0.0,1,1,1
U105121,2026-06-23,2026-06,treatment,1,0,0,0,0.0,1,1,1
U105122,2026-02-12,2026-02,control,1,0,0,0,0.0,0,0,0
U105123,2026-05-06,2026-05,treatment,1,1,1,0,0.0,0,0,0
U105124,2026-06-21,2026-06,control,1,0,0,0,0.0,0,0,0
U105125,2026-05-21,2026-05,treatment,1,1,0,0,0.0,0,0,0
U105126,2026-05-14,2026-05,control,1,0,0,0,0.0,0,0,0
U105127,2026-03-31,2026-03,control,1,0,0,0,0.0,0,0,0
U105128,2026-04-16,2026-04,control,1,0,0,0,0.0,1,1,1
U105129,2026-06-16,2026-06,treatment,1,0,0,0,0.0,0,0,0
U105130,2026-05-15,2026-05,treatment,1,1,0,0,0.0,0,0,0
U105131,2026-05-10,2026-05,control,1,1,1,0,0.0,0,0,0
U105132,2026-02-26,2026-02,treatment,1,1,1,0,0.0,0,0,0
U105133,2026-01-23,2026-01,control,1,1,1,0,0.0,0,0,0
U105134,2026-06-26,2026-06,treatment,1,1,0,0,0.0,0,0,0
U105135,2026-04-21,2026-04,treatment,1,1,1,1,69.81,0,0,0
U105136,2026-05-20,2026-05,treatment,1,1,0,0,0.0,0,0,0
U105137,2026-02-20,2026-02,treatment,1,0,0,0,0.0,0,0,0
U105138,2026-05-29,2026-05,treatment,1,0,0,0,0.0,0,0,0
U105139,2026-06-23,2026-06,treatment,1,1,1,0,0.0,1,1,1
U105140,2026-05-17,2026-05,treatment,1,1,1,0,0.0,0,0,0
U105141,2026-03-05,2026-03,treatment,1,1,0,0,0.0,0,0,0
U105142,2026-05-18,2026-05,treatment,1,1,1,1,52.65,0,0,0
U105143,2026-06-07,2026-06,treatment,1,0,0,0,0.0,1,1,1
U105144,2026-04-25,2026-04,treatment,1,1,1,0,0.0,1,1,1
U105145,2026-06-18,2026-06,treatment,1,1,1,0,0.0,0,0,0
U105146,2026-05-25,2026-05,treatment,1,0,0,0,0.0,1,1,1
U105147,2026-06-20,2026-06,control,1,1,0,0,0.0,0,0,0
U105148,2026-05-23,2026-05,control,1,0,0,0,0.0,1,1,1
U105149,2026-03-07,2026-03,control,1,1,0,0,0.0,0,0,0
U105150,2026-04-11,2026-04,treatment,1,1,1,1,95.86,0,0,0
U105151,2026-03-22,2026-03,control,1,0,0,0,0.0,0,0,0
U105152,2026-06-21,2026-06,treatment,1,0,0,0,0.0,0,0,0
U105153,2026-06-06,2026-06,treatment,1,0,0,0,0.0,1,1,1
U105154,2026-05-29,2026-05,treatment,1,0,0,0,0.0,1,1,1
U105155,2026-04-09,2026-04,control,1,0,0,0,0.0,1,1,1
U105156,2026-03-19,2026-03,treatment,1,0,0,0,0.0,0,0,0
U105157,2026-06-06,2026-06,treatment,1,1,1,1,44.24,0,0,0
U105158,2026-05-04,2026-05,treatment,1,0,0,0,0.0,0,0,0
U105159,2026-03-27,2026-03,control,1,0,0,0,0.0,1,1,1
U105160,2026-05-22,2026-05,treatment,1,1,0,0,0.0,0,0,0
U105161,2026-02-06,2026-02,treatment,1,1,1,0,0.0,0,0,0
U105162,2026-04-13,2026-04,treatment,1,1,1,0,0.0,0,0,0
U105163,2026-05-04,2026-05,treatment,1,1,0,0,0.0,0,0,0
U105164,2026-03-11,2026-03,treatment,1,0,0,0,0.0,0,0,0
U105165,2026-06-28,2026-06,treatment,1,0,0,0,0.0,0,0,0
U105166,2026-03-24,2026-03,treatment,1,0,0,0,0.0,1,1,1
U105167,2026-03-06,2026-03,treatment,1,1,1,0,0.0,0,0,0
U105168,2026-03-23,2026-03,treatment,1,0,0,0,0.0,0,0,0
U105169,2026-06-07,2026-06,control,1,1,1,1,21.81,0,0,0
U105170,2026-04-28,2026-04,control,1,0,0,0,0.0,0,0,0
U105171,2026-05-16,2026-05,control,1,0,0,0,0.0,0,0,0
U105172,2026-01-27,2026-01,control,1,0,0,0,0.0,0,0,0
U105173,2026-02-03,2026-02,control,1,1,1,1,122.53,0,0,0
U105174,2026-05-01,2026-05,control,1,0,0,0,0.0,0,0,0
U105175,2026-06-12,2026-06,treatment,1,0,0,0,0.0,1,1,1
U105176,2026-06-19,2026-06,control,1,0,0,0,0.0,0,0,0
U105177,2026-02-23,2026-02,control,1,0,0,0,0.0,1,1,1
U105178,2026-05-13,2026-05,treatment,1,1,1,0,0.0,0,0,0
U105179,2026-06-22,2026-06,treatment,1,0,0,0,0.0,1,1,1
U105180,2026-04-23,2026-04,treatment,1,0,0,0,0.0,0,0,0
U105181,2026-06-13,2026-06,treatment,1,1,1,1,63.28,1,1,1
U105182,2026-03-07,2026-03,control,1,0,0,0,0.0,0,0,0
U105183,2026-06-24,2026-06,control,1,0,0,0,0.0,0,0,0
U105184,2026-06-06,2026-06,control,1,0,0,0,0.0,0,0,0
U105185,2026-06-24,2026-06,control,1,0,0,0,0.0,0,0,0
U105186,2026-05-29,2026-05,control,1,0,0,0,0.0,1,1,1
U105187,2026-04-19,2026-04,treatment,1,1,1,0,0.0,0,0,0
U105188,2026-06-24,2026-06,control,1,1,0,0,0.0,1,1,1
U105189,2026-04-05,2026-04,control,1,0,0,0,0.0,0,0,0
U105190,2026-04-14,2026-04,control,1,1,1,1,109.96,1,1,1
U105191,2026-05-31,2026-05,treatment,1,0,0,0,0.0,0,0,0
U105192,2026-06-07,2026-06,control,1,0,0,0,0.0,0,0,0
U105193,2026-06-23,2026-06,control,1,1,0,0,0.0,0,0,0
U105194,2026-03-23,2026-03,control,1,0,0,0,0.0,0,0,0
U105195,2026-06-10,2026-06,control,1,0,0,0,0.0,1,1,1
U105196,2026-06-04,2026-06,control,1,1,1,0,0.0,0,0,0
U105197,2026-02-15,2026-02,treatment,1,0,0,0,0.0,1,1,1
U105198,2026-04-23,2026-04,control,1,0,0,0,0.0,0,0,0
U105199,2026-04-06,2026-04,treatment,1,1,1,0,0.0,1,1,1
U105200,2026-04-10,2026-04,treatment,1,1,0,0,0.0,1,1,1
U105201,2026-06-28,2026-06,treatment,1,1,1,0,0.0,0,0,0
U105202,2026-05-25,2026-05,control,1,0,0,0,0.0,1,1,1
U105203,2026-06-02,2026-06,control,1,0,0,0,0.0,1,1,1
U105204,2026-06-27,2026-06,control,1,0,0,0,0.0,1,1,1
U105205,2026-04-21,2026-04,treatment,1,0,0,0,0.0,0,0,0
U105206,2026-06-11,2026-06,treatment,1,0,0,0,0.0,1,1,1
U105207,2026-04-29,2026-04,control,1,1,0,0,0.0,0,0,0
U105208,2026-06-17,2026-06,treatment,1,0,0,0,0.0,0,0,0
U105209,2026-03-18,2026-03,treatment,1,0,0,0,0.0,0,0,0
U105210,2026-06-25,2026-06,treatment,1,0,0,0,0.0,0,0,0
U105211,2026-03-26,2026-03,control,1,1,1,1,27.66,1,1,1
U105212,2026-04-13,2026-04,treatment,1,1,0,0,0.0,0,0,0
U105213,2026-06-06,2026-06,control,1,1,1,0,0.0,1,1,1
U105214,2026-04-23,2026-04,treatment,1,0,0,0,0.0,0,0,0
U105215,2026-05-21,2026-05,control,1,0,0,0,0.0,0,0,0
U105216,2026-05-01,2026-05,control,1,0,0,0,0.0,0,0,0
U105217,2026-06-05,2026-06,treatment,1,1,1,1,75.85,0,0,0
U105218,2026-03-28,2026-03,treatment,1,0,0,0,0.0,0,0,0
U105219,2026-02-13,2026-02,control,1,0,0,0,0.0,1,1,1
U105220,2026-04-09,2026-04,control,1,0,0,0,0.0,0,0,0
U105221,2026-05-04,2026-05,treatment,1,0,0,0,0.0,0,0,0
U105222,2026-03-15,2026-03,treatment,1,0,0,0,0.0,0,0,0
U105223,2026-04-18,2026-04,treatment,1,0,0,0,0.0,0,0,0
U105224,2026-04-24,2026-04,treatment,1,0,0,0,0.0,1,1,1
U105225,2026-02-13,2026-02,control,1,0,0,0,0.0,0,0,0
U105226,2026-05-18,2026-05,treatment,1,0,0,0,0.0,1,1,1
U105227,2026-06-19,2026-06,treatment,1,1,0,0,0.0,0,0,0
U105228,2026-03-12,2026-03,treatment,1,0,0,0,0.0,0,0,0
U105229,2026-05-20,2026-05,control,1,1,0,0,0.0,1,1,1
U105230,2026-05-27,2026-05,treatment,1,0,0,0,0.0,1,1,1
U105231,2026-04-27,2026-04,treatment,1,0,0,0,0.0,1,1,1
U105232,2026-05-31,2026-05,treatment,1,1,1,1,53.56,0,0,0
U105233,2026-04-26,2026-04,treatment,1,1,1,0,0.0,0,0,0
U105234,2026-05-08,2026-05,treatment,1,0,0,0,0.0,1,1,1
U105235,2026-01-16,2026-01,treatment,1,0,0,0,0.0,0,0,0
U105236,2026-05-30,2026-05,control,1,0,0,0,0.0,0,0,0
U105237,2026-05-27,2026-05,control,1,0,0,0,0.0,0,0,0
U105238,2026-02-05,2026-02,treatment,1,0,0,0,0.0,1,1,1
U105239,2026-04-20,2026-04,treatment,1,0,0,0,0.0,1,1,1
U105240,2026-06-28,2026-06,control,1,0,0,0,0.0,0,0,0
U105241,2026-04-27,2026-04,treatment,1,0,0,0,0.0,1,1,1
U105242,2026-05-08,2026-05,control,1,1,0,0,0.0,0,0,0
U105243,2026-06-21,2026-06,control,1,0,0,0,0.0,1,1,1
U105244,2026-06-02,2026-06,treatment,1,0,0,0,0.0,0,0,0
U105245,2026-05-18,2026-05,treatment,1,1,1,1,93.33,1,1,1
U105246,2026-06-10,2026-06,control,1,1,1,0,0.0,0,0,0
U105247,2026-06-17,2026-06,treatment,1,0,0,0,0.0,0,0,0
U105248,2026-05-02,2026-05,treatment,1,0,0,0,0.0,0,0,0
U105249,2026-05-05,2026-05,treatment,1,1,1,0,0.0,0,0,0
U105250,2026-04-22,2026-04,control,1,0,0,0,0.0,0,0,0
U105251,2026-06-26,2026-06,treatment,1,1,0,0,0.0,0,0,0
U105252,2026-05-31,2026-05,control,1,0,0,0,0.0,1,1,1
U105253,2026-02-21,2026-02,control,1,0,0,0,0.0,1,1,1
U105254,2026-06-17,2026-06,treatment,1,1,0,0,0.0,1,1,1
U105255,2026-05-05,2026-05,treatment,1,1,0,0,0.0,1,1,1
U105256,2026-02-17,2026-02,control,1,0,0,0,0.0,0,0,0
U105257,2026-05-14,2026-05,treatment,1,1,0,0,0.0,0,0,0
U105258,2026-04-27,2026-04,treatment,1,0,0,0,0.0,1,1,1
U105259,2026-06-18,2026-06,treatment,1,1,1,1,80.08,0,0,0
U105260,2026-03-23,2026-03,treatment,1,1,0,0,0.0,1,1,1
U105261,2026-06-13,2026-06,control,1,0,0,0,0.0,0,0,0
U105262,2026-05-15,2026-05,treatment,1,0,0,0,0.0,0,0,0
U105263,2026-02-12,2026-02,control,1,0,0,0,0.0,0,0,0
U105264,2026-06-27,2026-06,treatment,1,0,0,0,0.0,0,0,0
U105265,2026-05-09,2026-05,control,1,0,0,0,0.0,1,1,1
U105266,2026-04-08,2026-04,control,1,1,1,1,15.74,0,0,0
U105267,2026-05-04,2026-05,treatment,1,0,0,0,0.0,0,0,0
U105268,2026-06-16,2026-06,control,1,0,0,0,0.0,0,0,0
U105269,2026-04-10,2026-04,control,1,1,1,0,0.0,0,0,0
U105270,2026-03-21,2026-03,control,1,0,0,0,0.0,0,0,0
U105271,2026-03-06,2026-03,treatment,1,0,0,0,0.0,0,0,0
U105272,2026-04-09,2026-04,treatment,1,0,0,0,0.0,0,0,0
U105273,2026-06-08,2026-06,control,1,0,0,0,0.0,0,0,0
U105274,2026-05-04,2026-05,control,1,0,0,0,0.0,0,0,0
U105275,2026-03-27,2026-03,control,1,1,0,0,0.0,0,0,0
U105276,2026-03-15,2026-03,treatment,1,0,0,0,0.0,0,0,0
U105277,2026-04-14,2026-04,treatment,1,1,1,0,0.0,1,1,1
U105278,2026-06-24,2026-06,control,1,1,0,0,0.0,0,0,0
U105279,2026-04-16,2026-04,control,1,1,0,0,0.0,0,0,0
U105280,2026-06-28,2026-06,control,1,0,0,0,0.0,0,0,0
U105281,2026-05-06,2026-05,control,1,0,0,0,0.0,0,0,0
U105282,2026-03-18,2026-03,control,1,1,1,1,51.9,0,0,0
U105283,2026-06-19,2026-06,treatment,1,0,0,0,0.0,0,0,0
U105284,2026-05-03,2026-05,control,1,0,0,0,0.0,1,1,1
U105285,2026-06-01,2026-06,treatment,1,1,1,1,46.14,0,0,0
U105286,2026-06-28,2026-06,treatment,1,1,1,1,64.65,1,1,1
U105287,2026-02-10,2026-02,control,1,0,0,0,0.0,1,1,1
U105288,2026-02-25,2026-02,treatment,1,1,0,0,0.0,1,1,1
U105289,2026-06-02,2026-06,treatment,1,0,0,0,0.0,0,0,0
U105290,2026-04-06,2026-04,control,1,0,0,0,0.0,0,0,0
U105291,2026-03-19,2026-03,treatment,1,1,0,0,0.0,0,0,0
U105292,2026-02-05,2026-02,control,1,1,1,0,0.0,0,0,0
U105293,2026-01-27,2026-01,treatment,1,1,1,0,0.0,0,0,0
U105294,2026-06-08,2026-06,treatment,1,0,0,0,0.0,1,1,1
U105295,2026-03-07,2026-03,treatment,1,1,0,0,0.0,0,0,0
U105296,2026-05-04,2026-05,treatment,1,0,0,0,0.0,1,1,1
U105297,2026-05-21,2026-05,treatment,1,0,0,0,0.0,1,1,1
U105298,2026-04-28,2026-04,treatment,1,1,1,0,0.0,0,0,0
U105299,2026-01-30,2026-01,treatment,1,0,0,0,0.0,0,0,0
U105300,2026-06-09,2026-06,control,1,0,0,0,0.0,1,1,1
U105301,2026-01-19,2026-01,treatment,1,0,0,0,0.0,0,0,0
U105302,2026-06-07,2026-06,control,1,0,0,0,0.0,0,0,0
U105303,2026-06-20,2026-06,control,1,0,0,0,0.0,0,0,0
U105304,2026-04-29,2026-04,treatment,1,0,0,0,0.0,0,0,0
U105305,2026-05-12,2026-05,control,1,0,0,0,0.0,1,1,1
U105306,2026-05-05,2026-05,control,1,0,0,0,0.0,0,0,0
U105307,2026-04-23,2026-04,treatment,1,1,1,1,46.37,0,0,0
U105308,2026-06-19,2026-06,control,1,1,0,0,0.0,0,0,0
U105309,2026-06-20,2026-06,control,1,0,0,0,0.0,0,0,0
U105310,2026-04-15,2026-04,treatment,1,0,0,0,0.0,1,1,1
U105311,2026-05-22,2026-05,treatment,1,1,1,1,52.88,0,0,0
U105312,2026-06-23,2026-06,treatment,1,0,0,0,0.0,0,0,0
U105313,2026-06-26,2026-06,treatment,1,0,0,0,0.0,0,0,0
U105314,2026-05-09,2026-05,treatment,1,1,0,0,0.0,1,1,1
U105315,2026-05-02,2026-05,treatment,1,0,0,0,0.0,1,1,1
U105316,2026-04-06,2026-04,control,1,0,0,0,0.0,0,0,0
U105317,2026-06-26,2026-06,treatment,1,0,0,0,0.0,0,0,0
U105318,2026-03-10,2026-03,treatment,1,0,0,0,0.0,0,0,0
U105319,2026-05-18,2026-05,control,1,0,0,0,0.0,0,0,0
U105320,2026-04-06,2026-04,control,1,1,0,0,0.0,0,0,0
U105321,2026-04-06,2026-04,control,1,1,1,1,62.19,0,0,0
U105322,2026-04-25,2026-04,treatment,1,0,0,0,0.0,1,1,1
U105323,2026-06-29,2026-06,control,1,1,1,0,0.0,0,0,0
U105324,2026-02-12,2026-02,treatment,1,1,0,0,0.0,0,0,0
U105325,2026-05-17,2026-05,treatment,1,0,0,0,0.0,1,1,1
U105326,2026-02-21,2026-02,treatment,1,0,0,0,0.0,0,0,0
U105327,2026-03-12,2026-03,control,1,0,0,0,0.0,1,1,1
U105328,2026-04-30,2026-04,treatment,1,1,1,1,111.71,1,1,1
U105329,2026-05-09,2026-05,control,1,0,0,0,0.0,0,0,0
U105330,2026-04-02,2026-04,treatment,1,1,0,0,0.0,1,1,1
U105331,2026-04-12,2026-04,treatment,1,0,0,0,0.0,0,0,0
U105332,2026-02-23,2026-02,control,1,0,0,0,0.0,0,0,0
U105333,2026-04-10,2026-04,treatment,1,0,0,0,0.0,0,0,0
U105334,2026-06-26,2026-06,control,1,1,0,0,0.0,0,0,0
U105335,2026-06-24,2026-06,treatment,1,0,0,0,0.0,1,1,1
U105336,2026-04-15,2026-04,control,1,0,0,0,0.0,0,0,0
U105337,2026-05-16,2026-05,control,1,0,0,0,0.0,1,1,1
U105338,2026-06-21,2026-06,control,1,1,0,0,0.0,0,0,0
U105339,2026-01-15,2026-01,control,1,1,1,1,36.47,1,1,1
U105340,2026-06-12,2026-06,treatment,1,0,0,0,0.0,0,0,0
U105341,2026-06-25,2026-06,treatment,1,1,0,0,0.0,0,0,0
U105342,2026-02-24,2026-02,treatment,1,0,0,0,0.0,1,1,1
U105343,2026-03-14,2026-03,control,1,0,0,0,0.0,0,0,0
U105344,2026-06-26,2026-06,control,1,0,0,0,0.0,0,0,0
U105345,2026-05-12,2026-05,treatment,1,0,0,0,0.0,0,0,0
U105346,2026-01-22,2026-01,control,1,0,0,0,0.0,1,1,1
U105347,2026-04-02,2026-04,treatment,1,1,0,0,0.0,1,1,1
U105348,2026-05-01,2026-05,treatment,1,1,0,0,0.0,0,0,0
U105349,2026-05-30,2026-05,control,1,1,0,0,0.0,1,1,1
U105350,2026-06-04,2026-06,treatment,1,1,0,0,0.0,1,1,1
U105351,2026-06-29,2026-06,treatment,1,1,0,0,0.0,0,0,0
U105352,2026-04-07,2026-04,treatment,1,0,0,0,0.0,1,1,1
U105353,2026-05-13,2026-05,control,1,1,0,0,0.0,1,1,1
U105354,2026-05-12,2026-05,control,1,0,0,0,0.0,0,0,0
U105355,2026-04-25,2026-04,control,1,1,0,0,0.0,0,0,0
U105356,2026-03-16,2026-03,control,1,0,0,0,0.0,1,1,1
U105357,2026-06-27,2026-06,control,1,0,0,0,0.0,1,1,1
U105358,2026-06-16,2026-06,treatment,1,1,1,1,37.66,1,1,1
U105359,2026-05-08,2026-05,treatment,1,1,0,0,0.0,1,1,1
U105360,2026-05-20,2026-05,treatment,1,0,0,0,0.0,0,0,0
U105361,2026-03-27,2026-03,control,1,0,0,0,0.0,0,0,0
U105362,2026-05-13,2026-05,treatment,1,0,0,0,0.0,1,1,1
U105363,2026-05-31,2026-05,control,1,1,1,0,0.0,0,0,0
U105364,2026-05-10,2026-05,treatment,1,0,0,0,0.0,0,0,0
U105365,2026-06-29,2026-06,treatment,1,0,0,0,0.0,0,0,0
U105366,2026-05-21,2026-05,treatment,1,0,0,0,0.0,0,0,0
U105367,2026-04-20,2026-04,treatment,1,0,0,0,0.0,0,0,0
U105368,2026-06-08,2026-06,treatment,1,0,0,0,0.0,1,1,1
U105369,2026-03-16,2026-03,control,1,1,1,1,29.39,1,1,1
U105370,2026-04-22,2026-04,control,1,1,1,1,37.55,1,1,1
U105371,2026-04-17,2026-04,control,1,0,0,0,0.0,0,0,0
U105372,2026-04-29,2026-04,control,1,1,1,0,0.0,0,0,0
U105373,2026-06-09,2026-06,treatment,1,0,0,0,0.0,0,0,0
U105374,2026-05-06,2026-05,control,1,0,0,0,0.0,0,0,0
U105375,2026-06-10,2026-06,treatment,1,0,0,0,0.0,0,0,0
U105376,2026-05-17,2026-05,control,1,0,0,0,0.0,1,1,1
U105377,2026-04-16,2026-04,control,1,1,0,0,0.0,1,1,1
U105378,2026-06-11,2026-06,treatment,1,0,0,0,0.0,0,0,0
U105379,2026-03-29,2026-03,control,1,1,1,0,0.0,0,0,0
U105380,2026-03-27,2026-03,treatment,1,1,1,1,53.12,0,0,0
U105381,2026-05-08,2026-05,treatment,1,1,1,0,0.0,1,1,1
U105382,2026-04-02,2026-04,control,1,1,1,0,0.0,1,1,1
U105383,2026-01-18,2026-01,treatment,1,1,1,0,0.0,1,1,1
U105384,2026-05-25,2026-05,control,1,0,0,0,0.0,1,1,1
U105385,2026-05-09,2026-05,treatment,1,0,0,0,0.0,0,0,0
U105386,2026-05-01,2026-05,treatment,1,0,0,0,0.0,0,0,0
U105387,2026-06-27,2026-06,control,1,1,1,0,0.0,0,0,0
U105388,2026-05-17,2026-05,treatment,1,0,0,0,0.0,0,0,0
U105389,2026-06-17,2026-06,control,1,1,1,1,59.82,0,0,0
U105390,2026-03-09,2026-03,treatment,1,0,0,0,0.0,0,0,0
U105391,2026-05-16,2026-05,treatment,1,0,0,0,0.0,0,0,0
U105392,2026-06-17,2026-06,treatment,1,0,0,0,0.0,1,1,1
U105393,2026-05-18,2026-05,treatment,1,1,0,0,0.0,0,0,0
U105394,2026-06-02,2026-06,control,1,0,0,0,0.0,0,0,0
U105395,2026-04-20,2026-04,treatment,1,0,0,0,0.0,0,0,0
U105396,2026-02-24,2026-02,control,1,0,0,0,0.0,0,0,0
U105397,2026-05-02,2026-05,treatment,1,0,0,0,0.0,1,1,1
U105398,2026-04-24,2026-04,control,1,0,0,0,0.0,0,0,0
U105399,2026-06-17,2026-06,treatment,1,0,0,0,0.0,0,0,0
U105400,2026-03-30,2026-03,treatment,1,0,0,0,0.0,0,0,0
U105401,2026-06-26,2026-06,treatment,1,0,0,0,0.0,0,0,0
U105402,2026-06-26,2026-06,control,1,1,1,0,0.0,0,0,0
U105403,2026-03-31,2026-03,treatment,1,1,0,0,0.0,0,0,0
U105404,2026-04-17,2026-04,treatment,1,0,0,0,0.0,0,0,0
U105405,2026-06-20,2026-06,treatment,1,0,0,0,0.0,1,1,1
U105406,2026-06-26,2026-06,control,1,0,0,0,0.0,0,0,0
U105407,2026-04-30,2026-04,control,1,1,0,0,0.0,0,0,0
U105408,2026-04-12,2026-04,control,1,0,0,0,0.0,0,0,0
U105409,2026-05-11,2026-05,control,1,0,0,0,0.0,0,0,0
U105410,2026-05-30,2026-05,control,1,0,0,0,0.0,0,0,0
U105411,2026-04-05,2026-04,control,1,0,0,0,0.0,0,0,0
U105412,2026-06-04,2026-06,control,1,0,0,0,0.0,0,0,0
U105413,2026-02-10,2026-02,control,1,1,0,0,0.0,0,0,0
U105414,2026-02-09,2026-02,control,1,0,0,0,0.0,0,0,0
U105415,2026-04-22,2026-04,treatment,1,0,0,0,0.0,1,1,1
U105416,2026-04-18,2026-04,treatment,1,0,0,0,0.0,0,0,0
U105417,2026-04-12,2026-04,control,1,1,1,1,55.48,0,0,0
U105418,2026-05-07,2026-05,treatment,1,0,0,0,0.0,1,1,1
U105419,2026-04-12,2026-04,treatment,1,0,0,0,0.0,1,1,1
U105420,2026-03-20,2026-03,treatment,1,1,1,1,37.49,0,0,0
U105421,2026-04-11,2026-04,control,1,1,1,0,0.0,1,1,1
U105422,2026-06-27,2026-06,control,1,0,0,0,0.0,0,0,0
U105423,2026-04-26,2026-04,treatment,1,0,0,0,0.0,1,1,1
U105424,2026-05-01,2026-05,control,1,0,0,0,0.0,0,0,0
U105425,2026-05-17,2026-05,control,1,1,0,0,0.0,1,1,1
U105426,2026-06-28,2026-06,control,1,0,0,0,0.0,0,0,0
U105427,2026-03-30,2026-03,control,1,0,0,0,0.0,0,0,0
U105428,2026-05-29,2026-05,treatment,1,0,0,0,0.0,1,1,1
U105429,2026-06-02,2026-06,control,1,0,0,0,0.0,1,1,1
U105430,2026-05-21,2026-05,treatment,1,0,0,0,0.0,0,0,0
U105431,2026-02-23,2026-02,treatment,1,1,1,1,56.08,0,0,0
U105432,2026-05-29,2026-05,treatment,1,0,0,0,0.0,0,0,0
U105433,2026-02-15,2026-02,control,1,1,0,0,0.0,1,1,1
U105434,2026-05-19,2026-05,control,1,0,0,0,0.0,0,0,0
U105435,2026-06-04,2026-06,control,1,1,0,0,0.0,0,0,0
U105436,2026-03-24,2026-03,control,1,1,1,1,117.52,1,1,1
U105437,2026-06-15,2026-06,treatment,1,0,0,0,0.0,1,1,1
U105438,2026-02-01,2026-02,control,1,0,0,0,0.0,1,1,1
U105439,2026-06-15,2026-06,treatment,1,0,0,0,0.0,1,1,1
U105440,2026-05-03,2026-05,treatment,1,0,0,0,0.0,0,0,0
U105441,2026-03-25,2026-03,treatment,1,0,0,0,0.0,1,1,1
U105442,2026-03-07,2026-03,treatment,1,0,0,0,0.0,0,0,0
U105443,2026-06-25,2026-06,control,1,1,1,0,0.0,0,0,0
U105444,2026-02-18,2026-02,control,1,1,1,0,0.0,0,0,0
U105445,2026-03-22,2026-03,control,1,0,0,0,0.0,0,0,0
U105446,2026-04-17,2026-04,control,1,1,0,0,0.0,1,1,1
U105447,2026-05-22,2026-05,treatment,1,1,0,0,0.0,0,0,0
U105448,2026-05-13,2026-05,control,1,0,0,0,0.0,0,0,0
U105449,2026-03-05,2026-03,control,1,0,0,0,0.0,0,0,0
U105450,2026-04-07,2026-04,treatment,1,0,0,0,0.0,0,0,0
U105451,2026-03-29,2026-03,control,1,0,0,0,0.0,1,1,1
U105452,2026-03-25,2026-03,treatment,1,0,0,0,0.0,0,0,0
U105453,2026-04-26,2026-04,control,1,0,0,0,0.0,0,0,0
U105454,2026-06-01,2026-06,control,1,1,0,0,0.0,0,0,0
U105455,2026-03-25,2026-03,treatment,1,1,0,0,0.0,0,0,0
U105456,2026-04-19,2026-04,treatment,1,0,0,0,0.0,1,1,1
U105457,2026-04-23,2026-04,control,1,1,1,0,0.0,1,1,1
U105458,2026-06-27,2026-06,control,1,1,0,0,0.0,0,0,0
U105459,2026-06-25,2026-06,control,1,0,0,0,0.0,1,1,1
U105460,2026-06-11,2026-06,control,1,1,0,0,0.0,0,0,0
U105461,2026-03-30,2026-03,control,1,0,0,0,0.0,0,0,0
U105462,2026-02-16,2026-02,treatment,1,0,0,0,0.0,1,1,1
U105463,2026-04-12,2026-04,control,1,0,0,0,0.0,0,0,0
U105464,2026-04-03,2026-04,control,1,0,0,0,0.0,1,1,1
U105465,2026-05-09,2026-05,treatment,1,0,0,0,0.0,1,1,1
U105466,2026-06-08,2026-06,control,1,0,0,0,0.0,1,1,1
U105467,2026-06-16,2026-06,control,1,1,0,0,0.0,0,0,0
U105468,2026-06-15,2026-06,treatment,1,1,1,1,41.71,0,0,0
U105469,2026-04-18,2026-04,control,1,0,0,0,0.0,1,1,1
U105470,2026-05-30,2026-05,treatment,1,0,0,0,0.0,0,0,0
U105471,2026-04-11,2026-04,control,1,1,1,0,0.0,0,0,0
U105472,2026-02-14,2026-02,control,1,0,0,0,0.0,0,0,0
U105473,2026-05-31,2026-05,control,1,0,0,0,0.0,0,0,0
U105474,2026-01-18,2026-01,control,1,0,0,0,0.0,1,1,1
U105475,2026-04-26,2026-04,control,1,1,1,1,43.68,0,0,0
U105476,2026-04-14,2026-04,control,1,1,0,0,0.0,0,0,0
U105477,2026-05-30,2026-05,treatment,1,1,1,1,74.96,1,1,1
U105478,2026-06-07,2026-06,treatment,1,0,0,0,0.0,1,1,1
U105479,2026-04-10,2026-04,control,1,1,1,0,0.0,1,1,1
U105480,2026-06-12,2026-06,treatment,1,0,0,0,0.0,0,0,0
U105481,2026-04-08,2026-04,treatment,1,0,0,0,0.0,0,0,0
U105482,2026-05-01,2026-05,treatment,1,0,0,0,0.0,0,0,0
U105483,2026-06-03,2026-06,control,1,1,0,0,0.0,0,0,0
U105484,2026-05-30,2026-05,treatment,1,0,0,0,0.0,0,0,0
U105485,2026-06-28,2026-06,control,1,0,0,0,0.0,0,0,0
U105486,2026-03-27,2026-03,control,1,1,1,0,0.0,0,0,0
U105487,2026-05-27,2026-05,treatment,1,1,1,0,0.0,1,1,1
U105488,2026-05-21,2026-05,treatment,1,1,1,1,75.11,0,0,0
U105489,2026-06-22,2026-06,treatment,1,0,0,0,0.0,0,0,0
U105490,2026-03-13,2026-03,treatment,1,1,1,0,0.0,1,1,1
U105491,2026-06-06,2026-06,control,1,1,1,1,30.33,0,0,0
U105492,2026-05-16,2026-05,treatment,1,0,0,0,0.0,1,1,1
U105493,2026-04-05,2026-04,control,1,0,0,0,0.0,0,0,0
U105494,2026-05-04,2026-05,control,1,0,0,0,0.0,0,0,0
U105495,2026-04-14,2026-04,treatment,1,0,0,0,0.0,0,0,0
U105496,2026-05-18,2026-05,control,1,0,0,0,0.0,0,0,0
U105497,2026-06-19,2026-06,treatment,1,0,0,0,0.0,0,0,0
U105498,2026-05-16,2026-05,control,1,0,0,0,0.0,1,1,1
U105499,2026-05-24,2026-05,treatment,1,0,0,0,0.0,1,1,1
U105500,2026-05-10,2026-05,control,1,1,0,0,0.0,0,0,0
U105501,2026-02-10,2026-02,control,1,0,0,0,0.0,1,1,1
U105502,2026-03-28,2026-03,treatment,1,0,0,0,0.0,0,0,0
U105503,2026-05-07,2026-05,control,1,1,0,0,0.0,1,1,1
U105504,2026-04-11,2026-04,treatment,1,0,0,0,0.0,1,1,1
U105505,2026-03-18,2026-03,treatment,1,0,0,0,0.0,0,0,0
U105506,2026-05-08,2026-05,treatment,1,0,0,0,0.0,0,0,0
U105507,2026-04-13,2026-04,treatment,1,1,1,0,0.0,0,0,0
U105508,2026-04-02,2026-04,control,1,1,1,1,40.65,1,1,1
U105509,2026-05-03,2026-05,treatment,1,1,0,0,0.0,0,0,0
U105510,2026-03-07,2026-03,control,1,1,1,0,0.0,0,0,0
U105511,2026-06-23,2026-06,control,1,0,0,0,0.0,0,0,0
U105512,2026-06-17,2026-06,control,1,1,0,0,0.0,0,0,0
U105513,2026-06-01,2026-06,treatment,1,1,1,0,0.0,0,0,0
U105514,2026-02-28,2026-02,treatment,1,0,0,0,0.0,1,1,1
U105515,2026-06-08,2026-06,treatment,1,1,0,0,0.0,1,1,1
U105516,2026-06-11,2026-06,treatment,1,0,0,0,0.0,0,0,0
U105517,2026-06-07,2026-06,treatment,1,0,0,0,0.0,1,1,1
U105518,2026-03-02,2026-03,treatment,1,1,1,0,0.0,0,0,0
U105519,2026-05-25,2026-05,control,1,0,0,0,0.0,0,0,0
U105520,2026-06-14,2026-06,treatment,1,0,0,0,0.0,0,0,0
U105521,2026-05-17,2026-05,treatment,1,1,0,0,0.0,0,0,0
U105522,2026-05-25,2026-05,control,1,1,1,1,56.9,1,1,1
U105523,2026-05-02,2026-05,treatment,1,1,1,0,0.0,0,0,0
U105524,2026-05-11,2026-05,control,1,0,0,0,0.0,0,0,0
U105525,2026-02-03,2026-02,treatment,1,0,0,0,0.0,0,0,0
U105526,2026-05-24,2026-05,treatment,1,1,1,1,90.77,0,0,0
U105527,2026-02-21,2026-02,treatment,1,0,0,0,0.0,1,1,1
U105528,2026-04-29,2026-04,treatment,1,1,0,0,0.0,1,1,1
U105529,2026-04-08,2026-04,treatment,1,1,0,0,0.0,1,1,1
U105530,2026-05-13,2026-05,treatment,1,1,1,1,57.63,1,1,1
U105531,2026-03-07,2026-03,control,1,0,0,0,0.0,0,0,0
U105532,2026-05-30,2026-05,control,1,0,0,0,0.0,0,0,0
U105533,2026-06-10,2026-06,treatment,1,1,1,1,167.03,0,0,0
U105534,2026-03-14,2026-03,treatment,1,0,0,0,0.0,1,1,1
U105535,2026-02-28,2026-02,treatment,1,1,1,1,55.19,1,1,1
U105536,2026-03-10,2026-03,control,1,1,0,0,0.0,0,0,0
U105537,2026-06-18,2026-06,treatment,1,0,0,0,0.0,0,0,0
U105538,2026-05-11,2026-05,treatment,1,1,1,1,37.38,1,1,1
U105539,2026-05-04,2026-05,control,1,0,0,0,0.0,0,0,0
U105540,2026-02-28,2026-02,treatment,1,0,0,0,0.0,0,0,0
U105541,2026-05-26,2026-05,treatment,1,0,0,0,0.0,0,0,0
U105542,2026-06-17,2026-06,treatment,1,1,0,0,0.0,1,1,1
U105543,2026-06-13,2026-06,treatment,1,0,0,0,0.0,1,1,1
U105544,2026-05-23,2026-05,control,1,0,0,0,0.0,0,0,0
U105545,2026-02-19,2026-02,treatment,1,0,0,0,0.0,0,0,0
U105546,2026-03-02,2026-03,treatment,1,0,0,0,0.0,0,0,0
U105547,2026-02-09,2026-02,control,1,0,0,0,0.0,0,0,0
U105548,2026-04-02,2026-04,treatment,1,0,0,0,0.0,1,1,1
U105549,2026-03-08,2026-03,treatment,1,1,1,1,51.8,1,1,1
U105550,2026-04-02,2026-04,control,1,0,0,0,0.0,0,0,0
U105551,2026-04-22,2026-04,control,1,0,0,0,0.0,0,0,0
U105552,2026-06-24,2026-06,control,1,0,0,0,0.0,1,1,1
U105553,2026-05-21,2026-05,treatment,1,1,1,0,0.0,0,0,0
U105554,2026-06-14,2026-06,treatment,1,0,0,0,0.0,0,0,0
U105555,2026-06-01,2026-06,control,1,1,0,0,0.0,0,0,0
U105556,2026-03-02,2026-03,control,1,1,0,0,0.0,0,0,0
U105557,2026-06-04,2026-06,control,1,1,0,0,0.0,1,1,1
U105558,2026-04-05,2026-04,treatment,1,1,1,1,133.1,0,0,0
U105559,2026-05-24,2026-05,treatment,1,0,0,0,0.0,0,0,0
U105560,2026-04-16,2026-04,treatment,1,1,1,0,0.0,0,0,0
U105561,2026-06-29,2026-06,treatment,1,0,0,0,0.0,0,0,0
U105562,2026-04-03,2026-04,treatment,1,1,1,1,62.16,1,1,1
U105563,2026-04-06,2026-04,control,1,1,0,0,0.0,0,0,0
U105564,2026-06-23,2026-06,treatment,1,1,0,0,0.0,0,0,0
U105565,2026-01-29,2026-01,treatment,1,0,0,0,0.0,0,0,0
U105566,2026-05-31,2026-05,treatment,1,0,0,0,0.0,0,0,0
U105567,2026-06-03,2026-06,treatment,1,0,0,0,0.0,0,0,0
U105568,2026-06-14,2026-06,treatment,1,0,0,0,0.0,0,0,0
U105569,2026-06-27,2026-06,treatment,1,0,0,0,0.0,1,1,1
U105570,2026-06-27,2026-06,treatment,1,0,0,0,0.0,0,0,0
U105571,2026-02-15,2026-02,treatment,1,1,0,0,0.0,1,1,1
U105572,2026-06-13,2026-06,treatment,1,0,0,0,0.0,0,0,0
U105573,2026-05-25,2026-05,control,1,1,1,0,0.0,1,1,1
U105574,2026-05-25,2026-05,control,1,0,0,0,0.0,0,0,0
U105575,2026-03-06,2026-03,treatment,1,1,1,0,0.0,0,0,0
U105576,2026-05-26,2026-05,control,1,1,0,0,0.0,1,1,1
U105577,2026-06-28,2026-06,control,1,0,0,0,0.0,0,0,0
U105578,2026-06-21,2026-06,control,1,0,0,0,0.0,0,0,0
U105579,2026-04-30,2026-04,treatment,1,0,0,0,0.0,0,0,0
U105580,2026-02-05,2026-02,treatment,1,1,1,0,0.0,0,0,0
U105581,2026-04-19,2026-04,control,1,0,0,0,0.0,0,0,0
U105582,2026-06-13,2026-06,control,1,0,0,0,0.0,1,1,1
U105583,2026-05-31,2026-05,treatment,1,0,0,0,0.0,1,1,1
U105584,2026-05-02,2026-05,control,1,0,0,0,0.0,0,0,0
U105585,2026-02-12,2026-02,control,1,1,1,0,0.0,0,0,0
U105586,2026-04-28,2026-04,treatment,1,0,0,0,0.0,0,0,0
U105587,2026-05-04,2026-05,treatment,1,0,0,0,0.0,0,0,0
U105588,2026-06-23,2026-06,control,1,0,0,0,0.0,0,0,0
U105589,2026-05-25,2026-05,treatment,1,1,1,1,24.48,0,0,0
U105590,2026-04-11,2026-04,control,1,0,0,0,0.0,0,0,0
U105591,2026-05-11,2026-05,treatment,1,1,1,1,43.89,0,0,0
U105592,2026-02-16,2026-02,control,1,0,0,0,0.0,0,0,0
U105593,2026-06-27,2026-06,control,1,1,0,0,0.0,1,1,1
U105594,2026-04-19,2026-04,treatment,1,1,0,0,0.0,1,1,1
U105595,2026-05-05,2026-05,treatment,1,0,0,0,0.0,0,0,0
U105596,2026-04-18,2026-04,control,1,0,0,0,0.0,0,0,0
U105597,2026-05-29,2026-05,control,1,0,0,0,0.0,0,0,0
U105598,2026-05-27,2026-05,treatment,1,1,0,0,0.0,1,1,1
U105599,2026-06-02,2026-06,treatment,1,0,0,0,0.0,0,0,0
U105600,2026-04-04,2026-04,control,1,0,0,0,0.0,0,0,0
U105601,2026-04-12,2026-04,treatment,1,0,0,0,0.0,1,1,1
U105602,2026-03-05,2026-03,control,1,0,0,0,0.0,1,1,1
U105603,2026-05-26,2026-05,treatment,1,0,0,0,0.0,0,0,0
U105604,2026-02-05,2026-02,control,1,1,1,1,30.17,0,0,0
U105605,2026-05-20,2026-05,control,1,1,0,0,0.0,0,0,0
U105606,2026-06-17,2026-06,control,1,0,0,0,0.0,1,1,1
U105607,2026-06-19,2026-06,control,1,1,1,1,355.2,0,0,0
U105608,2026-05-01,2026-05,control,1,1,1,0,0.0,1,1,1
U105609,2026-05-02,2026-05,control,1,1,1,0,0.0,1,1,1
U105610,2026-02-19,2026-02,control,1,0,0,0,0.0,1,1,1
U105611,2026-05-28,2026-05,control,1,0,0,0,0.0,0,0,0
U105612,2026-06-13,2026-06,treatment,1,1,1,1,89.4,1,1,1
U105613,2026-03-31,2026-03,control,1,1,1,0,0.0,0,0,0
U105614,2026-04-27,2026-04,treatment,1,0,0,0,0.0,1,1,1
U105615,2026-06-14,2026-06,control,1,0,0,0,0.0,0,0,0
U105616,2026-06-18,2026-06,control,1,0,0,0,0.0,1,1,1
U105617,2026-03-30,2026-03,treatment,1,0,0,0,0.0,0,0,0
U105618,2026-05-14,2026-05,treatment,1,0,0,0,0.0,0,0,0
U105619,2026-03-20,2026-03,control,1,0,0,0,0.0,1,1,1
U105620,2026-02-27,2026-02,control,1,0,0,0,0.0,0,0,0
U105621,2026-06-21,2026-06,treatment,1,1,1,1,84.17,0,0,0
U105622,2026-06-13,2026-06,treatment,1,0,0,0,0.0,0,0,0
U105623,2026-06-06,2026-06,treatment,1,0,0,0,0.0,0,0,0
U105624,2026-02-09,2026-02,control,1,0,0,0,0.0,0,0,0
U105625,2026-06-15,2026-06,control,1,0,0,0,0.0,1,1,1
U105626,2026-04-30,2026-04,treatment,1,0,0,0,0.0,0,0,0
U105627,2026-04-16,2026-04,treatment,1,1,1,1,36.91,0,0,0
U105628,2026-05-14,2026-05,treatment,1,0,0,0,0.0,0,0,0
U105629,2026-02-24,2026-02,treatment,1,1,1,0,0.0,0,0,0
U105630,2026-06-06,2026-06,treatment,1,1,1,1,23.32,1,1,1
U105631,2026-05-18,2026-05,control,1,1,1,1,38.34,0,0,0
U105632,2026-03-19,2026-03,control,1,1,1,0,0.0,0,0,0
U105633,2026-03-20,2026-03,treatment,1,1,0,0,0.0,0,0,0
U105634,2026-03-19,2026-03,control,1,0,0,0,0.0,1,1,1
U105635,2026-02-12,2026-02,control,1,1,1,1,93.93,0,0,0
U105636,2026-05-19,2026-05,control,1,0,0,0,0.0,1,1,1
U105637,2026-06-15,2026-06,control,1,0,0,0,0.0,1,1,1
U105638,2026-01-24,2026-01,control,1,0,0,0,0.0,1,1,1
U105639,2026-02-09,2026-02,treatment,1,1,1,1,114.84,1,1,1
U105640,2026-05-17,2026-05,control,1,0,0,0,0.0,0,0,0
U105641,2026-06-12,2026-06,treatment,1,1,1,1,51.19,1,1,1
U105642,2026-04-13,2026-04,control,1,0,0,0,0.0,0,0,0
U105643,2026-04-17,2026-04,control,1,1,0,0,0.0,0,0,0
U105644,2026-05-20,2026-05,treatment,1,0,0,0,0.0,0,0,0
U105645,2026-04-05,2026-04,treatment,1,0,0,0,0.0,1,1,1
U105646,2026-01-30,2026-01,control,1,0,0,0,0.0,0,0,0
U105647,2026-06-04,2026-06,treatment,1,0,0,0,0.0,0,0,0
U105648,2026-05-23,2026-05,control,1,0,0,0,0.0,1,1,1
U105649,2026-05-18,2026-05,treatment,1,1,1,0,0.0,0,0,0
U105650,2026-06-05,2026-06,control,1,0,0,0,0.0,0,0,0
U105651,2026-05-28,2026-05,control,1,1,0,0,0.0,0,0,0
U105652,2026-03-23,2026-03,treatment,1,0,0,0,0.0,1,1,1
U105653,2026-04-17,2026-04,treatment,1,0,0,0,0.0,0,0,0
U105654,2026-03-05,2026-03,control,1,0,0,0,0.0,0,0,0
U105655,2026-03-06,2026-03,treatment,1,0,0,0,0.0,0,0,0
U105656,2026-05-29,2026-05,control,1,1,0,0,0.0,0,0,0
U105657,2026-06-16,2026-06,treatment,1,1,0,0,0.0,0,0,0
U105658,2026-06-26,2026-06,control,1,0,0,0,0.0,1,1,1
U105659,2026-05-23,2026-05,treatment,1,1,0,0,0.0,0,0,0
U105660,2026-03-19,2026-03,control,1,0,0,0,0.0,1,1,1
U105661,2026-02-28,2026-02,control,1,1,0,0,0.0,0,0,0
U105662,2026-06-12,2026-06,treatment,1,1,1,0,0.0,0,0,0
U105663,2026-05-17,2026-05,treatment,1,1,1,1,49.22,1,1,1
U105664,2026-05-22,2026-05,treatment,1,0,0,0,0.0,1,1,1
U105665,2026-06-09,2026-06,control,1,0,0,0,0.0,0,0,0
U105666,2026-05-31,2026-05,treatment,1,0,0,0,0.0,0,0,0
U105667,2026-06-14,2026-06,treatment,1,1,0,0,0.0,0,0,0
U105668,2026-02-12,2026-02,treatment,1,1,1,0,0.0,1,1,1
U105669,2026-06-05,2026-06,treatment,1,0,0,0,0.0,0,0,0
U105670,2026-06-16,2026-06,control,1,1,1,0,0.0,0,0,0
U105671,2026-04-07,2026-04,treatment,1,1,1,1,63.46,0,0,0
U105672,2026-05-25,2026-05,treatment,1,0,0,0,0.0,0,0,0
U105673,2026-04-11,2026-04,control,1,1,0,0,0.0,0,0,0
U105674,2026-06-26,2026-06,treatment,1,0,0,0,0.0,1,1,1
U105675,2026-02-02,2026-02,treatment,1,0,0,0,0.0,0,0,0
U105676,2026-05-18,2026-05,treatment,1,0,0,0,0.0,1,1,1
U105677,2026-03-15,2026-03,control,1,0,0,0,0.0,1,1,1
U105678,2026-06-01,2026-06,treatment,1,1,1,1,48.35,0,0,0
U105679,2026-03-17,2026-03,control,1,0,0,0,0.0,0,0,0
U105680,2026-03-29,2026-03,treatment,1,0,0,0,0.0,1,1,1
U105681,2026-05-07,2026-05,treatment,1,0,0,0,0.0,1,1,1
U105682,2026-06-22,2026-06,treatment,1,0,0,0,0.0,0,0,0
U105683,2026-03-24,2026-03,control,1,0,0,0,0.0,1,1,1
U105684,2026-03-10,2026-03,treatment,1,0,0,0,0.0,0,0,0
U105685,2026-06-06,2026-06,treatment,1,0,0,0,0.0,0,0,0
U105686,2026-05-08,2026-05,control,1,1,0,0,0.0,0,0,0
U105687,2026-06-21,2026-06,treatment,1,1,1,0,0.0,1,1,1
U105688,2026-03-10,2026-03,treatment,1,0,0,0,0.0,0,0,0
U105689,2026-05-25,2026-05,treatment,1,1,1,1,21.33,1,1,1
U105690,2026-03-28,2026-03,control,1,1,1,0,0.0,0,0,0
U105691,2026-03-13,2026-03,control,1,1,1,1,43.57,0,0,0
U105692,2026-05-29,2026-05,treatment,1,1,0,0,0.0,1,1,1
U105693,2026-05-19,2026-05,control,1,1,0,0,0.0,1,1,1
U105694,2026-06-06,2026-06,control,1,0,0,0,0.0,0,0,0
U105695,2026-04-11,2026-04,treatment,1,1,1,1,38.87,0,0,0
U105696,2026-05-01,2026-05,control,1,1,1,1,34.6,0,0,0
U105697,2026-04-25,2026-04,treatment,1,0,0,0,0.0,1,1,1
U105698,2026-06-28,2026-06,treatment,1,1,1,1,63.54,0,0,0
U105699,2026-04-08,2026-04,treatment,1,1,1,1,143.6,1,1,1
U105700,2026-04-08,2026-04,treatment,1,0,0,0,0.0,1,1,1
U105701,2026-04-18,2026-04,control,1,1,0,0,0.0,1,1,1
U105702,2026-05-16,2026-05,control,1,0,0,0,0.0,0,0,0
U105703,2026-04-01,2026-04,treatment,1,1,1,0,0.0,0,0,0
U105704,2026-06-22,2026-06,control,1,0,0,0,0.0,0,0,0
U105705,2026-04-03,2026-04,treatment,1,1,0,0,0.0,1,1,1
U105706,2026-06-20,2026-06,treatment,1,0,0,0,0.0,0,0,0
U105707,2026-02-27,2026-02,control,1,1,0,0,0.0,0,0,0
U105708,2026-05-26,2026-05,treatment,1,1,1,1,90.92,1,1,1
U105709,2026-06-21,2026-06,control,1,0,0,0,0.0,0,0,0
U105710,2026-03-15,2026-03,control,1,1,0,0,0.0,0,0,0
U105711,2026-06-27,2026-06,treatment,1,0,0,0,0.0,1,1,1
U105712,2026-05-02,2026-05,treatment,1,1,1,1,71.46,0,0,0
U105713,2026-06-25,2026-06,treatment,1,1,1,0,0.0,1,1,1
U105714,2026-05-29,2026-05,control,1,1,1,1,25.56,0,0,0
U105715,2026-04-09,2026-04,control,1,1,1,1,54.18,0,0,0
U105716,2026-03-20,2026-03,control,1,0,0,0,0.0,0,0,0
U105717,2026-04-10,2026-04,control,1,0,0,0,0.0,1,1,1
U105718,2026-02-24,2026-02,control,1,1,1,0,0.0,1,1,1
U105719,2026-03-10,2026-03,treatment,1,0,0,0,0.0,0,0,0
U105720,2026-02-28,2026-02,treatment,1,0,0,0,0.0,1,1,1
U105721,2026-04-28,2026-04,control,1,0,0,0,0.0,0,0,0
U105722,2026-06-10,2026-06,control,1,0,0,0,0.0,0,0,0
U105723,2026-03-09,2026-03,treatment,1,0,0,0,0.0,0,0,0
U105724,2026-03-06,2026-03,treatment,1,1,1,1,95.56,1,1,1
U105725,2026-05-25,2026-05,treatment,1,1,1,1,12.02,0,0,0
U105726,2026-03-21,2026-03,control,1,1,1,0,0.0,1,1,1
U105727,2026-02-26,2026-02,control,1,0,0,0,0.0,0,0,0
U105728,2026-03-15,2026-03,treatment,1,0,0,0,0.0,0,0,0
U105729,2026-06-22,2026-06,treatment,1,0,0,0,0.0,1,1,1
U105730,2026-06-13,2026-06,control,1,1,0,0,0.0,1,1,1
U105731,2026-04-18,2026-04,treatment,1,0,0,0,0.0,0,0,0
U105732,2026-05-26,2026-05,control,1,0,0,0,0.0,0,0,0
U105733,2026-05-12,2026-05,control,1,0,0,0,0.0,1,1,1
U105734,2026-05-29,2026-05,treatment,1,1,1,1,38.63,0,0,0
U105735,2026-05-29,2026-05,control,1,1,1,0,0.0,0,0,0
U105736,2026-05-23,2026-05,treatment,1,0,0,0,0.0,0,0,0
U105737,2026-04-03,2026-04,control,1,0,0,0,0.0,1,1,1
U105738,2026-02-05,2026-02,control,1,1,1,1,44.2,0,0,0
U105739,2026-05-02,2026-05,control,1,0,0,0,0.0,0,0,0
U105740,2026-06-19,2026-06,control,1,1,0,0,0.0,0,0,0
U105741,2026-05-16,2026-05,control,1,1,0,0,0.0,0,0,0
U105742,2026-06-14,2026-06,treatment,1,1,0,0,0.0,0,0,0
U105743,2026-06-29,2026-06,treatment,1,1,1,1,60.99,1,1,1
U105744,2026-03-14,2026-03,control,1,1,1,0,0.0,0,0,0
U105745,2026-05-30,2026-05,control,1,1,1,0,0.0,0,0,0
U105746,2026-05-28,2026-05,treatment,1,0,0,0,0.0,1,1,1
U105747,2026-06-28,2026-06,control,1,0,0,0,0.0,1,1,1
U105748,2026-06-28,2026-06,control,1,1,1,0,0.0,1,1,1
U105749,2026-05-30,2026-05,control,1,0,0,0,0.0,1,1,1
U105750,2026-03-30,2026-03,treatment,1,1,1,1,60.76,0,0,0
U105751,2026-06-10,2026-06,control,1,0,0,0,0.0,1,1,1
U105752,2026-02-28,2026-02,treatment,1,1,1,1,27.0,1,1,1
U105753,2026-06-09,2026-06,control,1,0,0,0,0.0,0,0,0
U105754,2026-06-21,2026-06,control,1,1,1,1,41.22,0,0,0
U105755,2026-04-22,2026-04,control,1,0,0,0,0.0,1,1,1
U105756,2026-05-23,2026-05,treatment,1,1,1,1,38.98,0,0,0
U105757,2026-04-29,2026-04,treatment,1,0,0,0,0.0,0,0,0
U105758,2026-04-30,2026-04,control,1,0,0,0,0.0,1,1,1
U105759,2026-04-11,2026-04,control,1,0,0,0,0.0,0,0,0
U105760,2026-06-07,2026-06,treatment,1,1,1,0,0.0,0,0,0
U105761,2026-06-24,2026-06,treatment,1,0,0,0,0.0,1,1,1
U105762,2026-06-24,2026-06,control,1,1,0,0,0.0,0,0,0
U105763,2026-03-17,2026-03,treatment,1,1,1,0,0.0,1,1,1
U105764,2026-06-18,2026-06,control,1,1,1,0,0.0,0,0,0
U105765,2026-06-04,2026-06,control,1,1,0,0,0.0,1,1,1
U105766,2026-04-01,2026-04,control,1,0,0,0,0.0,1,1,1
U105767,2026-02-16,2026-02,treatment,1,1,1,0,0.0,0,0,0
U105768,2026-04-04,2026-04,control,1,1,0,0,0.0,1,1,1
U105769,2026-06-21,2026-06,treatment,1,0,0,0,0.0,1,1,1
U105770,2026-05-24,2026-05,treatment,1,0,0,0,0.0,0,0,0
U105771,2026-06-02,2026-06,treatment,1,0,0,0,0.0,0,0,0
U105772,2026-04-02,2026-04,control,1,0,0,0,0.0,0,0,0
U105773,2026-06-02,2026-06,control,1,0,0,0,0.0,1,1,1
U105774,2026-01-31,2026-01,treatment,1,1,1,1,30.92,0,0,0
U105775,2026-04-21,2026-04,treatment,1,1,0,0,0.0,0,0,0
U105776,2026-05-23,2026-05,treatment,1,0,0,0,0.0,1,1,1
U105777,2026-03-10,2026-03,control,1,1,1,1,78.28,0,0,0
U105778,2026-06-13,2026-06,control,1,0,0,0,0.0,0,0,0
U105779,2026-03-29,2026-03,treatment,1,0,0,0,0.0,0,0,0
U105780,2026-05-26,2026-05,control,1,1,1,1,55.65,0,0,0
U105781,2026-04-25,2026-04,treatment,1,1,0,0,0.0,0,0,0
U105782,2026-05-19,2026-05,control,1,0,0,0,0.0,1,1,1
U105783,2026-03-01,2026-03,control,1,0,0,0,0.0,0,0,0
U105784,2026-01-24,2026-01,control,1,0,0,0,0.0,0,0,0
U105785,2026-06-21,2026-06,control,1,0,0,0,0.0,0,0,0
U105786,2026-04-04,2026-04,control,1,1,1,1,34.0,0,0,0
U105787,2026-06-12,2026-06,treatment,1,1,1,1,65.75,0,0,0
U105788,2026-06-29,2026-06,control,1,1,0,0,0.0,1,1,1
U105789,2026-03-24,2026-03,control,1,0,0,0,0.0,0,0,0
U105790,2026-04-03,2026-04,treatment,1,1,1,0,0.0,1,1,1
U105791,2026-05-27,2026-05,control,1,0,0,0,0.0,1,1,1
U105792,2026-06-26,2026-06,control,1,1,1,0,0.0,0,0,0
U105793,2026-06-22,2026-06,treatment,1,0,0,0,0.0,1,1,1
U105794,2026-05-08,2026-05,treatment,1,1,0,0,0.0,1,1,1
U105795,2026-06-10,2026-06,control,1,1,0,0,0.0,1,1,1
U105796,2026-03-08,2026-03,control,1,1,0,0,0.0,0,0,0
U105797,2026-06-27,2026-06,treatment,1,0,0,0,0.0,0,0,0
U105798,2026-06-26,2026-06,control,1,1,1,1,40.1,0,0,0
U105799,2026-03-14,2026-03,treatment,1,1,1,0,0.0,0,0,0
U105800,2026-04-09,2026-04,treatment,1,1,1,1,22.29,0,0,0
U105801,2026-02-26,2026-02,treatment,1,0,0,0,0.0,0,0,0
U105802,2026-04-04,2026-04,control,1,0,0,0,0.0,0,0,0
U105803,2026-06-12,2026-06,control,1,0,0,0,0.0,0,0,0
U105804,2026-04-21,2026-04,treatment,1,0,0,0,0.0,0,0,0
U105805,2026-02-23,2026-02,control,1,1,0,0,0.0,0,0,0
U105806,2026-04-16,2026-04,control,1,1,0,0,0.0,0,0,0
U105807,2026-06-28,2026-06,treatment,1,0,0,0,0.0,0,0,0
U105808,2026-05-23,2026-05,control,1,1,0,0,0.0,0,0,0
U105809,2026-04-27,2026-04,control,1,0,0,0,0.0,0,0,0
U105810,2026-03-15,2026-03,treatment,1,0,0,0,0.0,0,0,0
U105811,2026-06-28,2026-06,control,1,0,0,0,0.0,0,0,0
U105812,2026-06-13,2026-06,control,1,1,1,0,0.0,0,0,0
U105813,2026-04-06,2026-04,control,1,1,1,0,0.0,0,0,0
U105814,2026-02-17,2026-02,treatment,1,0,0,0,0.0,0,0,0
U105815,2026-02-12,2026-02,control,1,1,0,0,0.0,0,0,0
U105816,2026-03-04,2026-03,control,1,0,0,0,0.0,0,0,0
U105817,2026-05-18,2026-05,treatment,1,0,0,0,0.0,1,1,1
U105818,2026-06-23,2026-06,treatment,1,0,0,0,0.0,0,0,0
U105819,2026-05-07,2026-05,control,1,0,0,0,0.0,0,0,0
U105820,2026-06-15,2026-06,treatment,1,1,1,0,0.0,1,1,1
U105821,2026-05-01,2026-05,control,1,1,1,0,0.0,1,1,1
U105822,2026-06-01,2026-06,treatment,1,0,0,0,0.0,0,0,0
U105823,2026-06-03,2026-06,control,1,0,0,0,0.0,0,0,0
U105824,2026-03-17,2026-03,control,1,0,0,0,0.0,1,1,1
U105825,2026-04-19,2026-04,treatment,1,0,0,0,0.0,0,0,0
U105826,2026-05-24,2026-05,control,1,0,0,0,0.0,0,0,0
U105827,2026-02-17,2026-02,control,1,0,0,0,0.0,0,0,0
U105828,2026-04-19,2026-04,control,1,1,0,0,0.0,0,0,0
U105829,2026-05-12,2026-05,treatment,1,0,0,0,0.0,1,1,1
U105830,2026-06-29,2026-06,control,1,0,0,0,0.0,0,0,0
U105831,2026-05-04,2026-05,control,1,1,0,0,0.0,1,1,1
U105832,2026-06-12,2026-06,control,1,0,0,0,0.0,0,0,0
U105833,2026-04-29,2026-04,control,1,0,0,0,0.0,0,0,0
U105834,2026-06-10,2026-06,control,1,0,0,0,0.0,0,0,0
U105835,2026-05-19,2026-05,control,1,0,0,0,0.0,1,1,1
U105836,2026-06-19,2026-06,control,1,0,0,0,0.0,0,0,0
U105837,2026-04-26,2026-04,control,1,0,0,0,0.0,1,1,1
U105838,2026-05-20,2026-05,treatment,1,1,1,1,58.58,1,1,1
U105839,2026-05-23,2026-05,treatment,1,1,0,0,0.0,0,0,0
U105840,2026-04-27,2026-04,treatment,1,1,0,0,0.0,1,1,1
U105841,2026-03-10,2026-03,control,1,0,0,0,0.0,0,0,0
U105842,2026-02-25,2026-02,treatment,1,0,0,0,0.0,1,1,1
U105843,2026-01-24,2026-01,control,1,0,0,0,0.0,0,0,0
U105844,2026-06-18,2026-06,treatment,1,0,0,0,0.0,0,0,0
U105845,2026-03-29,2026-03,control,1,0,0,0,0.0,0,0,0
U105846,2026-03-24,2026-03,control,1,0,0,0,0.0,0,0,0
U105847,2026-06-04,2026-06,control,1,0,0,0,0.0,0,0,0
U105848,2026-04-12,2026-04,control,1,0,0,0,0.0,0,0,0
U105849,2026-05-09,2026-05,treatment,1,0,0,0,0.0,1,1,1
U105850,2026-03-14,2026-03,treatment,1,0,0,0,0.0,0,0,0
U105851,2026-06-26,2026-06,treatment,1,0,0,0,0.0,0,0,0
U105852,2026-06-16,2026-06,treatment,1,0,0,0,0.0,0,0,0
U105853,2026-06-17,2026-06,control,1,0,0,0,0.0,0,0,0
U105854,2026-04-25,2026-04,control,1,0,0,0,0.0,0,0,0
U105855,2026-06-07,2026-06,treatment,1,0,0,0,0.0,1,1,1
U105856,2026-03-10,2026-03,treatment,1,0,0,0,0.0,0,0,0
U105857,2026-01-17,2026-01,treatment,1,0,0,0,0.0,0,0,0
U105858,2026-01-26,2026-01,control,1,1,1,1,61.07,1,1,1
U105859,2026-05-18,2026-05,treatment,1,0,0,0,0.0,0,0,0
U105860,2026-05-02,2026-05,treatment,1,0,0,0,0.0,1,1,1
U105861,2026-05-10,2026-05,control,1,0,0,0,0.0,1,1,1
U105862,2026-01-16,2026-01,control,1,0,0,0,0.0,1,1,1
U105863,2026-04-28,2026-04,control,1,0,0,0,0.0,1,1,1
U105864,2026-06-02,2026-06,treatment,1,1,0,0,0.0,0,0,0
U105865,2026-04-30,2026-04,control,1,1,1,0,0.0,1,1,1
U105866,2026-06-04,2026-06,control,1,0,0,0,0.0,1,1,1
U105867,2026-03-28,2026-03,control,1,1,1,1,46.22,1,1,1
U105868,2026-06-12,2026-06,treatment,1,0,0,0,0.0,0,0,0
U105869,2026-05-19,2026-05,control,1,0,0,0,0.0,0,0,0
U105870,2026-03-24,2026-03,control,1,1,0,0,0.0,1,1,1
U105871,2026-03-29,2026-03,treatment,1,0,0,0,0.0,0,0,0
U105872,2026-05-23,2026-05,treatment,1,0,0,0,0.0,0,0,0
U105873,2026-06-13,2026-06,control,1,1,0,0,0.0,0,0,0
U105874,2026-04-27,2026-04,treatment,1,0,0,0,0.0,0,0,0
U105875,2026-04-02,2026-04,treatment,1,1,0,0,0.0,1,1,1
U105876,2026-06-17,2026-06,control,1,1,1,1,59.94,0,0,0
U105877,2026-05-28,2026-05,control,1,1,1,0,0.0,0,0,0
U105878,2026-05-01,2026-05,control,1,0,0,0,0.0,0,0,0
U105879,2026-05-06,2026-05,control,1,0,0,0,0.0,0,0,0
U105880,2026-03-23,2026-03,control,1,1,1,0,0.0,1,1,1
U105881,2026-05-23,2026-05,treatment,1,1,1,1,60.17,1,1,1
U105882,2026-04-18,2026-04,control,1,0,0,0,0.0,1,1,1
U105883,2026-06-29,2026-06,treatment,1,1,0,0,0.0,1,1,1
U105884,2026-05-05,2026-05,control,1,0,0,0,0.0,0,0,0
U105885,2026-05-06,2026-05,treatment,1,0,0,0,0.0,1,1,1
U105886,2026-05-16,2026-05,control,1,0,0,0,0.0,1,1,1
U105887,2026-06-22,2026-06,treatment,1,0,0,0,0.0,0,0,0
U105888,2026-06-11,2026-06,treatment,1,1,1,0,0.0,0,0,0
U105889,2026-05-01,2026-05,treatment,1,0,0,0,0.0,0,0,0
U105890,2026-06-02,2026-06,control,1,1,1,1,62.22,0,0,0
U105891,2026-05-18,2026-05,treatment,1,0,0,0,0.0,0,0,0
U105892,2026-05-07,2026-05,treatment,1,0,0,0,0.0,0,0,0
U105893,2026-03-20,2026-03,treatment,1,1,1,0,0.0,0,0,0
U105894,2026-05-03,2026-05,control,1,0,0,0,0.0,0,0,0
U105895,2026-03-31,2026-03,treatment,1,1,1,1,43.73,0,0,0
U105896,2026-06-22,2026-06,control,1,0,0,0,0.0,0,0,0
U105897,2026-04-15,2026-04,treatment,1,0,0,0,0.0,0,0,0
U105898,2026-06-25,2026-06,treatment,1,1,1,1,34.67,0,0,0
U105899,2026-05-12,2026-05,control,1,1,1,0,0.0,1,1,1
U105900,2026-05-24,2026-05,control,1,0,0,0,0.0,1,1,1
U105901,2026-05-13,2026-05,control,1,1,1,1,97.44,1,1,1
U105902,2026-03-06,2026-03,treatment,1,1,1,0,0.0,0,0,0
U105903,2026-04-21,2026-04,control,1,0,0,0,0.0,1,1,1
U105904,2026-02-26,2026-02,control,1,1,0,0,0.0,0,0,0
U105905,2026-05-23,2026-05,treatment,1,0,0,0,0.0,0,0,0
U105906,2026-05-01,2026-05,control,1,0,0,0,0.0,1,1,1
U105907,2026-06-08,2026-06,control,1,0,0,0,0.0,0,0,0
U105908,2026-03-26,2026-03,treatment,1,0,0,0,0.0,0,0,0
U105909,2026-03-15,2026-03,control,1,0,0,0,0.0,1,1,1
U105910,2026-04-25,2026-04,control,1,0,0,0,0.0,0,0,0
U105911,2026-06-23,2026-06,control,1,0,0,0,0.0,0,0,0
U105912,2026-06-01,2026-06,treatment,1,1,1,1,130.8,1,1,1
U105913,2026-04-27,2026-04,treatment,1,0,0,0,0.0,1,1,1
U105914,2026-05-10,2026-05,control,1,1,1,0,0.0,0,0,0
U105915,2026-02-22,2026-02,control,1,0,0,0,0.0,0,0,0
U105916,2026-06-28,2026-06,control,1,1,0,0,0.0,0,0,0
U105917,2026-05-27,2026-05,treatment,1,0,0,0,0.0,1,1,1
U105918,2026-04-07,2026-04,control,1,0,0,0,0.0,0,0,0
U105919,2026-05-18,2026-05,treatment,1,0,0,0,0.0,1,1,1
U105920,2026-03-01,2026-03,control,1,0,0,0,0.0,1,1,1
U105921,2026-06-26,2026-06,treatment,1,0,0,0,0.0,1,1,1
U105922,2026-03-17,2026-03,treatment,1,1,0,0,0.0,0,0,0
U105923,2026-05-25,2026-05,treatment,1,1,0,0,0.0,1,1,1
U105924,2026-03-31,2026-03,control,1,1,1,1,87.28,0,0,0
U105925,2026-06-02,2026-06,treatment,1,0,0,0,0.0,0,0,0
U105926,2026-06-08,2026-06,control,1,0,0,0,0.0,0,0,0
U105927,2026-05-28,2026-05,control,1,1,0,0,0.0,0,0,0
U105928,2026-05-22,2026-05,control,1,0,0,0,0.0,0,0,0
U105929,2026-06-20,2026-06,treatment,1,1,1,0,0.0,1,1,1
U105930,2026-02-20,2026-02,treatment,1,0,0,0,0.0,1,1,1
U105931,2026-04-14,2026-04,treatment,1,1,1,0,0.0,0,0,0
U105932,2026-03-31,2026-03,treatment,1,1,1,1,54.62,0,0,0
U105933,2026-06-28,2026-06,control,1,1,1,0,0.0,0,0,0
U105934,2026-04-23,2026-04,treatment,1,0,0,0,0.0,1,1,1
U105935,2026-06-04,2026-06,treatment,1,0,0,0,0.0,0,0,0
U105936,2026-05-29,2026-05,treatment,1,1,0,0,0.0,1,1,1
U105937,2026-03-24,2026-03,control,1,1,1,0,0.0,0,0,0
U105938,2026-03-29,2026-03,treatment,1,0,0,0,0.0,1,1,1
U105939,2026-04-06,2026-04,treatment,1,0,0,0,0.0,0,0,0
U105940,2026-04-26,2026-04,treatment,1,1,1,1,56.04,0,0,0
U105941,2026-03-29,2026-03,control,1,0,0,0,0.0,1,1,1
U105942,2026-01-26,2026-01,treatment,1,1,0,0,0.0,0,0,0
U105943,2026-06-18,2026-06,treatment,1,1,0,0,0.0,1,1,1
U105944,2026-06-26,2026-06,control,1,1,1,1,43.19,0,0,0
U105945,2026-04-16,2026-04,control,1,0,0,0,0.0,1,1,1
U105946,2026-04-15,2026-04,control,1,0,0,0,0.0,1,1,1
U105947,2026-01-16,2026-01,treatment,1,0,0,0,0.0,0,0,0
U105948,2026-05-29,2026-05,control,1,1,1,0,0.0,1,1,1
U105949,2026-06-13,2026-06,control,1,0,0,0,0.0,0,0,0
U105950,2026-03-10,2026-03,treatment,1,0,0,0,0.0,0,0,0
U105951,2026-03-13,2026-03,treatment,1,0,0,0,0.0,1,1,1
U105952,2026-06-09,2026-06,control,1,0,0,0,0.0,0,0,0
U105953,2026-05-22,2026-05,control,1,1,1,1,44.1,0,0,0
U105954,2026-02-08,2026-02,treatment,1,1,0,0,0.0,0,0,0
U105955,2026-05-23,2026-05,treatment,1,1,0,0,0.0,0,0,0
U105956,2026-04-11,2026-04,control,1,0,0,0,0.0,0,0,0
U105957,2026-04-20,2026-04,treatment,1,1,0,0,0.0,1,1,1
U105958,2026-06-07,2026-06,control,1,0,0,0,0.0,0,0,0
U105959,2026-06-12,2026-06,treatment,1,1,1,1,74.72,0,0,0
U105960,2026-04-24,2026-04,control,1,0,0,0,0.0,1,1,1
U105961,2026-06-25,2026-06,control,1,0,0,0,0.0,0,0,0
U105962,2026-04-25,2026-04,control,1,0,0,0,0.0,1,1,1
U105963,2026-06-08,2026-06,control,1,0,0,0,0.0,0,0,0
U105964,2026-05-06,2026-05,treatment,1,1,0,0,0.0,1,1,1
U105965,2026-06-20,2026-06,treatment,1,0,0,0,0.0,0,0,0
U105966,2026-06-21,2026-06,treatment,1,0,0,0,0.0,1,1,1
U105967,2026-02-23,2026-02,control,1,1,0,0,0.0,1,1,1
U105968,2026-06-24,2026-06,control,1,0,0,0,0.0,0,0,0
U105969,2026-06-13,2026-06,control,1,0,0,0,0.0,0,0,0
U105970,2026-06-10,2026-06,control,1,0,0,0,0.0,1,1,1
U105971,2026-03-22,2026-03,treatment,1,1,1,0,0.0,0,0,0
U105972,2026-06-11,2026-06,control,1,0,0,0,0.0,0,0,0
U105973,2026-06-15,2026-06,treatment,1,1,0,0,0.0,0,0,0
U105974,2026-04-07,2026-04,treatment,1,0,0,0,0.0,0,0,0
U105975,2026-06-25,2026-06,control,1,0,0,0,0.0,0,0,0
U105976,2026-02-10,2026-02,treatment,1,0,0,0,0.0,0,0,0
U105977,2026-03-11,2026-03,control,1,1,0,0,0.0,0,0,0
U105978,2026-05-12,2026-05,control,1,0,0,0,0.0,1,1,1
U105979,2026-05-17,2026-05,treatment,1,1,1,0,0.0,1,1,1
U105980,2026-05-25,2026-05,control,1,0,0,0,0.0,0,0,0
U105981,2026-01-24,2026-01,control,1,0,0,0,0.0,0,0,0
U105982,2026-06-26,2026-06,treatment,1,1,1,0,0.0,1,1,1
U105983,2026-02-08,2026-02,control,1,1,0,0,0.0,1,1,1
U105984,2026-03-10,2026-03,treatment,1,0,0,0,0.0,1,1,1
U105985,2026-01-22,2026-01,control,1,1,1,1,38.53,1,1,1
U105986,2026-05-16,2026-05,control,1,1,1,0,0.0,0,0,0
U105987,2026-06-23,2026-06,treatment,1,0,0,0,0.0,0,0,0
U105988,2026-05-27,2026-05,treatment,1,0,0,0,0.0,1,1,1
U105989,2026-06-13,2026-06,control,1,0,0,0,0.0,1,1,1
U105990,2026-01-21,2026-01,control,1,0,0,0,0.0,1,1,1
U105991,2026-05-13,2026-05,treatment,1,1,1,1,25.77,1,1,1
U105992,2026-05-03,2026-05,control,1,0,0,0,0.0,0,0,0
U105993,2026-05-08,2026-05,treatment,1,0,0,0,0.0,0,0,0
U105994,2026-02-18,2026-02,treatment,1,0,0,0,0.0,0,0,0
U105995,2026-05-29,2026-05,treatment,1,1,0,0,0.0,0,0,0
U105996,2026-05-08,2026-05,treatment,1,1,0,0,0.0,0,0,0
U105997,2026-06-07,2026-06,treatment,1,0,0,0,0.0,0,0,0
U105998,2026-05-06,2026-05,treatment,1,0,0,0,0.0,1,1,1
U105999,2026-03-11,2026-03,treatment,1,0,0,0,0.0,0,0,0
U106000,2026-05-25,2026-05,treatment,1,1,0,0,0.0,1,1,1
U106001,2026-03-16,2026-03,control,1,0,0,0,0.0,0,0,0
U106002,2026-06-18,2026-06,control,1,1,1,1,25.19,1,1,1
U106003,2026-05-21,2026-05,treatment,1,0,0,0,0.0,0,0,0
U106004,2026-03-13,2026-03,treatment,1,1,0,0,0.0,0,0,0
U106005,2026-06-26,2026-06,control,1,1,1,1,183.75,0,0,0
U106006,2026-05-10,2026-05,control,1,1,0,0,0.0,0,0,0
U106007,2026-02-18,2026-02,treatment,1,0,0,0,0.0,0,0,0
U106008,2026-05-23,2026-05,treatment,1,1,1,1,79.28,1,1,1
U106009,2026-04-01,2026-04,control,1,0,0,0,0.0,0,0,0
U106010,2026-06-11,2026-06,treatment,1,0,0,0,0.0,1,1,1
U106011,2026-06-12,2026-06,treatment,1,1,0,0,0.0,1,1,1
U106012,2026-06-28,2026-06,treatment,1,1,1,0,0.0,0,0,0
U106013,2026-05-08,2026-05,treatment,1,1,1,1,34.88,1,1,1
U106014,2026-05-02,2026-05,control,1,0,0,0,0.0,0,0,0
U106015,2026-06-06,2026-06,treatment,1,1,1,0,0.0,0,0,0
U106016,2026-03-07,2026-03,treatment,1,0,0,0,0.0,1,1,1
U106017,2026-05-14,2026-05,treatment,1,0,0,0,0.0,0,0,0
U106018,2026-05-14,2026-05,control,1,1,1,1,116.3,1,1,1
U106019,2026-02-23,2026-02,control,1,0,0,0,0.0,0,0,0
U106020,2026-04-27,2026-04,control,1,1,1,0,0.0,0,0,0
U106021,2026-06-16,2026-06,control,1,0,0,0,0.0,1,1,1
U106022,2026-06-16,2026-06,treatment,1,0,0,0,0.0,0,0,0
U106023,2026-02-26,2026-02,treatment,1,1,1,1,31.55,0,0,0
U106024,2026-02-24,2026-02,treatment,1,1,0,0,0.0,0,0,0
U106025,2026-04-03,2026-04,treatment,1,0,0,0,0.0,1,1,1
U106026,2026-06-18,2026-06,control,1,0,0,0,0.0,0,0,0
U106027,2026-03-06,2026-03,treatment,1,1,1,0,0.0,1,1,1
U106028,2026-06-02,2026-06,treatment,1,0,0,0,0.0,0,0,0
U106029,2026-02-27,2026-02,treatment,1,0,0,0,0.0,1,1,1
U106030,2026-05-23,2026-05,treatment,1,1,0,0,0.0,0,0,0
U106031,2026-04-18,2026-04,treatment,1,0,0,0,0.0,0,0,0
U106032,2026-06-09,2026-06,treatment,1,1,1,0,0.0,1,1,1
U106033,2026-03-29,2026-03,control,1,1,0,0,0.0,0,0,0
U106034,2026-05-24,2026-05,treatment,1,1,0,0,0.0,0,0,0
U106035,2026-03-29,2026-03,treatment,1,0,0,0,0.0,0,0,0
U106036,2026-06-02,2026-06,control,1,1,1,1,72.45,0,0,0
U106037,2026-06-18,2026-06,treatment,1,0,0,0,0.0,0,0,0
U106038,2026-03-06,2026-03,treatment,1,0,0,0,0.0,1,1,1
U106039,2026-06-17,2026-06,treatment,1,0,0,0,0.0,0,0,0
U106040,2026-05-19,2026-05,treatment,1,0,0,0,0.0,1,1,1
U106041,2026-03-06,2026-03,treatment,1,0,0,0,0.0,0,0,0
U106042,2026-04-28,2026-04,control,1,0,0,0,0.0,1,1,1
U106043,2026-03-14,2026-03,control,1,0,0,0,0.0,1,1,1
U106044,2026-05-31,2026-05,treatment,1,0,0,0,0.0,0,0,0
U106045,2026-06-06,2026-06,treatment,1,1,0,0,0.0,1,1,1
U106046,2026-02-28,2026-02,treatment,1,0,0,0,0.0,0,0,0
U106047,2026-05-09,2026-05,control,1,1,0,0,0.0,1,1,1
U106048,2026-06-12,2026-06,control,1,0,0,0,0.0,1,1,1
U106049,2026-06-24,2026-06,treatment,1,1,0,0,0.0,0,0,0
U106050,2026-05-09,2026-05,control,1,0,0,0,0.0,0,0,0
U106051,2026-06-25,2026-06,treatment,1,1,1,0,0.0,0,0,0
U106052,2026-05-12,2026-05,treatment,1,0,0,0,0.0,0,0,0
U106053,2026-04-24,2026-04,treatment,1,1,1,1,27.11,0,0,0
U106054,2026-06-15,2026-06,control,1,0,0,0,0.0,0,0,0
U106055,2026-05-07,2026-05,treatment,1,1,1,1,27.02,1,1,1
U106056,2026-05-04,2026-05,treatment,1,1,1,0,0.0,0,0,0
U106057,2026-05-07,2026-05,control,1,0,0,0,0.0,0,0,0
U106058,2026-06-15,2026-06,control,1,0,0,0,0.0,0,0,0
U106059,2026-06-14,2026-06,control,1,1,1,0,0.0,0,0,0
U106060,2026-04-25,2026-04,control,1,0,0,0,0.0,1,1,1
U106061,2026-04-14,2026-04,treatment,1,0,0,0,0.0,0,0,0
U106062,2026-05-07,2026-05,treatment,1,1,1,1,39.81,0,0,0
U106063,2026-05-17,2026-05,treatment,1,0,0,0,0.0,1,1,1
U106064,2026-03-29,2026-03,treatment,1,1,1,1,77.28,1,1,1
U106065,2026-06-10,2026-06,treatment,1,0,0,0,0.0,0,0,0
U106066,2026-05-06,2026-05,control,1,0,0,0,0.0,0,0,0
U106067,2026-04-15,2026-04,treatment,1,0,0,0,0.0,0,0,0
U106068,2026-02-28,2026-02,treatment,1,1,1,0,0.0,1,1,1
U106069,2026-03-29,2026-03,treatment,1,1,0,0,0.0,0,0,0
U106070,2026-06-25,2026-06,treatment,1,0,0,0,0.0,0,0,0
U106071,2026-04-10,2026-04,treatment,1,0,0,0,0.0,0,0,0
U106072,2026-03-15,2026-03,treatment,1,0,0,0,0.0,1,1,1
U106073,2026-05-03,2026-05,treatment,1,1,0,0,0.0,0,0,0
U106074,2026-04-10,2026-04,control,1,0,0,0,0.0,0,0,0
U106075,2026-02-03,2026-02,treatment,1,0,0,0,0.0,1,1,1
U106076,2026-04-13,2026-04,treatment,1,0,0,0,0.0,1,1,1
U106077,2026-05-13,2026-05,control,1,0,0,0,0.0,0,0,0
U106078,2026-05-14,2026-05,control,1,0,0,0,0.0,1,1,1
U106079,2026-04-18,2026-04,treatment,1,0,0,0,0.0,0,0,0
U106080,2026-05-01,2026-05,control,1,1,1,0,0.0,1,1,1
U106081,2026-06-26,2026-06,control,1,1,1,1,89.06,0,0,0
U106082,2026-04-21,2026-04,treatment,1,1,0,0,0.0,1,1,1
U106083,2026-04-02,2026-04,treatment,1,0,0,0,0.0,0,0,0
U106084,2026-03-30,2026-03,treatment,1,0,0,0,0.0,1,1,1
U106085,2026-05-02,2026-05,control,1,0,0,0,0.0,1,1,1
U106086,2026-06-06,2026-06,control,1,1,0,0,0.0,1,1,1
U106087,2026-03-23,2026-03,control,1,0,0,0,0.0,0,0,0
U106088,2026-06-01,2026-06,control,1,1,1,0,0.0,0,0,0
U106089,2026-01-27,2026-01,control,1,0,0,0,0.0,0,0,0
U106090,2026-04-27,2026-04,treatment,1,1,0,0,0.0,1,1,1
U106091,2026-06-08,2026-06,treatment,1,1,0,0,0.0,1,1,1
U106092,2026-04-15,2026-04,control,1,0,0,0,0.0,0,0,0
U106093,2026-05-16,2026-05,control,1,1,0,0,0.0,0,0,0
U106094,2026-03-23,2026-03,treatment,1,1,0,0,0.0,1,1,1
U106095,2026-06-05,2026-06,treatment,1,1,1,0,0.0,0,0,0
U106096,2026-02-11,2026-02,control,1,1,0,0,0.0,0,0,0
U106097,2026-06-16,2026-06,treatment,1,0,0,0,0.0,0,0,0
U106098,2026-03-22,2026-03,control,1,1,0,0,0.0,0,0,0
U106099,2026-06-18,2026-06,control,1,1,0,0,0.0,1,1,1
U106100,2026-04-17,2026-04,control,1,0,0,0,0.0,0,0,0
U106101,2026-06-03,2026-06,treatment,1,0,0,0,0.0,1,1,1
U106102,2026-04-12,2026-04,control,1,0,0,0,0.0,0,0,0
U106103,2026-06-21,2026-06,control,1,0,0,0,0.0,1,1,1
U106104,2026-03-06,2026-03,control,1,1,1,1,52.71,0,0,0
U106105,2026-03-18,2026-03,treatment,1,0,0,0,0.0,0,0,0
U106106,2026-05-07,2026-05,control,1,0,0,0,0.0,0,0,0
U106107,2026-02-21,2026-02,control,1,0,0,0,0.0,0,0,0
U106108,2026-03-21,2026-03,control,1,0,0,0,0.0,1,1,1
U106109,2026-06-24,2026-06,control,1,0,0,0,0.0,1,1,1
U106110,2026-06-27,2026-06,treatment,1,0,0,0,0.0,1,1,1
U106111,2026-04-21,2026-04,control,1,0,0,0,0.0,0,0,0
U106112,2026-06-22,2026-06,control,1,1,0,0,0.0,0,0,0
U106113,2026-05-13,2026-05,treatment,1,0,0,0,0.0,0,0,0
U106114,2026-04-04,2026-04,control,1,0,0,0,0.0,1,1,1
U106115,2026-05-31,2026-05,control,1,0,0,0,0.0,0,0,0
U106116,2026-05-27,2026-05,control,1,0,0,0,0.0,1,1,1
U106117,2026-06-29,2026-06,treatment,1,0,0,0,0.0,0,0,0
U106118,2026-04-03,2026-04,treatment,1,0,0,0,0.0,0,0,0
U106119,2026-05-28,2026-05,treatment,1,0,0,0,0.0,1,1,1
U106120,2026-02-11,2026-02,treatment,1,0,0,0,0.0,1,1,1
U106121,2026-03-02,2026-03,treatment,1,0,0,0,0.0,0,0,0
U106122,2026-01-12,2026-01,treatment,1,1,1,1,49.91,1,1,1
U106123,2026-06-29,2026-06,treatment,1,0,0,0,0.0,1,1,1
U106124,2026-06-11,2026-06,control,1,1,1,1,111.83,1,1,1
U106125,2026-06-09,2026-06,control,1,1,0,0,0.0,1,1,1
U106126,2026-05-09,2026-05,treatment,1,1,1,0,0.0,0,0,0
U106127,2026-04-09,2026-04,treatment,1,0,0,0,0.0,0,0,0
U106128,2026-03-12,2026-03,control,1,1,0,0,0.0,1,1,1
U106129,2026-04-07,2026-04,treatment,1,0,0,0,0.0,0,0,0
U106130,2026-04-21,2026-04,control,1,0,0,0,0.0,0,0,0
U106131,2026-06-06,2026-06,control,1,0,0,0,0.0,1,1,1
U106132,2026-05-13,2026-05,control,1,1,1,0,0.0,0,0,0
U106133,2026-02-20,2026-02,treatment,1,0,0,0,0.0,0,0,0
U106134,2026-01-25,2026-01,control,1,1,0,0,0.0,0,0,0
U106135,2026-02-27,2026-02,treatment,1,0,0,0,0.0,0,0,0
U106136,2026-04-26,2026-04,treatment,1,1,1,0,0.0,0,0,0
U106137,2026-06-23,2026-06,treatment,1,1,1,1,46.14,1,1,1
U106138,2026-05-24,2026-05,control,1,1,0,0,0.0,1,1,1
U106139,2026-06-11,2026-06,treatment,1,0,0,0,0.0,1,1,1
U106140,2026-05-03,2026-05,control,1,1,0,0,0.0,0,0,0
U106141,2026-04-19,2026-04,control,1,1,1,1,116.44,1,1,1
U106142,2026-03-01,2026-03,treatment,1,0,0,0,0.0,1,1,1
U106143,2026-06-18,2026-06,control,1,0,0,0,0.0,0,0,0
U106144,2026-06-09,2026-06,control,1,1,1,1,29.92,0,0,0
U106145,2026-03-15,2026-03,control,1,0,0,0,0.0,0,0,0
U106146,2026-05-09,2026-05,treatment,1,1,1,1,37.14,0,0,0
U106147,2026-05-06,2026-05,control,1,0,0,0,0.0,0,0,0
U106148,2026-05-23,2026-05,treatment,1,0,0,0,0.0,1,1,1
U106149,2026-06-25,2026-06,treatment,1,0,0,0,0.0,0,0,0
U106150,2026-05-18,2026-05,treatment,1,0,0,0,0.0,0,0,0
U106151,2026-05-13,2026-05,treatment,1,0,0,0,0.0,0,0,0
U106152,2026-02-10,2026-02,control,1,1,1,1,91.88,1,1,1
U106153,2026-02-15,2026-02,control,1,0,0,0,0.0,0,0,0
U106154,2026-03-19,2026-03,control,1,1,0,0,0.0,0,0,0
U106155,2026-02-02,2026-02,control,1,1,0,0,0.0,0,0,0
U106156,2026-06-05,2026-06,treatment,1,0,0,0,0.0,0,0,0
U106157,2026-06-03,2026-06,control,1,0,0,0,0.0,1,1,1
U106158,2026-03-08,2026-03,control,1,0,0,0,0.0,1,1,1
U106159,2026-06-14,2026-06,treatment,1,0,0,0,0.0,0,0,0
U106160,2026-03-12,2026-03,treatment,1,0,0,0,0.0,0,0,0
U106161,2026-04-09,2026-04,treatment,1,0,0,0,0.0,0,0,0
U106162,2026-03-31,2026-03,treatment,1,1,0,0,0.0,0,0,0
U106163,2026-04-20,2026-04,treatment,1,0,0,0,0.0,1,1,1
U106164,2026-04-01,2026-04,treatment,1,0,0,0,0.0,0,0,0
U106165,2026-05-06,2026-05,control,1,1,0,0,0.0,0,0,0
U106166,2026-04-25,2026-04,treatment,1,1,1,1,83.14,1,1,1
U106167,2026-06-28,2026-06,treatment,1,1,1,1,64.87,1,1,1
U106168,2026-02-12,2026-02,control,1,1,0,0,0.0,1,1,1
U106169,2026-03-09,2026-03,control,1,0,0,0,0.0,0,0,0
U106170,2026-02-11,2026-02,treatment,1,1,1,1,31.64,0,0,0
U106171,2026-05-23,2026-05,treatment,1,1,0,0,0.0,1,1,1
U106172,2026-02-12,2026-02,control,1,0,0,0,0.0,1,1,1
U106173,2026-06-14,2026-06,control,1,0,0,0,0.0,1,1,1
U106174,2026-05-09,2026-05,treatment,1,0,0,0,0.0,0,0,0
U106175,2026-05-11,2026-05,treatment,1,0,0,0,0.0,1,1,1
U106176,2026-05-15,2026-05,control,1,0,0,0,0.0,0,0,0
U106177,2026-03-16,2026-03,control,1,1,0,0,0.0,0,0,0
U106178,2026-03-22,2026-03,treatment,1,0,0,0,0.0,0,0,0
U106179,2026-04-12,2026-04,control,1,0,0,0,0.0,1,1,1
U106180,2026-05-19,2026-05,treatment,1,0,0,0,0.0,0,0,0
U106181,2026-03-24,2026-03,control,1,1,0,0,0.0,0,0,0
U106182,2026-03-03,2026-03,control,1,0,0,0,0.0,0,0,0
U106183,2026-06-27,2026-06,control,1,0,0,0,0.0,0,0,0
U106184,2026-01-27,2026-01,control,1,1,1,0,0.0,1,1,1
U106185,2026-06-11,2026-06,control,1,0,0,0,0.0,0,0,0
U106186,2026-06-09,2026-06,control,1,0,0,0,0.0,1,1,1
U106187,2026-04-09,2026-04,treatment,1,0,0,0,0.0,0,0,0
U106188,2026-03-08,2026-03,control,1,1,0,0,0.0,0,0,0
U106189,2026-03-10,2026-03,treatment,1,1,1,0,0.0,1,1,1
U106190,2026-05-31,2026-05,control,1,0,0,0,0.0,1,1,1
U106191,2026-05-25,2026-05,treatment,1,0,0,0,0.0,0,0,0
U106192,2026-06-09,2026-06,control,1,1,0,0,0.0,0,0,0
U106193,2026-06-24,2026-06,control,1,1,0,0,0.0,0,0,0
U106194,2026-05-30,2026-05,treatment,1,1,1,1,38.61,1,1,1
U106195,2026-03-13,2026-03,treatment,1,1,0,0,0.0,1,1,1
U106196,2026-03-30,2026-03,treatment,1,0,0,0,0.0,0,0,0
U106197,2026-06-15,2026-06,treatment,1,1,1,1,78.58,0,0,0
U106198,2026-03-24,2026-03,treatment,1,1,0,0,0.0,1,1,1
U106199,2026-02-18,2026-02,control,1,1,0,0,0.0,0,0,0
U106200,2026-05-31,2026-05,treatment,1,1,0,0,0.0,0,0,0
U106201,2026-04-25,2026-04,treatment,1,0,0,0,0.0,0,0,0
U106202,2026-06-22,2026-06,treatment,1,1,1,1,66.98,0,0,0
U106203,2026-05-26,2026-05,treatment,1,1,1,1,52.11,0,0,0
U106204,2026-02-24,2026-02,control,1,1,1,1,17.09,0,0,0
U106205,2026-06-25,2026-06,control,1,0,0,0,0.0,0,0,0
U106206,2026-04-02,2026-04,treatment,1,1,1,1,43.29,0,0,0
U106207,2026-04-15,2026-04,treatment,1,1,1,1,29.61,0,0,0
U106208,2026-04-25,2026-04,treatment,1,0,0,0,0.0,0,0,0
U106209,2026-02-10,2026-02,treatment,1,1,1,1,57.73,0,0,0
U106210,2026-05-07,2026-05,control,1,1,1,1,40.26,0,0,0
U106211,2026-03-05,2026-03,control,1,0,0,0,0.0,1,1,1
U106212,2026-04-24,2026-04,control,1,0,0,0,0.0,0,0,0
U106213,2026-04-17,2026-04,treatment,1,0,0,0,0.0,1,1,1
U106214,2026-06-08,2026-06,treatment,1,0,0,0,0.0,0,0,0
U106215,2026-06-11,2026-06,control,1,0,0,0,0.0,0,0,0
U106216,2026-03-12,2026-03,treatment,1,0,0,0,0.0,1,1,1
U106217,2026-04-19,2026-04,control,1,0,0,0,0.0,0,0,0
U106218,2026-04-20,2026-04,control,1,0,0,0,0.0,1,1,1
U106219,2026-03-12,2026-03,treatment,1,0,0,0,0.0,1,1,1
U106220,2026-06-10,2026-06,control,1,1,1,1,64.55,1,1,1
U106221,2026-06-01,2026-06,treatment,1,0,0,0,0.0,0,0,0
U106222,2026-03-20,2026-03,treatment,1,1,1,0,0.0,0,0,0
U106223,2026-04-20,2026-04,treatment,1,0,0,0,0.0,1,1,1
U106224,2026-02-28,2026-02,control,1,0,0,0,0.0,0,0,0
U106225,2026-05-23,2026-05,control,1,0,0,0,0.0,1,1,1
U106226,2026-03-04,2026-03,treatment,1,1,1,1,54.41,1,1,1
U106227,2026-06-28,2026-06,treatment,1,1,1,0,0.0,0,0,0
U106228,2026-06-09,2026-06,treatment,1,1,0,0,0.0,0,0,0
U106229,2026-04-23,2026-04,control,1,0,0,0,0.0,0,0,0
U106230,2026-05-17,2026-05,control,1,1,1,1,35.94,0,0,0
U106231,2026-06-21,2026-06,treatment,1,0,0,0,0.0,0,0,0
U106232,2026-05-14,2026-05,treatment,1,1,1,0,0.0,1,1,1
U106233,2026-03-17,2026-03,control,1,0,0,0,0.0,0,0,0
U106234,2026-04-21,2026-04,control,1,0,0,0,0.0,0,0,0
U106235,2026-06-15,2026-06,treatment,1,0,0,0,0.0,0,0,0
U106236,2026-05-25,2026-05,control,1,1,0,0,0.0,0,0,0
U106237,2026-05-26,2026-05,control,1,0,0,0,0.0,0,0,0
U106238,2026-06-17,2026-06,control,1,0,0,0,0.0,1,1,1
U106239,2026-06-20,2026-06,control,1,0,0,0,0.0,0,0,0
U106240,2026-06-22,2026-06,treatment,1,1,1,1,18.14,1,1,1
U106241,2026-02-25,2026-02,control,1,0,0,0,0.0,1,1,1
U106242,2026-05-13,2026-05,control,1,1,0,0,0.0,0,0,0
U106243,2026-06-04,2026-06,control,1,1,0,0,0.0,0,0,0
U106244,2026-06-06,2026-06,control,1,1,1,1,65.01,0,0,0
U106245,2026-05-21,2026-05,treatment,1,1,1,0,0.0,0,0,0
U106246,2026-03-15,2026-03,control,1,1,0,0,0.0,0,0,0
U106247,2026-06-10,2026-06,treatment,1,0,0,0,0.0,0,0,0
U106248,2026-06-02,2026-06,control,1,0,0,0,0.0,0,0,0
U106249,2026-02-22,2026-02,control,1,1,0,0,0.0,0,0,0
U106250,2026-05-03,2026-05,control,1,0,0,0,0.0,0,0,0
U106251,2026-03-17,2026-03,control,1,0,0,0,0.0,0,0,0
U106252,2026-04-15,2026-04,treatment,1,1,1,0,0.0,1,1,1
U106253,2026-01-25,2026-01,control,1,0,0,0,0.0,0,0,0
U106254,2026-04-24,2026-04,treatment,1,1,1,1,35.44,0,0,0
U106255,2026-05-14,2026-05,control,1,1,0,0,0.0,1,1,1
U106256,2026-05-22,2026-05,control,1,0,0,0,0.0,0,0,0
U106257,2026-05-27,2026-05,control,1,0,0,0,0.0,0,0,0
U106258,2026-06-14,2026-06,treatment,1,0,0,0,0.0,1,1,1
U106259,2026-03-25,2026-03,control,1,1,0,0,0.0,1,1,1
U106260,2026-03-04,2026-03,control,1,0,0,0,0.0,0,0,0
U106261,2026-06-16,2026-06,control,1,0,0,0,0.0,0,0,0
U106262,2026-03-13,2026-03,control,1,1,1,0,0.0,0,0,0
U106263,2026-06-27,2026-06,treatment,1,0,0,0,0.0,1,1,1
U106264,2026-06-15,2026-06,treatment,1,0,0,0,0.0,0,0,0
U106265,2026-05-08,2026-05,treatment,1,0,0,0,0.0,0,0,0
U106266,2026-06-28,2026-06,treatment,1,0,0,0,0.0,0,0,0
U106267,2026-02-26,2026-02,treatment,1,0,0,0,0.0,0,0,0
U106268,2026-04-10,2026-04,control,1,1,0,0,0.0,0,0,0
U106269,2026-05-24,2026-05,treatment,1,0,0,0,0.0,0,0,0
U106270,2026-04-17,2026-04,control,1,0,0,0,0.0,0,0,0
U106271,2026-06-23,2026-06,control,1,0,0,0,0.0,0,0,0
U106272,2026-02-16,2026-02,treatment,1,0,0,0,0.0,1,1,1
U106273,2026-05-14,2026-05,treatment,1,1,0,0,0.0,1,1,1
U106274,2026-05-19,2026-05,treatment,1,0,0,0,0.0,1,1,1
U106275,2026-05-26,2026-05,treatment,1,1,1,0,0.0,1,1,1
U106276,2026-04-02,2026-04,control,1,0,0,0,0.0,0,0,0
U106277,2026-04-19,2026-04,control,1,1,0,0,0.0,0,0,0
U106278,2026-06-15,2026-06,control,1,0,0,0,0.0,0,0,0
U106279,2026-03-21,2026-03,treatment,1,0,0,0,0.0,0,0,0
U106280,2026-06-13,2026-06,treatment,1,0,0,0,0.0,0,0,0
U106281,2026-05-16,2026-05,control,1,1,0,0,0.0,1,1,1
U106282,2026-06-07,2026-06,control,1,0,0,0,0.0,0,0,0
U106283,2026-06-02,2026-06,control,1,0,0,0,0.0,0,0,0
U106284,2026-03-23,2026-03,treatment,1,1,1,1,41.01,0,0,0
U106285,2026-05-16,2026-05,treatment,1,0,0,0,0.0,0,0,0
U106286,2026-06-17,2026-06,control,1,0,0,0,0.0,0,0,0
U106287,2026-04-29,2026-04,treatment,1,1,0,0,0.0,0,0,0
U106288,2026-06-26,2026-06,treatment,1,0,0,0,0.0,1,1,1
U106289,2026-05-02,2026-05,control,1,1,0,0,0.0,0,0,0
U106290,2026-03-10,2026-03,treatment,1,0,0,0,0.0,0,0,0
U106291,2026-04-23,2026-04,control,1,0,0,0,0.0,1,1,1
U106292,2026-06-25,2026-06,control,1,0,0,0,0.0,0,0,0
U106293,2026-04-12,2026-04,control,1,1,0,0,0.0,0,0,0
U106294,2026-06-17,2026-06,treatment,1,1,1,1,17.14,0,0,0
U106295,2026-06-18,2026-06,treatment,1,1,1,0,0.0,1,1,1
U106296,2026-04-17,2026-04,control,1,0,0,0,0.0,1,1,1
U106297,2026-02-21,2026-02,treatment,1,1,1,0,0.0,0,0,0
U106298,2026-06-03,2026-06,control,1,0,0,0,0.0,1,1,1
U106299,2026-04-11,2026-04,treatment,1,0,0,0,0.0,0,0,0
U106300,2026-06-09,2026-06,treatment,1,1,1,1,22.58,1,1,1
U106301,2026-04-30,2026-04,control,1,0,0,0,0.0,1,1,1
U106302,2026-05-06,2026-05,control,1,0,0,0,0.0,0,0,0
U106303,2026-06-08,2026-06,treatment,1,0,0,0,0.0,1,1,1
U106304,2026-04-22,2026-04,control,1,1,1,0,0.0,0,0,0
U106305,2026-04-30,2026-04,treatment,1,0,0,0,0.0,0,0,0
U106306,2026-04-21,2026-04,treatment,1,0,0,0,0.0,0,0,0
U106307,2026-04-20,2026-04,treatment,1,1,1,1,65.09,0,0,0
U106308,2026-05-11,2026-05,control,1,0,0,0,0.0,1,1,1
U106309,2026-06-11,2026-06,control,1,0,0,0,0.0,1,1,1
U106310,2026-04-19,2026-04,control,1,1,1,0,0.0,0,0,0
U106311,2026-05-11,2026-05,treatment,1,1,1,1,47.47,0,0,0
U106312,2026-05-28,2026-05,control,1,0,0,0,0.0,0,0,0
U106313,2026-04-04,2026-04,control,1,1,0,0,0.0,0,0,0
U106314,2026-04-05,2026-04,treatment,1,0,0,0,0.0,1,1,1
U106315,2026-06-23,2026-06,treatment,1,0,0,0,0.0,0,0,0
U106316,2026-06-03,2026-06,control,1,0,0,0,0.0,0,0,0
U106317,2026-05-17,2026-05,treatment,1,0,0,0,0.0,1,1,1
U106318,2026-05-25,2026-05,treatment,1,0,0,0,0.0,0,0,0
U106319,2026-01-31,2026-01,control,1,1,1,0,0.0,0,0,0
U106320,2026-05-22,2026-05,control,1,1,0,0,0.0,0,0,0
U106321,2026-05-09,2026-05,treatment,1,1,1,1,39.24,1,1,1
U106322,2026-05-13,2026-05,treatment,1,1,1,1,75.9,0,0,0
U106323,2026-04-18,2026-04,control,1,0,0,0,0.0,1,1,1
U106324,2026-02-21,2026-02,control,1,0,0,0,0.0,0,0,0
U106325,2026-03-21,2026-03,control,1,1,1,0,0.0,0,0,0
U106326,2026-06-25,2026-06,treatment,1,1,1,1,18.2,0,0,0
U106327,2026-04-26,2026-04,control,1,1,1,0,0.0,1,1,1
U106328,2026-05-03,2026-05,control,1,0,0,0,0.0,0,0,0
U106329,2026-02-11,2026-02,treatment,1,0,0,0,0.0,0,0,0
U106330,2026-02-04,2026-02,treatment,1,0,0,0,0.0,1,1,1
U106331,2026-06-02,2026-06,treatment,1,0,0,0,0.0,0,0,0
U106332,2026-05-13,2026-05,control,1,0,0,0,0.0,0,0,0
U106333,2026-05-09,2026-05,control,1,0,0,0,0.0,0,0,0
U106334,2026-03-30,2026-03,control,1,1,0,0,0.0,0,0,0
U106335,2026-06-05,2026-06,treatment,1,0,0,0,0.0,1,1,1
U106336,2026-03-15,2026-03,treatment,1,0,0,0,0.0,0,0,0
U106337,2026-03-20,2026-03,control,1,1,1,1,19.81,0,0,0
U106338,2026-05-03,2026-05,control,1,0,0,0,0.0,1,1,1
U106339,2026-04-07,2026-04,treatment,1,0,0,0,0.0,0,0,0
U106340,2026-03-31,2026-03,treatment,1,0,0,0,0.0,0,0,0
U106341,2026-05-25,2026-05,control,1,1,0,0,0.0,1,1,1
U106342,2026-05-26,2026-05,treatment,1,0,0,0,0.0,0,0,0
U106343,2026-06-13,2026-06,treatment,1,1,1,1,31.37,1,1,1
U106344,2026-04-27,2026-04,treatment,1,0,0,0,0.0,1,1,1
U106345,2026-02-18,2026-02,treatment,1,0,0,0,0.0,0,0,0
U106346,2026-04-05,2026-04,treatment,1,0,0,0,0.0,1,1,1
U106347,2026-06-28,2026-06,treatment,1,0,0,0,0.0,0,0,0
U106348,2026-05-19,2026-05,treatment,1,0,0,0,0.0,0,0,0
U106349,2026-06-01,2026-06,control,1,1,1,1,17.4,1,1,1
U106350,2026-01-16,2026-01,control,1,0,0,0,0.0,1,1,1
U106351,2026-05-10,2026-05,treatment,1,1,1,0,0.0,0,0,0
U106352,2026-02-04,2026-02,treatment,1,1,1,0,0.0,1,1,1
U106353,2026-05-16,2026-05,treatment,1,1,1,1,56.74,0,0,0
U106354,2026-06-22,2026-06,control,1,0,0,0,0.0,0,0,0
U106355,2026-06-27,2026-06,treatment,1,1,1,0,0.0,1,1,1
U106356,2026-05-13,2026-05,control,1,0,0,0,0.0,0,0,0
U106357,2026-05-02,2026-05,treatment,1,0,0,0,0.0,0,0,0
U106358,2026-06-24,2026-06,control,1,1,0,0,0.0,0,0,0
U106359,2026-05-28,2026-05,control,1,0,0,0,0.0,1,1,1
U106360,2026-02-15,2026-02,control,1,1,0,0,0.0,0,0,0
U106361,2026-05-03,2026-05,treatment,1,0,0,0,0.0,0,0,0
U106362,2026-03-30,2026-03,control,1,0,0,0,0.0,0,0,0
U106363,2026-05-04,2026-05,control,1,0,0,0,0.0,0,0,0
U106364,2026-05-02,2026-05,control,1,0,0,0,0.0,0,0,0
U106365,2026-05-18,2026-05,control,1,0,0,0,0.0,1,1,1
U106366,2026-04-18,2026-04,treatment,1,0,0,0,0.0,1,1,1
U106367,2026-03-14,2026-03,control,1,1,1,1,35.87,1,1,1
U106368,2026-05-08,2026-05,control,1,1,0,0,0.0,0,0,0
U106369,2026-06-14,2026-06,treatment,1,1,0,0,0.0,1,1,1
U106370,2026-05-27,2026-05,treatment,1,1,1,1,106.19,0,0,0
U106371,2026-04-15,2026-04,treatment,1,0,0,0,0.0,0,0,0
U106372,2026-06-24,2026-06,treatment,1,1,0,0,0.0,1,1,1
U106373,2026-06-21,2026-06,treatment,1,0,0,0,0.0,0,0,0
U106374,2026-03-24,2026-03,control,1,0,0,0,0.0,0,0,0
U106375,2026-02-05,2026-02,treatment,1,1,1,0,0.0,1,1,1
U106376,2026-06-04,2026-06,treatment,1,0,0,0,0.0,0,0,0
U106377,2026-06-13,2026-06,treatment,1,1,1,0,0.0,0,0,0
U106378,2026-06-27,2026-06,treatment,1,0,0,0,0.0,1,1,1
U106379,2026-06-19,2026-06,treatment,1,0,0,0,0.0,1,1,1
U106380,2026-05-20,2026-05,control,1,0,0,0,0.0,0,0,0
U106381,2026-05-12,2026-05,control,1,0,0,0,0.0,0,0,0
U106382,2026-01-31,2026-01,treatment,1,1,1,1,27.44,0,0,0
U106383,2026-03-31,2026-03,treatment,1,1,1,1,52.19,0,0,0
U106384,2026-05-03,2026-05,control,1,0,0,0,0.0,1,1,1
U106385,2026-05-23,2026-05,treatment,1,0,0,0,0.0,1,1,1
U106386,2026-05-15,2026-05,treatment,1,0,0,0,0.0,1,1,1
U106387,2026-06-05,2026-06,control,1,1,0,0,0.0,1,1,1
U106388,2026-04-06,2026-04,treatment,1,0,0,0,0.0,0,0,0
U106389,2026-05-16,2026-05,treatment,1,1,1,0,0.0,1,1,1
U106390,2026-02-23,2026-02,control,1,1,1,0,0.0,1,1,1
U106391,2026-04-26,2026-04,treatment,1,1,0,0,0.0,0,0,0
U106392,2026-06-05,2026-06,control,1,0,0,0,0.0,0,0,0
U106393,2026-05-30,2026-05,control,1,1,0,0,0.0,0,0,0
U106394,2026-06-29,2026-06,control,1,1,0,0,0.0,0,0,0
U106395,2026-04-05,2026-04,treatment,1,1,0,0,0.0,0,0,0
U106396,2026-05-08,2026-05,control,1,1,1,1,38.45,0,0,0
U106397,2026-04-14,2026-04,control,1,0,0,0,0.0,0,0,0
U106398,2026-04-30,2026-04,treatment,1,1,1,0,0.0,0,0,0
U106399,2026-06-16,2026-06,control,1,1,1,0,0.0,1,1,1
U106400,2026-05-29,2026-05,treatment,1,1,1,1,36.3,1,1,1
U106401,2026-06-19,2026-06,treatment,1,1,1,0,0.0,0,0,0
U106402,2026-03-23,2026-03,treatment,1,0,0,0,0.0,1,1,1
U106403,2026-06-18,2026-06,treatment,1,0,0,0,0.0,1,1,1
U106404,2026-02-14,2026-02,control,1,1,0,0,0.0,1,1,1
U106405,2026-06-19,2026-06,control,1,0,0,0,0.0,0,0,0
U106406,2026-04-14,2026-04,treatment,1,0,0,0,0.0,1,1,1
U106407,2026-04-11,2026-04,treatment,1,0,0,0,0.0,1,1,1
U106408,2026-05-09,2026-05,control,1,1,1,0,0.0,0,0,0
U106409,2026-06-24,2026-06,treatment,1,0,0,0,0.0,1,1,1
U106410,2026-02-09,2026-02,control,1,0,0,0,0.0,0,0,0
U106411,2026-04-17,2026-04,treatment,1,0,0,0,0.0,0,0,0
U106412,2026-06-16,2026-06,treatment,1,1,1,0,0.0,1,1,1
U106413,2026-04-24,2026-04,treatment,1,1,0,0,0.0,0,0,0
U106414,2026-03-22,2026-03,treatment,1,0,0,0,0.0,0,0,0
U106415,2026-04-28,2026-04,treatment,1,0,0,0,0.0,0,0,0
U106416,2026-04-22,2026-04,control,1,1,1,1,59.18,0,0,0
U106417,2026-06-22,2026-06,treatment,1,1,0,0,0.0,1,1,1
U106418,2026-06-07,2026-06,treatment,1,1,1,1,67.97,1,1,1
U106419,2026-05-08,2026-05,treatment,1,1,1,0,0.0,0,0,0
U106420,2026-06-28,2026-06,treatment,1,1,0,0,0.0,0,0,0
U106421,2026-05-03,2026-05,control,1,0,0,0,0.0,0,0,0
U106422,2026-02-13,2026-02,treatment,1,0,0,0,0.0,0,0,0
U106423,2026-04-03,2026-04,treatment,1,1,1,1,75.68,1,1,1
U106424,2026-04-29,2026-04,control,1,1,0,0,0.0,0,0,0
U106425,2026-03-13,2026-03,control,1,0,0,0,0.0,1,1,1
U106426,2026-06-25,2026-06,treatment,1,1,0,0,0.0,1,1,1
U106427,2026-06-07,2026-06,control,1,1,0,0,0.0,1,1,1
U106428,2026-04-04,2026-04,control,1,1,1,1,32.17,1,1,1
U106429,2026-05-19,2026-05,control,1,0,0,0,0.0,1,1,1
U106430,2026-06-02,2026-06,treatment,1,0,0,0,0.0,0,0,0
U106431,2026-06-24,2026-06,treatment,1,1,1,0,0.0,0,0,0
U106432,2026-06-19,2026-06,control,1,0,0,0,0.0,1,1,1
U106433,2026-05-10,2026-05,treatment,1,0,0,0,0.0,1,1,1
U106434,2026-06-08,2026-06,treatment,1,1,1,0,0.0,0,0,0
U106435,2026-05-15,2026-05,control,1,1,1,0,0.0,0,0,0
U106436,2026-05-14,2026-05,control,1,0,0,0,0.0,0,0,0
U106437,2026-03-02,2026-03,treatment,1,1,1,0,0.0,1,1,1
U106438,2026-03-05,2026-03,control,1,0,0,0,0.0,1,1,1
U106439,2026-05-11,2026-05,treatment,1,0,0,0,0.0,0,0,0
U106440,2026-04-04,2026-04,control,1,1,1,0,0.0,0,0,0
U106441,2026-01-27,2026-01,control,1,1,1,1,43.1,1,1,1
U106442,2026-06-03,2026-06,treatment,1,0,0,0,0.0,1,1,1
U106443,2026-02-02,2026-02,control,1,0,0,0,0.0,0,0,0
U106444,2026-05-19,2026-05,treatment,1,0,0,0,0.0,1,1,1
U106445,2026-05-13,2026-05,control,1,1,0,0,0.0,0,0,0
U106446,2026-06-27,2026-06,control,1,1,1,1,27.64,0,0,0
U106447,2026-05-06,2026-05,control,1,0,0,0,0.0,0,0,0
U106448,2026-02-15,2026-02,control,1,0,0,0,0.0,0,0,0
U106449,2026-05-14,2026-05,control,1,0,0,0,0.0,0,0,0
U106450,2026-06-15,2026-06,control,1,1,1,0,0.0,0,0,0
U106451,2026-06-29,2026-06,treatment,1,1,0,0,0.0,1,1,1
U106452,2026-04-29,2026-04,treatment,1,0,0,0,0.0,0,0,0
U106453,2026-04-12,2026-04,control,1,1,1,1,56.87,1,1,1
U106454,2026-06-21,2026-06,treatment,1,0,0,0,0.0,0,0,0
U106455,2026-03-20,2026-03,control,1,0,0,0,0.0,1,1,1
U106456,2026-05-22,2026-05,control,1,0,0,0,0.0,1,1,1
U106457,2026-04-25,2026-04,treatment,1,0,0,0,0.0,0,0,0
U106458,2026-02-06,2026-02,control,1,1,0,0,0.0,1,1,1
U106459,2026-04-17,2026-04,control,1,1,0,0,0.0,0,0,0
U106460,2026-04-03,2026-04,control,1,0,0,0,0.0,1,1,1
U106461,2026-05-30,2026-05,treatment,1,0,0,0,0.0,1,1,1
U106462,2026-06-25,2026-06,treatment,1,0,0,0,0.0,0,0,0
U106463,2026-04-04,2026-04,control,1,0,0,0,0.0,1,1,1
U106464,2026-06-12,2026-06,control,1,1,0,0,0.0,0,0,0
U106465,2026-02-12,2026-02,treatment,1,1,1,1,184.87,1,1,1
U106466,2026-05-13,2026-05,treatment,1,0,0,0,0.0,0,0,0
U106467,2026-02-17,2026-02,control,1,0,0,0,0.0,1,1,1
U106468,2026-06-23,2026-06,control,1,0,0,0,0.0,0,0,0
U106469,2026-06-07,2026-06,control,1,1,1,1,47.94,1,1,1
U106470,2026-05-27,2026-05,treatment,1,0,0,0,0.0,1,1,1
U106471,2026-06-13,2026-06,treatment,1,0,0,0,0.0,0,0,0
U106472,2026-05-25,2026-05,control,1,0,0,0,0.0,0,0,0
U106473,2026-06-27,2026-06,control,1,0,0,0,0.0,0,0,0
U106474,2026-06-02,2026-06,treatment,1,0,0,0,0.0,1,1,1
U106475,2026-06-23,2026-06,treatment,1,1,1,1,56.39,1,1,1
U106476,2026-05-10,2026-05,treatment,1,1,1,1,105.96,0,0,0
U106477,2026-03-03,2026-03,control,1,0,0,0,0.0,0,0,0
U106478,2026-05-11,2026-05,treatment,1,0,0,0,0.0,1,1,1
U106479,2026-03-06,2026-03,treatment,1,1,1,1,47.12,1,1,1
U106480,2026-05-19,2026-05,control,1,1,0,0,0.0,1,1,1
U106481,2026-05-06,2026-05,treatment,1,0,0,0,0.0,0,0,0
U106482,2026-05-23,2026-05,treatment,1,1,0,0,0.0,1,1,1
U106483,2026-01-19,2026-01,treatment,1,1,1,0,0.0,0,0,0
U106484,2026-03-21,2026-03,treatment,1,0,0,0,0.0,0,0,0
U106485,2026-05-07,2026-05,control,1,0,0,0,0.0,0,0,0
U106486,2026-06-25,2026-06,control,1,1,0,0,0.0,1,1,1
U106487,2026-04-22,2026-04,control,1,1,1,1,32.66,0,0,0
U106488,2026-04-28,2026-04,treatment,1,0,0,0,0.0,0,0,0
U106489,2026-06-02,2026-06,control,1,0,0,0,0.0,1,1,1
U106490,2026-05-20,2026-05,treatment,1,0,0,0,0.0,0,0,0
U106491,2026-04-09,2026-04,control,1,1,1,1,25.52,1,1,1
U106492,2026-04-26,2026-04,treatment,1,0,0,0,0.0,1,1,1
U106493,2026-03-25,2026-03,treatment,1,0,0,0,0.0,0,0,0
U106494,2026-06-26,2026-06,treatment,1,1,1,1,79.89,0,0,0
U106495,2026-03-07,2026-03,treatment,1,0,0,0,0.0,0,0,0
U106496,2026-04-20,2026-04,treatment,1,1,1,0,0.0,0,0,0
U106497,2026-01-29,2026-01,control,1,0,0,0,0.0,0,0,0
U106498,2026-03-26,2026-03,control,1,0,0,0,0.0,1,1,1
U106499,2026-06-09,2026-06,control,1,0,0,0,0.0,0,0,0
U106500,2026-03-22,2026-03,treatment,1,1,1,1,35.71,0,0,0
U106501,2026-02-20,2026-02,control,1,1,1,1,35.4,1,1,1
U106502,2026-05-04,2026-05,treatment,1,0,0,0,0.0,0,0,0
U106503,2026-01-18,2026-01,control,1,1,0,0,0.0,0,0,0
U106504,2026-02-22,2026-02,treatment,1,1,1,0,0.0,1,1,1
U106505,2026-06-11,2026-06,treatment,1,0,0,0,0.0,1,1,1
U106506,2026-06-08,2026-06,treatment,1,0,0,0,0.0,1,1,1
U106507,2026-06-22,2026-06,treatment,1,0,0,0,0.0,1,1,1
U106508,2026-06-16,2026-06,control,1,1,1,0,0.0,0,0,0
U106509,2026-05-29,2026-05,control,1,1,1,1,40.84,1,1,1
U106510,2026-02-11,2026-02,treatment,1,0,0,0,0.0,0,0,0
U106511,2026-06-09,2026-06,control,1,0,0,0,0.0,0,0,0
U106512,2026-06-15,2026-06,treatment,1,0,0,0,0.0,0,0,0
U106513,2026-06-10,2026-06,treatment,1,0,0,0,0.0,0,0,0
U106514,2026-05-09,2026-05,treatment,1,0,0,0,0.0,0,0,0
U106515,2026-03-28,2026-03,control,1,0,0,0,0.0,0,0,0
U106516,2026-06-15,2026-06,treatment,1,0,0,0,0.0,0,0,0
U106517,2026-06-03,2026-06,control,1,1,1,0,0.0,1,1,1
U106518,2026-06-28,2026-06,control,1,0,0,0,0.0,1,1,1
U106519,2026-03-13,2026-03,control,1,0,0,0,0.0,0,0,0
U106520,2026-03-27,2026-03,control,1,0,0,0,0.0,0,0,0
U106521,2026-03-24,2026-03,control,1,0,0,0,0.0,0,0,0
U106522,2026-06-10,2026-06,control,1,1,1,1,40.57,0,0,0
U106523,2026-03-19,2026-03,treatment,1,1,1,0,0.0,1,1,1
U106524,2026-02-16,2026-02,control,1,0,0,0,0.0,0,0,0
U106525,2026-06-29,2026-06,treatment,1,0,0,0,0.0,1,1,1
U106526,2026-01-29,2026-01,control,1,0,0,0,0.0,0,0,0
U106527,2026-06-14,2026-06,control,1,0,0,0,0.0,1,1,1
U106528,2026-04-19,2026-04,treatment,1,1,1,1,25.16,1,1,1
U106529,2026-06-15,2026-06,treatment,1,0,0,0,0.0,1,1,1
U106530,2026-05-15,2026-05,control,1,1,1,0,0.0,0,0,0
U106531,2026-06-20,2026-06,control,1,0,0,0,0.0,1,1,1
U106532,2026-06-23,2026-06,control,1,0,0,0,0.0,1,1,1
U106533,2026-01-18,2026-01,control,1,0,0,0,0.0,1,1,1
U106534,2026-02-19,2026-02,treatment,1,1,0,0,0.0,0,0,0
U106535,2026-04-01,2026-04,treatment,1,0,0,0,0.0,1,1,1
U106536,2026-05-28,2026-05,control,1,0,0,0,0.0,0,0,0
U106537,2026-06-19,2026-06,treatment,1,0,0,0,0.0,1,1,1
U106538,2026-05-03,2026-05,control,1,1,1,0,0.0,1,1,1
U106539,2026-05-21,2026-05,treatment,1,0,0,0,0.0,0,0,0
U106540,2026-03-20,2026-03,treatment,1,1,1,0,0.0,1,1,1
U106541,2026-06-11,2026-06,treatment,1,1,1,0,0.0,1,1,1
U106542,2026-06-27,2026-06,control,1,1,1,1,29.81,1,1,1
U106543,2026-04-04,2026-04,treatment,1,0,0,0,0.0,0,0,0
U106544,2026-05-07,2026-05,control,1,1,0,0,0.0,0,0,0
U106545,2026-02-22,2026-02,treatment,1,0,0,0,0.0,1,1,1
U106546,2026-05-15,2026-05,control,1,0,0,0,0.0,0,0,0
U106547,2026-05-08,2026-05,control,1,1,1,1,67.23,1,1,1
U106548,2026-03-10,2026-03,treatment,1,0,0,0,0.0,0,0,0
U106549,2026-04-30,2026-04,control,1,1,1,0,0.0,1,1,1
U106550,2026-04-15,2026-04,treatment,1,0,0,0,0.0,0,0,0
U106551,2026-05-11,2026-05,treatment,1,1,0,0,0.0,0,0,0
U106552,2026-05-18,2026-05,treatment,1,0,0,0,0.0,1,1,1
U106553,2026-01-17,2026-01,control,1,1,1,0,0.0,0,0,0
U106554,2026-06-07,2026-06,control,1,0,0,0,0.0,0,0,0
U106555,2026-06-01,2026-06,treatment,1,0,0,0,0.0,1,1,1
U106556,2026-04-19,2026-04,control,1,1,0,0,0.0,0,0,0
U106557,2026-02-11,2026-02,treatment,1,1,1,0,0.0,0,0,0
U106558,2026-06-06,2026-06,treatment,1,0,0,0,0.0,0,0,0
U106559,2026-06-25,2026-06,treatment,1,0,0,0,0.0,1,1,1
U106560,2026-03-30,2026-03,treatment,1,0,0,0,0.0,1,1,1
U106561,2026-04-13,2026-04,treatment,1,0,0,0,0.0,0,0,0
U106562,2026-03-19,2026-03,control,1,0,0,0,0.0,1,1,1
U106563,2026-05-17,2026-05,control,1,1,1,1,74.91,0,0,0
U106564,2026-03-12,2026-03,control,1,0,0,0,0.0,0,0,0
U106565,2026-04-18,2026-04,treatment,1,0,0,0,0.0,1,1,1
U106566,2026-05-31,2026-05,treatment,1,1,0,0,0.0,0,0,0
U106567,2026-05-15,2026-05,treatment,1,0,0,0,0.0,0,0,0
U106568,2026-04-22,2026-04,treatment,1,1,1,0,0.0,0,0,0
U106569,2026-04-27,2026-04,treatment,1,1,0,0,0.0,1,1,1
U106570,2026-05-15,2026-05,control,1,1,0,0,0.0,1,1,1
U106571,2026-01-14,2026-01,control,1,1,1,0,0.0,0,0,0
U106572,2026-02-20,2026-02,control,1,1,0,0,0.0,0,0,0
U106573,2026-06-18,2026-06,treatment,1,0,0,0,0.0,0,0,0
U106574,2026-02-20,2026-02,control,1,0,0,0,0.0,0,0,0
U106575,2026-06-01,2026-06,treatment,1,1,0,0,0.0,1,1,1
U106576,2026-06-22,2026-06,treatment,1,0,0,0,0.0,1,1,1
U106577,2026-04-04,2026-04,control,1,0,0,0,0.0,1,1,1
U106578,2026-04-20,2026-04,control,1,1,0,0,0.0,0,0,0
U106579,2026-05-16,2026-05,control,1,1,0,0,0.0,1,1,1
U106580,2026-06-19,2026-06,control,1,0,0,0,0.0,0,0,0
U106581,2026-06-24,2026-06,treatment,1,1,0,0,0.0,0,0,0
U106582,2026-06-04,2026-06,control,1,1,0,0,0.0,1,1,1
U106583,2026-02-22,2026-02,treatment,1,1,0,0,0.0,0,0,0
U106584,2026-05-28,2026-05,treatment,1,1,0,0,0.0,0,0,0
U106585,2026-04-26,2026-04,control,1,0,0,0,0.0,0,0,0
U106586,2026-05-04,2026-05,treatment,1,1,0,0,0.0,1,1,1
U106587,2026-02-09,2026-02,treatment,1,1,1,1,63.97,0,0,0
U106588,2026-03-20,2026-03,treatment,1,1,1,1,90.77,0,0,0
U106589,2026-06-10,2026-06,control,1,1,1,0,0.0,0,0,0
U106590,2026-05-02,2026-05,control,1,0,0,0,0.0,0,0,0
U106591,2026-04-09,2026-04,control,1,0,0,0,0.0,1,1,1
U106592,2026-04-22,2026-04,control,1,0,0,0,0.0,0,0,0
U106593,2026-06-16,2026-06,treatment,1,1,0,0,0.0,0,0,0
U106594,2026-06-05,2026-06,treatment,1,1,1,0,0.0,1,1,1
U106595,2026-04-04,2026-04,treatment,1,0,0,0,0.0,0,0,0
U106596,2026-03-03,2026-03,control,1,0,0,0,0.0,0,0,0
U106597,2026-04-01,2026-04,control,1,1,1,1,35.61,0,0,0
U106598,2026-06-22,2026-06,treatment,1,0,0,0,0.0,0,0,0
U106599,2026-05-18,2026-05,control,1,0,0,0,0.0,0,0,0
U106600,2026-05-12,2026-05,control,1,0,0,0,0.0,1,1,1
U106601,2026-05-20,2026-05,treatment,1,1,1,1,91.25,0,0,0
U106602,2026-04-19,2026-04,control,1,1,0,0,0.0,0,0,0
U106603,2026-06-11,2026-06,treatment,1,0,0,0,0.0,0,0,0
U106604,2026-05-11,2026-05,control,1,0,0,0,0.0,1,1,1
U106605,2026-03-03,2026-03,treatment,1,1,1,0,0.0,0,0,0
U106606,2026-03-06,2026-03,treatment,1,1,1,1,94.74,0,0,0
U106607,2026-05-12,2026-05,control,1,1,0,0,0.0,0,0,0
U106608,2026-06-24,2026-06,treatment,1,0,0,0,0.0,0,0,0
U106609,2026-04-10,2026-04,treatment,1,0,0,0,0.0,0,0,0
U106610,2026-06-17,2026-06,treatment,1,1,1,0,0.0,1,1,1
U106611,2026-06-07,2026-06,control,1,0,0,0,0.0,0,0,0
U106612,2026-03-31,2026-03,treatment,1,0,0,0,0.0,1,1,1
U106613,2026-02-04,2026-02,control,1,1,0,0,0.0,0,0,0
U106614,2026-02-27,2026-02,treatment,1,1,0,0,0.0,1,1,1
U106615,2026-06-03,2026-06,treatment,1,1,1,1,104.63,0,0,0
U106616,2026-03-22,2026-03,control,1,1,1,0,0.0,1,1,1
U106617,2026-04-20,2026-04,treatment,1,0,0,0,0.0,1,1,1
U106618,2026-05-08,2026-05,control,1,0,0,0,0.0,1,1,1
U106619,2026-06-03,2026-06,control,1,0,0,0,0.0,1,1,1
U106620,2026-03-02,2026-03,treatment,1,1,0,0,0.0,1,1,1
U106621,2026-04-25,2026-04,treatment,1,0,0,0,0.0,1,1,1
U106622,2026-05-06,2026-05,control,1,1,1,0,0.0,1,1,1
U106623,2026-05-13,2026-05,control,1,0,0,0,0.0,1,1,1
U106624,2026-06-12,2026-06,treatment,1,0,0,0,0.0,0,0,0
U106625,2026-03-16,2026-03,treatment,1,0,0,0,0.0,0,0,0
U106626,2026-06-11,2026-06,control,1,1,1,0,0.0,0,0,0
U106627,2026-05-30,2026-05,control,1,0,0,0,0.0,0,0,0
U106628,2026-05-15,2026-05,treatment,1,1,0,0,0.0,0,0,0
U106629,2026-05-31,2026-05,treatment,1,0,0,0,0.0,0,0,0
U106630,2026-04-26,2026-04,treatment,1,1,1,1,25.53,0,0,0
U106631,2026-03-08,2026-03,control,1,1,1,1,45.85,0,0,0
U106632,2026-05-27,2026-05,treatment,1,0,0,0,0.0,0,0,0
U106633,2026-05-11,2026-05,treatment,1,1,0,0,0.0,1,1,1
U106634,2026-05-24,2026-05,control,1,0,0,0,0.0,1,1,1
U106635,2026-04-15,2026-04,treatment,1,1,0,0,0.0,1,1,1
U106636,2026-06-21,2026-06,treatment,1,1,1,1,34.1,1,1,1
U106637,2026-05-18,2026-05,control,1,0,0,0,0.0,1,1,1
U106638,2026-02-22,2026-02,treatment,1,0,0,0,0.0,0,0,0
U106639,2026-05-01,2026-05,treatment,1,0,0,0,0.0,0,0,0
U106640,2026-06-06,2026-06,treatment,1,1,1,0,0.0,0,0,0
U106641,2026-06-10,2026-06,treatment,1,0,0,0,0.0,1,1,1
U106642,2026-05-07,2026-05,control,1,1,0,0,0.0,0,0,0
U106643,2026-06-20,2026-06,control,1,1,1,1,34.51,0,0,0
U106644,2026-04-04,2026-04,treatment,1,1,1,1,49.69,0,0,0
U106645,2026-04-26,2026-04,control,1,0,0,0,0.0,0,0,0
U106646,2026-06-20,2026-06,control,1,0,0,0,0.0,0,0,0
U106647,2026-06-20,2026-06,treatment,1,0,0,0,0.0,1,1,1
U106648,2026-05-30,2026-05,control,1,0,0,0,0.0,0,0,0
U106649,2026-06-16,2026-06,treatment,1,0,0,0,0.0,0,0,0
U106650,2026-02-23,2026-02,control,1,0,0,0,0.0,0,0,0
U106651,2026-06-17,2026-06,control,1,0,0,0,0.0,0,0,0
U106652,2026-04-12,2026-04,treatment,1,0,0,0,0.0,0,0,0
U106653,2026-03-18,2026-03,treatment,1,0,0,0,0.0,0,0,0
U106654,2026-03-30,2026-03,treatment,1,0,0,0,0.0,1,1,1
U106655,2026-04-27,2026-04,treatment,1,0,0,0,0.0,1,1,1
U106656,2026-04-01,2026-04,treatment,1,0,0,0,0.0,0,0,0
U106657,2026-04-12,2026-04,treatment,1,0,0,0,0.0,1,1,1
U106658,2026-03-08,2026-03,treatment,1,1,1,1,58.91,0,0,0
U106659,2026-04-08,2026-04,treatment,1,0,0,0,0.0,1,1,1
U106660,2026-05-17,2026-05,control,1,1,1,1,72.07,1,1,1
U106661,2026-04-30,2026-04,treatment,1,0,0,0,0.0,0,0,0
U106662,2026-04-16,2026-04,control,1,1,0,0,0.0,0,0,0
U106663,2026-06-05,2026-06,treatment,1,1,1,1,51.68,0,0,0
U106664,2026-06-20,2026-06,control,1,1,1,1,49.97,1,1,1
U106665,2026-06-06,2026-06,treatment,1,1,0,0,0.0,0,0,0
U106666,2026-04-14,2026-04,treatment,1,0,0,0,0.0,0,0,0
U106667,2026-06-05,2026-06,treatment,1,0,0,0,0.0,0,0,0
U106668,2026-03-12,2026-03,treatment,1,0,0,0,0.0,0,0,0
U106669,2026-03-06,2026-03,treatment,1,0,0,0,0.0,1,1,1
U106670,2026-04-16,2026-04,control,1,0,0,0,0.0,1,1,1
U106671,2026-06-11,2026-06,treatment,1,0,0,0,0.0,0,0,0
U106672,2026-03-31,2026-03,control,1,0,0,0,0.0,0,0,0
U106673,2026-02-15,2026-02,treatment,1,0,0,0,0.0,0,0,0
U106674,2026-03-07,2026-03,control,1,0,0,0,0.0,0,0,0
U106675,2026-06-16,2026-06,treatment,1,1,1,0,0.0,0,0,0
U106676,2026-05-24,2026-05,treatment,1,1,1,0,0.0,1,1,1
U106677,2026-04-01,2026-04,treatment,1,0,0,0,0.0,1,1,1
U106678,2026-05-15,2026-05,treatment,1,0,0,0,0.0,0,0,0
U106679,2026-05-11,2026-05,treatment,1,0,0,0,0.0,1,1,1
U106680,2026-05-26,2026-05,control,1,1,1,1,62.17,1,1,1
U106681,2026-03-28,2026-03,treatment,1,0,0,0,0.0,0,0,0
U106682,2026-06-17,2026-06,treatment,1,1,0,0,0.0,0,0,0
U106683,2026-04-11,2026-04,control,1,0,0,0,0.0,0,0,0
U106684,2026-05-30,2026-05,control,1,0,0,0,0.0,0,0,0
U106685,2026-01-23,2026-01,control,1,1,1,0,0.0,1,1,1
U106686,2026-04-20,2026-04,treatment,1,1,1,0,0.0,1,1,1
U106687,2026-04-17,2026-04,control,1,1,1,0,0.0,0,0,0
U106688,2026-05-13,2026-05,control,1,0,0,0,0.0,0,0,0
U106689,2026-02-18,2026-02,control,1,1,1,0,0.0,0,0,0
U106690,2026-06-10,2026-06,treatment,1,0,0,0,0.0,0,0,0
U106691,2026-03-26,2026-03,treatment,1,0,0,0,0.0,0,0,0
U106692,2026-05-29,2026-05,treatment,1,0,0,0,0.0,1,1,1
U106693,2026-06-11,2026-06,treatment,1,0,0,0,0.0,0,0,0
U106694,2026-05-15,2026-05,control,1,1,1,0,0.0,1,1,1
U106695,2026-06-04,2026-06,control,1,0,0,0,0.0,1,1,1
U106696,2026-05-27,2026-05,treatment,1,1,0,0,0.0,1,1,1
U106697,2026-04-18,2026-04,control,1,0,0,0,0.0,1,1,1
U106698,2026-06-11,2026-06,control,1,0,0,0,0.0,0,0,0
U106699,2026-04-08,2026-04,treatment,1,1,1,0,0.0,1,1,1
U106700,2026-05-17,2026-05,control,1,1,1,0,0.0,0,0,0
U106701,2026-06-05,2026-06,treatment,1,1,0,0,0.0,1,1,1
U106702,2026-04-21,2026-04,control,1,1,1,0,0.0,1,1,1
U106703,2026-04-10,2026-04,treatment,1,0,0,0,0.0,1,1,1
U106704,2026-05-02,2026-05,control,1,1,0,0,0.0,1,1,1
U106705,2026-06-12,2026-06,control,1,1,0,0,0.0,0,0,0
U106706,2026-06-23,2026-06,control,1,0,0,0,0.0,1,1,1
U106707,2026-05-13,2026-05,treatment,1,0,0,0,0.0,0,0,0
U106708,2026-05-27,2026-05,treatment,1,0,0,0,0.0,1,1,1
U106709,2026-06-21,2026-06,control,1,0,0,0,0.0,1,1,1
U106710,2026-02-26,2026-02,treatment,1,1,0,0,0.0,0,0,0
U106711,2026-03-28,2026-03,treatment,1,0,0,0,0.0,0,0,0
U106712,2026-06-01,2026-06,treatment,1,1,0,0,0.0,1,1,1
U106713,2026-06-13,2026-06,treatment,1,0,0,0,0.0,0,0,0
U106714,2026-06-16,2026-06,control,1,0,0,0,0.0,0,0,0
U106715,2026-04-26,2026-04,treatment,1,1,0,0,0.0,0,0,0
U106716,2026-02-23,2026-02,treatment,1,0,0,0,0.0,1,1,1
U106717,2026-04-30,2026-04,control,1,0,0,0,0.0,1,1,1
U106718,2026-03-28,2026-03,control,1,1,0,0,0.0,0,0,0
U106719,2026-04-08,2026-04,treatment,1,1,1,0,0.0,0,0,0
U106720,2026-06-08,2026-06,treatment,1,0,0,0,0.0,1,1,1
U106721,2026-02-19,2026-02,treatment,1,0,0,0,0.0,0,0,0
U106722,2026-06-13,2026-06,treatment,1,0,0,0,0.0,0,0,0
U106723,2026-04-28,2026-04,treatment,1,1,1,0,0.0,0,0,0
U106724,2026-05-19,2026-05,control,1,1,0,0,0.0,1,1,1
U106725,2026-02-23,2026-02,control,1,0,0,0,0.0,0,0,0
U106726,2026-04-15,2026-04,control,1,1,1,1,52.38,1,1,1
U106727,2026-02-23,2026-02,control,1,0,0,0,0.0,0,0,0
U106728,2026-06-26,2026-06,control,1,0,0,0,0.0,0,0,0
U106729,2026-06-11,2026-06,treatment,1,0,0,0,0.0,0,0,0
U106730,2026-05-03,2026-05,treatment,1,0,0,0,0.0,0,0,0
U106731,2026-03-27,2026-03,treatment,1,0,0,0,0.0,1,1,1
U106732,2026-06-23,2026-06,treatment,1,1,1,0,0.0,1,1,1
U106733,2026-04-16,2026-04,treatment,1,0,0,0,0.0,0,0,0
U106734,2026-03-14,2026-03,treatment,1,1,1,1,68.53,0,0,0
U106735,2026-05-16,2026-05,treatment,1,1,1,1,65.46,0,0,0
U106736,2026-06-24,2026-06,control,1,1,0,0,0.0,0,0,0
U106737,2026-01-12,2026-01,control,1,0,0,0,0.0,0,0,0
U106738,2026-03-29,2026-03,treatment,1,0,0,0,0.0,1,1,1
U106739,2026-06-24,2026-06,control,1,1,1,0,0.0,0,0,0
U106740,2026-03-16,2026-03,treatment,1,0,0,0,0.0,0,0,0
U106741,2026-03-02,2026-03,control,1,1,1,0,0.0,1,1,1
U106742,2026-05-16,2026-05,treatment,1,0,0,0,0.0,1,1,1
U106743,2026-06-17,2026-06,treatment,1,0,0,0,0.0,1,1,1
U106744,2026-05-05,2026-05,control,1,1,1,1,88.43,1,1,1
U106745,2026-06-29,2026-06,treatment,1,1,1,0,0.0,0,0,0
U106746,2026-05-29,2026-05,control,1,0,0,0,0.0,0,0,0
U106747,2026-02-18,2026-02,control,1,0,0,0,0.0,1,1,1
U106748,2026-06-29,2026-06,control,1,1,1,0,0.0,0,0,0
U106749,2026-04-25,2026-04,treatment,1,0,0,0,0.0,0,0,0
U106750,2026-04-07,2026-04,control,1,0,0,0,0.0,1,1,1
U106751,2026-05-15,2026-05,treatment,1,0,0,0,0.0,0,0,0
U106752,2026-04-10,2026-04,control,1,0,0,0,0.0,1,1,1
U106753,2026-02-22,2026-02,control,1,0,0,0,0.0,0,0,0
U106754,2026-01-07,2026-01,treatment,1,0,0,0,0.0,0,0,0
U106755,2026-05-01,2026-05,control,1,1,0,0,0.0,0,0,0
U106756,2026-06-14,2026-06,control,1,1,0,0,0.0,0,0,0
U106757,2026-05-17,2026-05,control,1,1,1,0,0.0,1,1,1
U106758,2026-06-29,2026-06,treatment,1,0,0,0,0.0,0,0,0
U106759,2026-04-07,2026-04,treatment,1,0,0,0,0.0,1,1,1
U106760,2026-04-06,2026-04,control,1,1,0,0,0.0,1,1,1
U106761,2026-03-13,2026-03,control,1,0,0,0,0.0,1,1,1
U106762,2026-03-14,2026-03,control,1,1,0,0,0.0,1,1,1
U106763,2026-04-07,2026-04,control,1,0,0,0,0.0,0,0,0
U106764,2026-06-10,2026-06,treatment,1,1,1,1,44.51,1,1,1
U106765,2026-06-21,2026-06,treatment,1,1,0,0,0.0,1,1,1
U106766,2026-06-27,2026-06,treatment,1,0,0,0,0.0,1,1,1
U106767,2026-03-28,2026-03,control,1,0,0,0,0.0,0,0,0
U106768,2026-06-18,2026-06,treatment,1,0,0,0,0.0,0,0,0
U106769,2026-04-14,2026-04,treatment,1,0,0,0,0.0,1,1,1
U106770,2026-03-02,2026-03,treatment,1,0,0,0,0.0,0,0,0
U106771,2026-06-17,2026-06,treatment,1,1,1,1,49.08,0,0,0
U106772,2026-05-24,2026-05,treatment,1,0,0,0,0.0,0,0,0
U106773,2026-03-15,2026-03,treatment,1,0,0,0,0.0,0,0,0
U106774,2026-04-29,2026-04,control,1,0,0,0,0.0,0,0,0
U106775,2026-04-07,2026-04,treatment,1,0,0,0,0.0,0,0,0
U106776,2026-06-04,2026-06,control,1,0,0,0,0.0,0,0,0
U106777,2026-05-02,2026-05,treatment,1,1,0,0,0.0,0,0,0
U106778,2026-06-29,2026-06,treatment,1,1,1,0,0.0,0,0,0
U106779,2026-02-12,2026-02,treatment,1,0,0,0,0.0,0,0,0
U106780,2026-04-18,2026-04,control,1,0,0,0,0.0,1,1,1
U106781,2026-05-05,2026-05,control,1,1,1,0,0.0,0,0,0
U106782,2026-05-08,2026-05,control,1,0,0,0,0.0,0,0,0
U106783,2026-04-12,2026-04,treatment,1,0,0,0,0.0,0,0,0
U106784,2026-06-03,2026-06,treatment,1,1,1,1,90.14,1,1,1
U106785,2026-06-18,2026-06,treatment,1,0,0,0,0.0,0,0,0
U106786,2026-06-24,2026-06,control,1,0,0,0,0.0,0,0,0
U106787,2026-06-11,2026-06,treatment,1,1,0,0,0.0,0,0,0
U106788,2026-06-16,2026-06,treatment,1,0,0,0,0.0,0,0,0
U106789,2026-05-14,2026-05,control,1,1,0,0,0.0,1,1,1
U106790,2026-06-13,2026-06,treatment,1,0,0,0,0.0,1,1,1
U106791,2026-04-10,2026-04,treatment,1,1,1,0,0.0,1,1,1
U106792,2026-04-24,2026-04,treatment,1,0,0,0,0.0,0,0,0
U106793,2026-04-12,2026-04,treatment,1,0,0,0,0.0,0,0,0
U106794,2026-05-04,2026-05,control,1,1,1,0,0.0,1,1,1
U106795,2026-04-07,2026-04,treatment,1,1,0,0,0.0,0,0,0
U106796,2026-06-26,2026-06,treatment,1,0,0,0,0.0,0,0,0
U106797,2026-04-11,2026-04,treatment,1,1,0,0,0.0,0,0,0
U106798,2026-02-26,2026-02,treatment,1,0,0,0,0.0,0,0,0
U106799,2026-05-11,2026-05,treatment,1,1,1,1,39.64,0,0,0
U106800,2026-02-13,2026-02,treatment,1,1,1,1,177.17,1,1,1
U106801,2026-03-01,2026-03,treatment,1,0,0,0,0.0,0,0,0
U106802,2026-03-26,2026-03,control,1,0,0,0,0.0,1,1,1
U106803,2026-05-03,2026-05,control,1,0,0,0,0.0,0,0,0
U106804,2026-04-29,2026-04,control,1,1,1,0,0.0,0,0,0
U106805,2026-06-10,2026-06,treatment,1,0,0,0,0.0,1,1,1
U106806,2026-06-04,2026-06,treatment,1,1,0,0,0.0,0,0,0
U106807,2026-04-28,2026-04,control,1,0,0,0,0.0,0,0,0
U106808,2026-04-14,2026-04,control,1,1,0,0,0.0,0,0,0
U106809,2026-04-12,2026-04,treatment,1,1,1,1,111.25,0,0,0
U106810,2026-06-08,2026-06,treatment,1,1,1,0,0.0,1,1,1
U106811,2026-02-11,2026-02,treatment,1,1,1,1,49.3,0,0,0
U106812,2026-01-21,2026-01,control,1,0,0,0,0.0,0,0,0
U106813,2026-06-10,2026-06,control,1,0,0,0,0.0,0,0,0
U106814,2026-05-05,2026-05,control,1,1,0,0,0.0,0,0,0
U106815,2026-03-07,2026-03,control,1,0,0,0,0.0,1,1,1
U106816,2026-03-29,2026-03,control,1,1,0,0,0.0,1,1,1
U106817,2026-06-23,2026-06,control,1,1,0,0,0.0,1,1,1
U106818,2026-06-16,2026-06,control,1,1,1,0,0.0,0,0,0
U106819,2026-06-01,2026-06,control,1,0,0,0,0.0,1,1,1
U106820,2026-05-05,2026-05,treatment,1,0,0,0,0.0,0,0,0
U106821,2026-05-10,2026-05,control,1,1,0,0,0.0,1,1,1
U106822,2026-06-27,2026-06,control,1,0,0,0,0.0,1,1,1
U106823,2026-06-26,2026-06,treatment,1,1,0,0,0.0,1,1,1
U106824,2026-03-25,2026-03,treatment,1,0,0,0,0.0,1,1,1
U106825,2026-06-12,2026-06,treatment,1,0,0,0,0.0,0,0,0
U106826,2026-03-21,2026-03,treatment,1,0,0,0,0.0,0,0,0
U106827,2026-03-25,2026-03,treatment,1,1,1,1,32.39,1,1,1
U106828,2026-05-29,2026-05,treatment,1,0,0,0,0.0,0,0,0
U106829,2026-04-25,2026-04,treatment,1,0,0,0,0.0,0,0,0
U106830,2026-06-23,2026-06,treatment,1,1,1,1,55.94,0,0,0
U106831,2026-02-23,2026-02,treatment,1,1,1,1,56.16,0,0,0
U106832,2026-05-09,2026-05,control,1,1,0,0,0.0,0,0,0
U106833,2026-06-22,2026-06,treatment,1,0,0,0,0.0,0,0,0
U106834,2026-06-21,2026-06,treatment,1,1,0,0,0.0,1,1,1
U106835,2026-03-13,2026-03,treatment,1,0,0,0,0.0,0,0,0
U106836,2026-04-19,2026-04,control,1,1,1,1,31.01,0,0,0
U106837,2026-05-22,2026-05,control,1,1,1,0,0.0,0,0,0
U106838,2026-03-13,2026-03,treatment,1,0,0,0,0.0,0,0,0
U106839,2026-06-27,2026-06,control,1,0,0,0,0.0,1,1,1
U106840,2026-06-22,2026-06,treatment,1,1,1,1,98.98,1,1,1
U106841,2026-03-15,2026-03,treatment,1,0,0,0,0.0,0,0,0
U106842,2026-03-04,2026-03,treatment,1,1,0,0,0.0,0,0,0
U106843,2026-02-22,2026-02,treatment,1,0,0,0,0.0,1,1,1
U106844,2026-06-21,2026-06,treatment,1,1,1,1,42.02,0,0,0
U106845,2026-03-21,2026-03,treatment,1,0,0,0,0.0,0,0,0
U106846,2026-04-27,2026-04,treatment,1,0,0,0,0.0,1,1,1
U106847,2026-05-01,2026-05,treatment,1,0,0,0,0.0,1,1,1
U106848,2026-05-20,2026-05,treatment,1,0,0,0,0.0,0,0,0
U106849,2026-02-18,2026-02,treatment,1,0,0,0,0.0,0,0,0
U106850,2026-03-27,2026-03,treatment,1,0,0,0,0.0,0,0,0
U106851,2026-06-23,2026-06,control,1,0,0,0,0.0,1,1,1
U106852,2026-06-21,2026-06,control,1,1,1,0,0.0,0,0,0
U106853,2026-06-09,2026-06,control,1,0,0,0,0.0,0,0,0
U106854,2026-01-26,2026-01,control,1,1,1,1,44.24,1,1,1
U106855,2026-04-13,2026-04,treatment,1,0,0,0,0.0,1,1,1
U106856,2026-05-23,2026-05,control,1,0,0,0,0.0,0,0,0
U106857,2026-04-05,2026-04,treatment,1,0,0,0,0.0,1,1,1
U106858,2026-06-21,2026-06,control,1,1,1,0,0.0,1,1,1
U106859,2026-05-24,2026-05,control,1,0,0,0,0.0,0,0,0
U106860,2026-02-18,2026-02,control,1,0,0,0,0.0,0,0,0
U106861,2026-06-21,2026-06,treatment,1,0,0,0,0.0,0,0,0
U106862,2026-06-26,2026-06,control,1,0,0,0,0.0,0,0,0
U106863,2026-02-20,2026-02,control,1,0,0,0,0.0,0,0,0
U106864,2026-05-12,2026-05,treatment,1,0,0,0,0.0,1,1,1
U106865,2026-04-10,2026-04,control,1,0,0,0,0.0,0,0,0
U106866,2026-04-23,2026-04,control,1,1,0,0,0.0,0,0,0
U106867,2026-03-18,2026-03,treatment,1,0,0,0,0.0,1,1,1
U106868,2026-05-17,2026-05,control,1,0,0,0,0.0,0,0,0
U106869,2026-06-26,2026-06,control,1,0,0,0,0.0,0,0,0
U106870,2026-05-08,2026-05,control,1,0,0,0,0.0,1,1,1
U106871,2026-02-21,2026-02,control,1,0,0,0,0.0,0,0,0
U106872,2026-05-22,2026-05,treatment,1,1,1,1,42.66,0,0,0
U106873,2026-04-15,2026-04,control,1,1,0,0,0.0,0,0,0
U106874,2026-06-16,2026-06,treatment,1,1,1,1,27.22,0,0,0
U106875,2026-04-29,2026-04,treatment,1,0,0,0,0.0,1,1,1
U106876,2026-03-21,2026-03,control,1,0,0,0,0.0,0,0,0
U106877,2026-03-20,2026-03,treatment,1,0,0,0,0.0,0,0,0
U106878,2026-06-07,2026-06,control,1,1,0,0,0.0,1,1,1
U106879,2026-04-03,2026-04,control,1,1,1,0,0.0,1,1,1
U106880,2026-06-07,2026-06,control,1,0,0,0,0.0,0,0,0
U106881,2026-03-23,2026-03,control,1,1,0,0,0.0,1,1,1
U106882,2026-04-13,2026-04,treatment,1,0,0,0,0.0,0,0,0
U106883,2026-05-03,2026-05,control,1,0,0,0,0.0,0,0,0
U106884,2026-06-24,2026-06,treatment,1,0,0,0,0.0,0,0,0
U106885,2026-06-23,2026-06,treatment,1,0,0,0,0.0,0,0,0
U106886,2026-03-23,2026-03,control,1,1,0,0,0.0,1,1,1
U106887,2026-04-18,2026-04,treatment,1,1,1,1,63.95,1,1,1
U106888,2026-03-11,2026-03,treatment,1,1,1,0,0.0,1,1,1
U106889,2026-05-09,2026-05,control,1,0,0,0,0.0,0,0,0
U106890,2026-05-03,2026-05,control,1,1,1,0,0.0,0,0,0
U106891,2026-06-20,2026-06,control,1,1,0,0,0.0,1,1,1
U106892,2026-06-23,2026-06,control,1,0,0,0,0.0,0,0,0
U106893,2026-04-22,2026-04,treatment,1,0,0,0,0.0,0,0,0
U106894,2026-05-07,2026-05,control,1,1,0,0,0.0,0,0,0
U106895,2026-06-20,2026-06,treatment,1,1,1,1,38.96,0,0,0
U106896,2026-06-11,2026-06,treatment,1,1,1,0,0.0,0,0,0
U106897,2026-01-11,2026-01,treatment,1,0,0,0,0.0,0,0,0
U106898,2026-04-12,2026-04,control,1,0,0,0,0.0,0,0,0
U106899,2026-04-27,2026-04,control,1,1,1,0,0.0,0,0,0
U106900,2026-03-28,2026-03,control,1,1,0,0,0.0,0,0,0
U106901,2026-03-22,2026-03,control,1,0,0,0,0.0,0,0,0
U106902,2026-02-04,2026-02,treatment,1,1,1,0,0.0,0,0,0
U106903,2026-05-25,2026-05,control,1,1,0,0,0.0,0,0,0
U106904,2026-04-03,2026-04,control,1,1,1,1,62.71,1,1,1
U106905,2026-02-11,2026-02,control,1,1,1,1,153.66,0,0,0
U106906,2026-03-28,2026-03,treatment,1,0,0,0,0.0,1,1,1
U106907,2026-06-11,2026-06,treatment,1,1,1,1,67.47,1,1,1
U106908,2026-06-16,2026-06,treatment,1,0,0,0,0.0,1,1,1
U106909,2026-05-06,2026-05,control,1,1,0,0,0.0,1,1,1
U106910,2026-04-27,2026-04,control,1,0,0,0,0.0,0,0,0
U106911,2026-06-27,2026-06,treatment,1,1,1,1,12.07,1,1,1
U106912,2026-03-22,2026-03,treatment,1,1,0,0,0.0,1,1,1
U106913,2026-03-25,2026-03,treatment,1,1,1,1,79.36,0,0,0
U106914,2026-04-08,2026-04,treatment,1,0,0,0,0.0,1,1,1
U106915,2026-03-16,2026-03,control,1,0,0,0,0.0,0,0,0
U106916,2026-04-21,2026-04,control,1,1,0,0,0.0,0,0,0
U106917,2026-06-21,2026-06,treatment,1,0,0,0,0.0,1,1,1
U106918,2026-05-22,2026-05,control,1,0,0,0,0.0,1,1,1
U106919,2026-04-26,2026-04,treatment,1,1,1,1,79.46,0,0,0
U106920,2026-06-23,2026-06,control,1,0,0,0,0.0,0,0,0
U106921,2026-02-09,2026-02,control,1,1,1,1,78.26,0,0,0
U106922,2026-03-24,2026-03,treatment,1,0,0,0,0.0,1,1,1
U106923,2026-05-16,2026-05,control,1,1,1,1,22.64,0,0,0
U106924,2026-05-22,2026-05,control,1,1,1,1,57.25,1,1,1
U106925,2026-02-05,2026-02,control,1,1,1,1,36.05,0,0,0
U106926,2026-04-25,2026-04,treatment,1,1,0,0,0.0,0,0,0
U106927,2026-05-26,2026-05,control,1,0,0,0,0.0,1,1,1
U106928,2026-05-31,2026-05,control,1,1,1,1,45.42,0,0,0
U106929,2026-05-24,2026-05,treatment,1,1,1,1,75.63,1,1,1
U106930,2026-04-12,2026-04,control,1,0,0,0,0.0,1,1,1
U106931,2026-02-25,2026-02,treatment,1,0,0,0,0.0,0,0,0
U106932,2026-04-28,2026-04,control,1,1,1,0,0.0,1,1,1
U106933,2026-03-06,2026-03,treatment,1,0,0,0,0.0,0,0,0
U106934,2026-06-25,2026-06,control,1,0,0,0,0.0,0,0,0
U106935,2026-05-05,2026-05,treatment,1,0,0,0,0.0,0,0,0
U106936,2026-04-12,2026-04,treatment,1,0,0,0,0.0,1,1,1
U106937,2026-06-07,2026-06,treatment,1,1,1,0,0.0,1,1,1
U106938,2026-05-08,2026-05,control,1,0,0,0,0.0,0,0,0
U106939,2026-04-11,2026-04,control,1,0,0,0,0.0,0,0,0
U106940,2026-06-12,2026-06,treatment,1,1,0,0,0.0,1,1,1
U106941,2026-06-17,2026-06,control,1,0,0,0,0.0,0,0,0
U106942,2026-05-28,2026-05,control,1,1,0,0,0.0,0,0,0
U106943,2026-02-09,2026-02,treatment,1,1,0,0,0.0,1,1,1
U106944,2026-05-16,2026-05,control,1,1,0,0,0.0,0,0,0
U106945,2026-06-07,2026-06,treatment,1,1,0,0,0.0,0,0,0
U106946,2026-03-08,2026-03,control,1,0,0,0,0.0,1,1,1
U106947,2026-03-28,2026-03,treatment,1,0,0,0,0.0,0,0,0
U106948,2026-06-19,2026-06,treatment,1,0,0,0,0.0,1,1,1
U106949,2026-01-26,2026-01,treatment,1,0,0,0,0.0,0,0,0
U106950,2026-06-06,2026-06,treatment,1,0,0,0,0.0,0,0,0
U106951,2026-05-04,2026-05,control,1,0,0,0,0.0,0,0,0
U106952,2026-05-01,2026-05,treatment,1,0,0,0,0.0,0,0,0
U106953,2026-01-16,2026-01,treatment,1,0,0,0,0.0,1,1,1
U106954,2026-06-12,2026-06,control,1,0,0,0,0.0,1,1,1
U106955,2026-04-18,2026-04,treatment,1,0,0,0,0.0,1,1,1
U106956,2026-05-13,2026-05,control,1,0,0,0,0.0,1,1,1
U106957,2026-05-29,2026-05,treatment,1,1,1,0,0.0,1,1,1
U106958,2026-05-31,2026-05,control,1,1,1,0,0.0,0,0,0
U106959,2026-06-25,2026-06,treatment,1,1,0,0,0.0,0,0,0
U106960,2026-05-12,2026-05,treatment,1,1,0,0,0.0,1,1,1
U106961,2026-04-24,2026-04,control,1,1,0,0,0.0,1,1,1
U106962,2026-06-25,2026-06,treatment,1,1,0,0,0.0,0,0,0
U106963,2026-05-25,2026-05,control,1,0,0,0,0.0,0,0,0
U106964,2026-04-09,2026-04,control,1,0,0,0,0.0,1,1,1
U106965,2026-03-06,2026-03,control,1,1,1,1,54.32,1,1,1
U106966,2026-06-15,2026-06,control,1,0,0,0,0.0,0,0,0
U106967,2026-04-19,2026-04,control,1,0,0,0,0.0,0,0,0
U106968,2026-05-27,2026-05,treatment,1,0,0,0,0.0,0,0,0
U106969,2026-05-04,2026-05,control,1,0,0,0,0.0,0,0,0
U106970,2026-03-22,2026-03,treatment,1,1,1,1,35.62,0,0,0
U106971,2026-05-20,2026-05,control,1,0,0,0,0.0,0,0,0
U106972,2026-02-14,2026-02,treatment,1,0,0,0,0.0,0,0,0
U106973,2026-04-26,2026-04,treatment,1,0,0,0,0.0,0,0,0
U106974,2026-05-14,2026-05,control,1,1,1,0,0.0,1,1,1
U106975,2026-04-29,2026-04,treatment,1,1,1,1,59.91,1,1,1
U106976,2026-06-05,2026-06,treatment,1,0,0,0,0.0,0,0,0
U106977,2026-06-13,2026-06,treatment,1,1,1,1,49.12,0,0,0
U106978,2026-06-08,2026-06,control,1,0,0,0,0.0,1,1,1
U106979,2026-02-05,2026-02,control,1,1,0,0,0.0,0,0,0
U106980,2026-03-21,2026-03,treatment,1,1,1,1,74.84,0,0,0
U106981,2026-05-12,2026-05,treatment,1,1,1,0,0.0,0,0,0
U106982,2026-06-24,2026-06,control,1,0,0,0,0.0,0,0,0
U106983,2026-06-14,2026-06,control,1,0,0,0,0.0,1,1,1
U106984,2026-06-15,2026-06,treatment,1,0,0,0,0.0,0,0,0
U106985,2026-04-10,2026-04,treatment,1,0,0,0,0.0,1,1,1
U106986,2026-04-28,2026-04,treatment,1,0,0,0,0.0,1,1,1
U106987,2026-05-04,2026-05,control,1,0,0,0,0.0,0,0,0
U106988,2026-03-13,2026-03,control,1,0,0,0,0.0,1,1,1
U106989,2026-02-01,2026-02,control,1,1,1,0,0.0,1,1,1
U106990,2026-06-25,2026-06,control,1,0,0,0,0.0,1,1,1
U106991,2026-03-30,2026-03,control,1,1,0,0,0.0,0,0,0
U106992,2026-03-30,2026-03,treatment,1,1,1,0,0.0,0,0,0
U106993,2026-02-21,2026-02,treatment,1,1,1,1,43.59,0,0,0
U106994,2026-06-23,2026-06,treatment,1,1,1,1,34.39,0,0,0
U106995,2026-05-18,2026-05,control,1,1,1,0,0.0,1,1,1
U106996,2026-05-28,2026-05,control,1,1,1,1,30.81,1,1,1
U106997,2026-06-21,2026-06,control,1,0,0,0,0.0,1,1,1
U106998,2026-04-16,2026-04,control,1,0,0,0,0.0,1,1,1
U106999,2026-05-22,2026-05,treatment,1,1,1,0,0.0,0,0,0
U107000,2026-02-05,2026-02,control,1,0,0,0,0.0,0,0,0
U107001,2026-03-19,2026-03,control,1,0,0,0,0.0,0,0,0
U107002,2026-06-14,2026-06,control,1,1,1,1,47.55,0,0,0
U107003,2026-06-07,2026-06,control,1,0,0,0,0.0,1,1,1
U107004,2026-04-17,2026-04,treatment,1,1,1,0,0.0,0,0,0
U107005,2026-04-21,2026-04,control,1,0,0,0,0.0,0,0,0
U107006,2026-05-12,2026-05,treatment,1,1,1,1,35.61,0,0,0
U107007,2026-01-03,2026-01,treatment,1,0,0,0,0.0,0,0,0
U107008,2026-03-30,2026-03,control,1,1,0,0,0.0,1,1,1
U107009,2026-03-24,2026-03,control,1,0,0,0,0.0,0,0,0
U107010,2026-04-01,2026-04,treatment,1,1,1,0,0.0,0,0,0
U107011,2026-06-11,2026-06,treatment,1,0,0,0,0.0,1,1,1
U107012,2026-04-06,2026-04,control,1,0,0,0,0.0,1,1,1
U107013,2026-03-20,2026-03,control,1,0,0,0,0.0,1,1,1
U107014,2026-05-08,2026-05,control,1,0,0,0,0.0,1,1,1
U107015,2026-06-17,2026-06,control,1,1,0,0,0.0,0,0,0
U107016,2026-03-30,2026-03,control,1,0,0,0,0.0,1,1,1
U107017,2026-02-20,2026-02,control,1,0,0,0,0.0,1,1,1
U107018,2026-04-18,2026-04,control,1,0,0,0,0.0,0,0,0
U107019,2026-06-05,2026-06,control,1,1,1,1,76.67,0,0,0
U107020,2026-05-14,2026-05,control,1,0,0,0,0.0,1,1,1
U107021,2026-06-12,2026-06,treatment,1,0,0,0,0.0,0,0,0
U107022,2026-06-26,2026-06,treatment,1,1,1,0,0.0,1,1,1
U107023,2026-06-10,2026-06,treatment,1,1,1,1,55.63,0,0,0
U107024,2026-05-20,2026-05,control,1,1,0,0,0.0,1,1,1
U107025,2026-05-07,2026-05,treatment,1,1,1,1,166.75,1,1,1
U107026,2026-02-06,2026-02,control,1,0,0,0,0.0,1,1,1
U107027,2026-06-28,2026-06,treatment,1,1,1,0,0.0,1,1,1
U107028,2026-04-22,2026-04,control,1,1,0,0,0.0,0,0,0
U107029,2026-03-12,2026-03,control,1,1,0,0,0.0,0,0,0
U107030,2026-05-27,2026-05,treatment,1,0,0,0,0.0,0,0,0
U107031,2026-04-06,2026-04,treatment,1,1,0,0,0.0,0,0,0
U107032,2026-05-18,2026-05,treatment,1,0,0,0,0.0,0,0,0
U107033,2026-05-18,2026-05,control,1,1,0,0,0.0,0,0,0
U107034,2026-05-01,2026-05,control,1,0,0,0,0.0,0,0,0
U107035,2026-06-14,2026-06,control,1,0,0,0,0.0,0,0,0
U107036,2026-04-03,2026-04,treatment,1,0,0,0,0.0,1,1,1
U107037,2026-05-01,2026-05,treatment,1,0,0,0,0.0,0,0,0
U107038,2026-05-12,2026-05,treatment,1,1,0,0,0.0,0,0,0
U107039,2026-05-27,2026-05,control,1,1,0,0,0.0,1,1,1
U107040,2026-06-09,2026-06,treatment,1,1,1,1,21.85,1,1,1
U107041,2026-04-24,2026-04,control,1,0,0,0,0.0,0,0,0
U107042,2026-05-25,2026-05,control,1,1,1,0,0.0,0,0,0
U107043,2026-03-11,2026-03,treatment,1,1,1,0,0.0,0,0,0
U107044,2026-06-23,2026-06,treatment,1,0,0,0,0.0,1,1,1
U107045,2026-04-22,2026-04,control,1,1,1,1,60.58,0,0,0
U107046,2026-06-03,2026-06,control,1,0,0,0,0.0,0,0,0
U107047,2026-01-26,2026-01,control,1,0,0,0,0.0,0,0,0
U107048,2026-03-23,2026-03,control,1,0,0,0,0.0,0,0,0
U107049,2026-05-06,2026-05,control,1,0,0,0,0.0,0,0,0
U107050,2026-06-18,2026-06,control,1,0,0,0,0.0,0,0,0
U107051,2026-05-11,2026-05,control,1,0,0,0,0.0,0,0,0
U107052,2026-06-23,2026-06,treatment,1,1,1,1,33.85,0,0,0
U107053,2026-05-06,2026-05,treatment,1,0,0,0,0.0,1,1,1
U107054,2026-05-07,2026-05,control,1,0,0,0,0.0,0,0,0
U107055,2026-03-04,2026-03,treatment,1,1,0,0,0.0,0,0,0
U107056,2026-06-11,2026-06,treatment,1,0,0,0,0.0,1,1,1
U107057,2026-03-31,2026-03,control,1,1,0,0,0.0,0,0,0
U107058,2026-06-20,2026-06,control,1,0,0,0,0.0,0,0,0
U107059,2026-06-21,2026-06,treatment,1,0,0,0,0.0,1,1,1
U107060,2026-06-24,2026-06,treatment,1,0,0,0,0.0,0,0,0
U107061,2026-05-10,2026-05,treatment,1,1,1,0,0.0,1,1,1
U107062,2026-05-29,2026-05,treatment,1,0,0,0,0.0,1,1,1
U107063,2026-06-08,2026-06,control,1,0,0,0,0.0,0,0,0
U107064,2026-03-07,2026-03,control,1,1,0,0,0.0,0,0,0
U107065,2026-05-20,2026-05,control,1,1,1,0,0.0,0,0,0
U107066,2026-02-03,2026-02,control,1,0,0,0,0.0,1,1,1
U107067,2026-05-07,2026-05,control,1,1,1,1,91.2,0,0,0
U107068,2026-03-12,2026-03,control,1,0,0,0,0.0,1,1,1
U107069,2026-03-18,2026-03,control,1,0,0,0,0.0,1,1,1
U107070,2026-04-19,2026-04,control,1,0,0,0,0.0,0,0,0
U107071,2026-04-29,2026-04,control,1,0,0,0,0.0,0,0,0
U107072,2026-05-23,2026-05,control,1,0,0,0,0.0,0,0,0
U107073,2026-02-19,2026-02,control,1,0,0,0,0.0,0,0,0
U107074,2026-05-08,2026-05,control,1,0,0,0,0.0,0,0,0
U107075,2026-03-18,2026-03,treatment,1,0,0,0,0.0,0,0,0
U107076,2026-05-17,2026-05,treatment,1,0,0,0,0.0,1,1,1
U107077,2026-05-24,2026-05,control,1,1,1,1,85.02,0,0,0
U107078,2026-05-15,2026-05,control,1,1,1,0,0.0,1,1,1
U107079,2026-06-04,2026-06,treatment,1,0,0,0,0.0,0,0,0
U107080,2026-04-15,2026-04,treatment,1,1,1,0,0.0,0,0,0
U107081,2026-06-07,2026-06,treatment,1,0,0,0,0.0,0,0,0
U107082,2026-04-29,2026-04,control,1,0,0,0,0.0,1,1,1
U107083,2026-05-06,2026-05,treatment,1,0,0,0,0.0,1,1,1
U107084,2026-05-25,2026-05,treatment,1,0,0,0,0.0,1,1,1
U107085,2026-01-25,2026-01,treatment,1,1,0,0,0.0,0,0,0
U107086,2026-05-26,2026-05,control,1,1,0,0,0.0,1,1,1
U107087,2026-05-22,2026-05,treatment,1,0,0,0,0.0,0,0,0
U107088,2026-04-11,2026-04,treatment,1,0,0,0,0.0,0,0,0
U107089,2026-02-22,2026-02,treatment,1,0,0,0,0.0,1,1,1
U107090,2026-02-24,2026-02,control,1,0,0,0,0.0,0,0,0
U107091,2026-06-22,2026-06,treatment,1,1,1,0,0.0,0,0,0
U107092,2026-05-30,2026-05,control,1,1,1,0,0.0,0,0,0
U107093,2026-03-06,2026-03,control,1,0,0,0,0.0,0,0,0
U107094,2026-04-18,2026-04,treatment,1,1,0,0,0.0,0,0,0
U107095,2026-05-19,2026-05,control,1,0,0,0,0.0,0,0,0
U107096,2026-06-14,2026-06,treatment,1,1,1,1,31.98,1,1,1
U107097,2026-02-07,2026-02,treatment,1,0,0,0,0.0,1,1,1
U107098,2026-03-29,2026-03,control,1,1,0,0,0.0,1,1,1
U107099,2026-06-19,2026-06,treatment,1,0,0,0,0.0,0,0,0
U107100,2026-01-18,2026-01,treatment,1,0,0,0,0.0,1,1,1
U107101,2026-03-22,2026-03,control,1,1,1,1,67.74,0,0,0
U107102,2026-06-26,2026-06,treatment,1,0,0,0,0.0,0,0,0
U107103,2026-05-21,2026-05,control,1,1,0,0,0.0,1,1,1
U107104,2026-04-03,2026-04,control,1,0,0,0,0.0,1,1,1
U107105,2026-02-16,2026-02,control,1,1,0,0,0.0,0,0,0
U107106,2026-01-31,2026-01,control,1,1,1,0,0.0,0,0,0
U107107,2026-03-31,2026-03,control,1,0,0,0,0.0,1,1,1
U107108,2026-06-18,2026-06,treatment,1,0,0,0,0.0,1,1,1
U107109,2026-04-27,2026-04,treatment,1,1,0,0,0.0,0,0,0
U107110,2026-06-02,2026-06,treatment,1,0,0,0,0.0,0,0,0
U107111,2026-06-22,2026-06,control,1,1,0,0,0.0,0,0,0
U107112,2026-04-25,2026-04,treatment,1,1,1,0,0.0,1,1,1
U107113,2026-03-20,2026-03,control,1,1,0,0,0.0,0,0,0
U107114,2026-05-10,2026-05,control,1,0,0,0,0.0,0,0,0
U107115,2026-06-21,2026-06,control,1,1,1,0,0.0,0,0,0
U107116,2026-06-11,2026-06,control,1,0,0,0,0.0,1,1,1
U107117,2026-02-16,2026-02,control,1,1,1,1,55.76,0,0,0
U107118,2026-05-30,2026-05,treatment,1,0,0,0,0.0,1,1,1
U107119,2026-05-17,2026-05,treatment,1,0,0,0,0.0,0,0,0
U107120,2026-06-21,2026-06,control,1,1,1,0,0.0,1,1,1
U107121,2026-03-04,2026-03,control,1,1,1,1,76.8,0,0,0
U107122,2026-05-12,2026-05,control,1,1,1,0,0.0,0,0,0
U107123,2026-06-18,2026-06,treatment,1,0,0,0,0.0,0,0,0
U107124,2026-04-26,2026-04,treatment,1,1,1,1,102.19,1,1,1
U107125,2026-05-05,2026-05,treatment,1,1,1,0,0.0,0,0,0
U107126,2026-02-17,2026-02,treatment,1,1,1,1,68.17,0,0,0
U107127,2026-04-05,2026-04,control,1,0,0,0,0.0,0,0,0
U107128,2026-04-13,2026-04,treatment,1,0,0,0,0.0,0,0,0
U107129,2026-06-24,2026-06,control,1,1,1,0,0.0,0,0,0
U107130,2026-04-06,2026-04,control,1,0,0,0,0.0,0,0,0
U107131,2026-05-03,2026-05,treatment,1,1,1,1,85.3,1,1,1
U107132,2026-05-28,2026-05,control,1,0,0,0,0.0,0,0,0
U107133,2026-03-14,2026-03,treatment,1,1,1,1,134.2,0,0,0
U107134,2026-05-06,2026-05,control,1,1,0,0,0.0,0,0,0
U107135,2026-06-04,2026-06,treatment,1,1,0,0,0.0,0,0,0
U107136,2026-06-17,2026-06,control,1,0,0,0,0.0,0,0,0
U107137,2026-05-23,2026-05,control,1,1,1,1,61.89,0,0,0
U107138,2026-05-28,2026-05,treatment,1,0,0,0,0.0,0,0,0
U107139,2026-03-05,2026-03,treatment,1,1,0,0,0.0,1,1,1
U107140,2026-06-25,2026-06,treatment,1,0,0,0,0.0,0,0,0
U107141,2026-03-07,2026-03,treatment,1,1,1,1,41.66,1,1,1
U107142,2026-06-08,2026-06,treatment,1,1,1,1,108.36,0,0,0
U107143,2026-04-03,2026-04,treatment,1,0,0,0,0.0,1,1,1
U107144,2026-06-23,2026-06,control,1,1,1,1,31.87,0,0,0
U107145,2026-06-02,2026-06,control,1,0,0,0,0.0,0,0,0
U107146,2026-06-06,2026-06,control,1,1,1,1,152.5,1,1,1
U107147,2026-03-26,2026-03,treatment,1,1,1,0,0.0,0,0,0
U107148,2026-04-30,2026-04,control,1,0,0,0,0.0,0,0,0
U107149,2026-05-22,2026-05,treatment,1,0,0,0,0.0,1,1,1
U107150,2026-06-07,2026-06,treatment,1,1,0,0,0.0,0,0,0
U107151,2026-02-28,2026-02,treatment,1,0,0,0,0.0,1,1,1
U107152,2026-06-26,2026-06,control,1,0,0,0,0.0,1,1,1
U107153,2026-06-19,2026-06,control,1,0,0,0,0.0,1,1,1
U107154,2026-04-04,2026-04,treatment,1,0,0,0,0.0,1,1,1
U107155,2026-06-13,2026-06,control,1,0,0,0,0.0,0,0,0
U107156,2026-05-10,2026-05,control,1,0,0,0,0.0,0,0,0
U107157,2026-05-03,2026-05,control,1,0,0,0,0.0,1,1,1
U107158,2026-04-11,2026-04,control,1,1,0,0,0.0,0,0,0
U107159,2026-05-18,2026-05,control,1,0,0,0,0.0,0,0,0
U107160,2026-06-03,2026-06,treatment,1,0,0,0,0.0,1,1,1
U107161,2026-04-26,2026-04,control,1,1,1,0,0.0,0,0,0
U107162,2026-05-23,2026-05,treatment,1,1,1,1,151.07,1,1,1
U107163,2026-05-31,2026-05,control,1,0,0,0,0.0,0,0,0
U107164,2026-06-01,2026-06,treatment,1,1,0,0,0.0,0,0,0
U107165,2026-02-11,2026-02,treatment,1,1,0,0,0.0,0,0,0
U107166,2026-06-16,2026-06,control,1,0,0,0,0.0,0,0,0
U107167,2026-05-02,2026-05,control,1,0,0,0,0.0,1,1,1
U107168,2026-04-03,2026-04,control,1,0,0,0,0.0,1,1,1
U107169,2026-03-30,2026-03,treatment,1,1,1,0,0.0,0,0,0
U107170,2026-05-06,2026-05,treatment,1,0,0,0,0.0,0,0,0
U107171,2026-06-19,2026-06,treatment,1,1,0,0,0.0,1,1,1
U107172,2026-04-21,2026-04,control,1,1,0,0,0.0,0,0,0
U107173,2026-06-05,2026-06,control,1,0,0,0,0.0,1,1,1
U107174,2026-02-26,2026-02,control,1,0,0,0,0.0,0,0,0
U107175,2026-05-05,2026-05,control,1,0,0,0,0.0,1,1,1
U107176,2026-06-29,2026-06,treatment,1,0,0,0,0.0,0,0,0
U107177,2026-06-07,2026-06,control,1,0,0,0,0.0,0,0,0
U107178,2026-03-24,2026-03,treatment,1,1,1,1,55.18,0,0,0
U107179,2026-05-08,2026-05,treatment,1,1,0,0,0.0,1,1,1
U107180,2026-03-29,2026-03,treatment,1,0,0,0,0.0,0,0,0
U107181,2026-04-26,2026-04,control,1,0,0,0,0.0,0,0,0
U107182,2026-06-08,2026-06,treatment,1,0,0,0,0.0,0,0,0
U107183,2026-06-08,2026-06,treatment,1,0,0,0,0.0,0,0,0
U107184,2026-03-27,2026-03,treatment,1,1,1,0,0.0,0,0,0
U107185,2026-06-22,2026-06,treatment,1,0,0,0,0.0,0,0,0
U107186,2026-05-19,2026-05,treatment,1,1,1,1,81.84,1,1,1
U107187,2026-04-21,2026-04,treatment,1,1,0,0,0.0,0,0,0
U107188,2026-05-08,2026-05,control,1,1,0,0,0.0,0,0,0
U107189,2026-05-21,2026-05,treatment,1,0,0,0,0.0,0,0,0
U107190,2026-05-15,2026-05,treatment,1,0,0,0,0.0,0,0,0
U107191,2026-05-06,2026-05,treatment,1,0,0,0,0.0,1,1,1
U107192,2026-05-08,2026-05,treatment,1,1,0,0,0.0,0,0,0
U107193,2026-03-17,2026-03,control,1,1,1,0,0.0,0,0,0
U107194,2026-06-12,2026-06,treatment,1,1,0,0,0.0,1,1,1
U107195,2026-05-13,2026-05,treatment,1,1,1,0,0.0,0,0,0
U107196,2026-03-07,2026-03,control,1,1,1,0,0.0,0,0,0
U107197,2026-06-07,2026-06,control,1,1,1,0,0.0,1,1,1
U107198,2026-06-23,2026-06,treatment,1,0,0,0,0.0,0,0,0
U107199,2026-06-25,2026-06,control,1,1,0,0,0.0,0,0,0
U107200,2026-04-20,2026-04,control,1,1,0,0,0.0,1,1,1
U107201,2026-03-08,2026-03,control,1,0,0,0,0.0,0,0,0
U107202,2026-05-10,2026-05,treatment,1,1,1,1,90.72,0,0,0
U107203,2026-03-02,2026-03,control,1,1,0,0,0.0,1,1,1
U107204,2026-06-23,2026-06,control,1,0,0,0,0.0,1,1,1
U107205,2026-03-19,2026-03,treatment,1,1,1,0,0.0,0,0,0
U107206,2026-04-01,2026-04,treatment,1,0,0,0,0.0,0,0,0
U107207,2026-04-25,2026-04,treatment,1,0,0,0,0.0,0,0,0
U107208,2026-04-22,2026-04,control,1,0,0,0,0.0,0,0,0
U107209,2026-06-10,2026-06,treatment,1,0,0,0,0.0,0,0,0
U107210,2026-05-02,2026-05,control,1,0,0,0,0.0,0,0,0
U107211,2026-03-16,2026-03,treatment,1,0,0,0,0.0,1,1,1
U107212,2026-04-04,2026-04,treatment,1,1,1,0,0.0,1,1,1
U107213,2026-05-09,2026-05,control,1,0,0,0,0.0,0,0,0
U107214,2026-03-11,2026-03,treatment,1,0,0,0,0.0,0,0,0
U107215,2026-05-21,2026-05,control,1,0,0,0,0.0,0,0,0
U107216,2026-05-16,2026-05,treatment,1,0,0,0,0.0,0,0,0
U107217,2026-06-02,2026-06,control,1,0,0,0,0.0,0,0,0
U107218,2026-06-24,2026-06,treatment,1,0,0,0,0.0,1,1,1
U107219,2026-06-21,2026-06,control,1,0,0,0,0.0,1,1,1
U107220,2026-06-25,2026-06,control,1,0,0,0,0.0,1,1,1
U107221,2026-03-31,2026-03,treatment,1,0,0,0,0.0,0,0,0
U107222,2026-03-07,2026-03,treatment,1,1,1,1,96.61,0,0,0
U107223,2026-04-09,2026-04,treatment,1,0,0,0,0.0,0,0,0
U107224,2026-06-20,2026-06,control,1,1,1,1,66.97,0,0,0
U107225,2026-06-27,2026-06,control,1,0,0,0,0.0,1,1,1
U107226,2026-06-16,2026-06,treatment,1,0,0,0,0.0,0,0,0
U107227,2026-03-01,2026-03,control,1,0,0,0,0.0,0,0,0
U107228,2026-06-25,2026-06,control,1,1,0,0,0.0,1,1,1
U107229,2026-04-28,2026-04,treatment,1,0,0,0,0.0,0,0,0
U107230,2026-01-18,2026-01,control,1,1,0,0,0.0,0,0,0
U107231,2026-04-30,2026-04,control,1,1,0,0,0.0,0,0,0
U107232,2026-02-08,2026-02,control,1,0,0,0,0.0,1,1,1
U107233,2026-05-13,2026-05,treatment,1,1,0,0,0.0,1,1,1
U107234,2026-04-15,2026-04,treatment,1,0,0,0,0.0,0,0,0
U107235,2026-05-04,2026-05,control,1,0,0,0,0.0,1,1,1
U107236,2026-05-21,2026-05,treatment,1,0,0,0,0.0,1,1,1
U107237,2026-06-17,2026-06,control,1,0,0,0,0.0,1,1,1
U107238,2026-05-27,2026-05,treatment,1,0,0,0,0.0,1,1,1
U107239,2026-04-29,2026-04,treatment,1,1,1,1,82.01,0,0,0
U107240,2026-06-12,2026-06,treatment,1,0,0,0,0.0,0,0,0
U107241,2026-06-21,2026-06,control,1,1,0,0,0.0,0,0,0
U107242,2026-03-04,2026-03,treatment,1,0,0,0,0.0,0,0,0
U107243,2026-05-12,2026-05,treatment,1,1,1,1,52.76,1,1,1
U107244,2026-04-07,2026-04,treatment,1,0,0,0,0.0,0,0,0
U107245,2026-02-09,2026-02,treatment,1,1,0,0,0.0,0,0,0
U107246,2026-05-28,2026-05,treatment,1,1,1,0,0.0,0,0,0
U107247,2026-06-17,2026-06,control,1,0,0,0,0.0,0,0,0
U107248,2026-03-14,2026-03,treatment,1,0,0,0,0.0,0,0,0
U107249,2026-06-12,2026-06,treatment,1,0,0,0,0.0,0,0,0
U107250,2026-06-16,2026-06,treatment,1,0,0,0,0.0,0,0,0
U107251,2026-06-22,2026-06,control,1,0,0,0,0.0,0,0,0
U107252,2026-04-03,2026-04,control,1,1,1,1,169.0,0,0,0
U107253,2026-06-21,2026-06,control,1,0,0,0,0.0,0,0,0
U107254,2026-04-12,2026-04,control,1,0,0,0,0.0,1,1,1
U107255,2026-05-14,2026-05,control,1,0,0,0,0.0,1,1,1
U107256,2026-02-10,2026-02,treatment,1,1,1,1,70.54,0,0,0
U107257,2026-02-07,2026-02,control,1,0,0,0,0.0,1,1,1
U107258,2026-06-02,2026-06,control,1,0,0,0,0.0,0,0,0
U107259,2026-05-01,2026-05,control,1,0,0,0,0.0,1,1,1
U107260,2026-04-02,2026-04,control,1,0,0,0,0.0,1,1,1
U107261,2026-03-20,2026-03,treatment,1,1,1,0,0.0,0,0,0
U107262,2026-05-28,2026-05,control,1,1,0,0,0.0,1,1,1
U107263,2026-01-04,2026-01,control,1,1,1,0,0.0,0,0,0
U107264,2026-06-11,2026-06,treatment,1,0,0,0,0.0,1,1,1
U107265,2026-02-20,2026-02,treatment,1,1,0,0,0.0,0,0,0
U107266,2026-03-20,2026-03,control,1,0,0,0,0.0,0,0,0
U107267,2026-04-22,2026-04,treatment,1,0,0,0,0.0,1,1,1
U107268,2026-05-06,2026-05,treatment,1,0,0,0,0.0,0,0,0
U107269,2026-04-18,2026-04,treatment,1,0,0,0,0.0,0,0,0
U107270,2026-04-12,2026-04,control,1,0,0,0,0.0,0,0,0
U107271,2026-06-26,2026-06,treatment,1,0,0,0,0.0,0,0,0
U107272,2026-05-25,2026-05,control,1,0,0,0,0.0,1,1,1
U107273,2026-01-28,2026-01,control,1,0,0,0,0.0,1,1,1
U107274,2026-04-29,2026-04,control,1,1,0,0,0.0,0,0,0
U107275,2026-06-18,2026-06,control,1,1,0,0,0.0,1,1,1
U107276,2026-04-09,2026-04,treatment,1,0,0,0,0.0,0,0,0
U107277,2026-02-25,2026-02,treatment,1,1,1,0,0.0,1,1,1
U107278,2026-06-06,2026-06,control,1,1,1,0,0.0,0,0,0
U107279,2026-05-21,2026-05,control,1,1,1,0,0.0,0,0,0
U107280,2026-05-16,2026-05,control,1,0,0,0,0.0,0,0,0
U107281,2026-02-11,2026-02,treatment,1,1,0,0,0.0,0,0,0
U107282,2026-03-09,2026-03,treatment,1,0,0,0,0.0,0,0,0
U107283,2026-05-23,2026-05,treatment,1,1,1,0,0.0,1,1,1
U107284,2026-03-24,2026-03,treatment,1,1,1,1,52.65,0,0,0
U107285,2026-05-08,2026-05,treatment,1,1,1,1,63.96,0,0,0
U107286,2026-05-13,2026-05,treatment,1,0,0,0,0.0,0,0,0
U107287,2026-04-06,2026-04,control,1,1,0,0,0.0,1,1,1
U107288,2026-06-25,2026-06,treatment,1,0,0,0,0.0,0,0,0
U107289,2026-06-15,2026-06,treatment,1,0,0,0,0.0,1,1,1
U107290,2026-06-02,2026-06,treatment,1,0,0,0,0.0,0,0,0
U107291,2026-02-20,2026-02,treatment,1,1,0,0,0.0,0,0,0
U107292,2026-02-28,2026-02,treatment,1,1,1,1,64.1,0,0,0
U107293,2026-05-07,2026-05,treatment,1,1,1,0,0.0,0,0,0
U107294,2026-03-14,2026-03,treatment,1,0,0,0,0.0,0,0,0
U107295,2026-06-28,2026-06,control,1,0,0,0,0.0,0,0,0
U107296,2026-03-13,2026-03,control,1,0,0,0,0.0,0,0,0
U107297,2026-05-06,2026-05,treatment,1,0,0,0,0.0,0,0,0
U107298,2026-04-19,2026-04,control,1,0,0,0,0.0,1,1,1
U107299,2026-05-24,2026-05,treatment,1,0,0,0,0.0,0,0,0
U107300,2026-03-06,2026-03,treatment,1,0,0,0,0.0,0,0,0
U107301,2026-04-29,2026-04,treatment,1,1,1,1,57.51,0,0,0
U107302,2026-04-05,2026-04,treatment,1,1,0,0,0.0,0,0,0
U107303,2026-06-19,2026-06,control,1,1,0,0,0.0,0,0,0
U107304,2026-02-06,2026-02,treatment,1,0,0,0,0.0,1,1,1
U107305,2026-06-22,2026-06,treatment,1,0,0,0,0.0,1,1,1
U107306,2026-06-14,2026-06,control,1,0,0,0,0.0,0,0,0
U107307,2026-04-09,2026-04,control,1,0,0,0,0.0,1,1,1
U107308,2026-06-09,2026-06,treatment,1,1,1,1,29.28,0,0,0
U107309,2026-02-01,2026-02,treatment,1,0,0,0,0.0,1,1,1
U107310,2026-06-26,2026-06,treatment,1,1,0,0,0.0,0,0,0
U107311,2026-05-11,2026-05,treatment,1,1,1,1,24.67,0,0,0
U107312,2026-04-10,2026-04,control,1,0,0,0,0.0,0,0,0
U107313,2026-04-19,2026-04,control,1,0,0,0,0.0,0,0,0
U107314,2026-02-16,2026-02,control,1,1,1,0,0.0,0,0,0
U107315,2026-06-29,2026-06,treatment,1,1,0,0,0.0,1,1,1
U107316,2026-02-05,2026-02,control,1,1,0,0,0.0,1,1,1
U107317,2026-05-26,2026-05,treatment,1,1,1,1,54.71,1,1,1
U107318,2026-04-30,2026-04,treatment,1,0,0,0,0.0,0,0,0
U107319,2026-06-25,2026-06,treatment,1,0,0,0,0.0,0,0,0
U107320,2026-03-31,2026-03,control,1,0,0,0,0.0,1,1,1
U107321,2026-05-12,2026-05,treatment,1,0,0,0,0.0,0,0,0
U107322,2026-05-06,2026-05,control,1,0,0,0,0.0,0,0,0
U107323,2026-05-31,2026-05,control,1,0,0,0,0.0,0,0,0
U107324,2026-02-16,2026-02,control,1,1,1,0,0.0,0,0,0
U107325,2026-03-21,2026-03,treatment,1,0,0,0,0.0,0,0,0
U107326,2026-03-25,2026-03,control,1,0,0,0,0.0,0,0,0
U107327,2026-06-04,2026-06,treatment,1,0,0,0,0.0,0,0,0
U107328,2026-03-20,2026-03,control,1,0,0,0,0.0,0,0,0
U107329,2026-05-17,2026-05,control,1,0,0,0,0.0,0,0,0
U107330,2026-03-25,2026-03,control,1,1,0,0,0.0,0,0,0
U107331,2026-06-17,2026-06,treatment,1,1,0,0,0.0,0,0,0
U107332,2026-06-24,2026-06,treatment,1,0,0,0,0.0,0,0,0
U107333,2026-05-10,2026-05,treatment,1,0,0,0,0.0,0,0,0
U107334,2026-04-17,2026-04,treatment,1,1,1,0,0.0,0,0,0
U107335,2026-03-29,2026-03,treatment,1,0,0,0,0.0,1,1,1
U107336,2026-02-10,2026-02,treatment,1,0,0,0,0.0,0,0,0
U107337,2026-04-04,2026-04,treatment,1,0,0,0,0.0,0,0,0
U107338,2026-05-26,2026-05,treatment,1,1,1,1,148.06,0,0,0
U107339,2026-05-12,2026-05,control,1,0,0,0,0.0,0,0,0
U107340,2026-06-24,2026-06,treatment,1,1,1,1,64.83,1,1,1
U107341,2026-04-24,2026-04,treatment,1,0,0,0,0.0,1,1,1
U107342,2026-05-30,2026-05,treatment,1,0,0,0,0.0,0,0,0
U107343,2026-05-06,2026-05,treatment,1,1,1,0,0.0,1,1,1
U107344,2026-05-09,2026-05,control,1,0,0,0,0.0,1,1,1
U107345,2026-04-04,2026-04,treatment,1,0,0,0,0.0,1,1,1
U107346,2026-05-02,2026-05,control,1,0,0,0,0.0,0,0,0
U107347,2026-05-04,2026-05,treatment,1,0,0,0,0.0,0,0,0
U107348,2026-06-01,2026-06,treatment,1,0,0,0,0.0,1,1,1
U107349,2026-06-24,2026-06,treatment,1,1,1,1,46.83,1,1,1
U107350,2026-04-14,2026-04,control,1,1,0,0,0.0,1,1,1
U107351,2026-02-06,2026-02,control,1,1,1,0,0.0,1,1,1
U107352,2026-05-07,2026-05,control,1,1,1,0,0.0,0,0,0
U107353,2026-05-13,2026-05,control,1,1,0,0,0.0,0,0,0
U107354,2026-03-15,2026-03,treatment,1,1,0,0,0.0,0,0,0
U107355,2026-06-06,2026-06,treatment,1,1,0,0,0.0,0,0,0
U107356,2026-06-28,2026-06,treatment,1,0,0,0,0.0,0,0,0
U107357,2026-06-25,2026-06,treatment,1,0,0,0,0.0,1,1,1
U107358,2026-03-21,2026-03,control,1,1,0,0,0.0,0,0,0
U107359,2026-06-18,2026-06,control,1,0,0,0,0.0,0,0,0
U107360,2026-06-01,2026-06,control,1,1,0,0,0.0,0,0,0
U107361,2026-05-02,2026-05,treatment,1,0,0,0,0.0,1,1,1
U107362,2026-05-13,2026-05,treatment,1,0,0,0,0.0,0,0,0
U107363,2026-06-15,2026-06,treatment,1,1,1,0,0.0,0,0,0
U107364,2026-05-05,2026-05,control,1,0,0,0,0.0,1,1,1
U107365,2026-04-20,2026-04,control,1,1,1,0,0.0,0,0,0
U107366,2026-05-07,2026-05,treatment,1,1,0,0,0.0,0,0,0
U107367,2026-05-17,2026-05,control,1,1,1,0,0.0,1,1,1
U107368,2026-03-20,2026-03,treatment,1,0,0,0,0.0,0,0,0
U107369,2026-06-20,2026-06,control,1,0,0,0,0.0,1,1,1
U107370,2026-05-28,2026-05,control,1,0,0,0,0.0,0,0,0
U107371,2026-05-24,2026-05,treatment,1,1,1,1,30.86,0,0,0
U107372,2026-02-26,2026-02,control,1,0,0,0,0.0,0,0,0
U107373,2026-05-20,2026-05,treatment,1,0,0,0,0.0,0,0,0
U107374,2026-03-04,2026-03,treatment,1,0,0,0,0.0,0,0,0
U107375,2026-02-20,2026-02,treatment,1,0,0,0,0.0,1,1,1
U107376,2026-05-11,2026-05,treatment,1,1,0,0,0.0,1,1,1
U107377,2026-04-25,2026-04,treatment,1,0,0,0,0.0,1,1,1
U107378,2026-05-19,2026-05,control,1,0,0,0,0.0,0,0,0
U107379,2026-02-23,2026-02,treatment,1,1,1,1,47.13,1,1,1
U107380,2026-04-29,2026-04,treatment,1,1,1,0,0.0,0,0,0
U107381,2026-03-17,2026-03,control,1,1,0,0,0.0,1,1,1
U107382,2026-06-28,2026-06,treatment,1,1,1,1,57.31,1,1,1
U107383,2026-05-15,2026-05,treatment,1,0,0,0,0.0,0,0,0
U107384,2026-05-30,2026-05,treatment,1,0,0,0,0.0,0,0,0
U107385,2026-04-13,2026-04,treatment,1,1,1,0,0.0,0,0,0
U107386,2026-02-25,2026-02,control,1,1,1,1,52.12,0,0,0
U107387,2026-06-27,2026-06,treatment,1,1,1,0,0.0,0,0,0
U107388,2026-04-07,2026-04,control,1,1,1,1,28.75,1,1,1
U107389,2026-04-28,2026-04,control,1,1,1,0,0.0,0,0,0
U107390,2026-05-26,2026-05,treatment,1,0,0,0,0.0,0,0,0
U107391,2026-01-29,2026-01,treatment,1,0,0,0,0.0,0,0,0
U107392,2026-06-12,2026-06,control,1,1,0,0,0.0,0,0,0
U107393,2026-05-12,2026-05,treatment,1,1,1,0,0.0,1,1,1
U107394,2026-04-05,2026-04,treatment,1,1,0,0,0.0,0,0,0
U107395,2026-02-14,2026-02,treatment,1,1,1,0,0.0,0,0,0
U107396,2026-03-14,2026-03,treatment,1,0,0,0,0.0,0,0,0
U107397,2026-06-20,2026-06,treatment,1,0,0,0,0.0,1,1,1
U107398,2026-05-30,2026-05,control,1,0,0,0,0.0,0,0,0
U107399,2026-03-31,2026-03,control,1,1,1,1,86.64,1,1,1
U107400,2026-02-16,2026-02,treatment,1,0,0,0,0.0,1,1,1
U107401,2026-05-30,2026-05,control,1,0,0,0,0.0,0,0,0
U107402,2026-05-17,2026-05,treatment,1,1,0,0,0.0,1,1,1
U107403,2026-04-25,2026-04,treatment,1,0,0,0,0.0,0,0,0
U107404,2026-04-19,2026-04,treatment,1,1,1,0,0.0,1,1,1
U107405,2026-03-25,2026-03,control,1,0,0,0,0.0,0,0,0
U107406,2026-05-28,2026-05,control,1,0,0,0,0.0,0,0,0
U107407,2026-06-27,2026-06,control,1,1,0,0,0.0,0,0,0
U107408,2026-03-17,2026-03,treatment,1,1,1,0,0.0,0,0,0
U107409,2026-05-20,2026-05,control,1,0,0,0,0.0,0,0,0
U107410,2026-04-28,2026-04,treatment,1,1,1,1,45.43,1,1,1
U107411,2026-05-01,2026-05,control,1,0,0,0,0.0,0,0,0
U107412,2026-04-01,2026-04,treatment,1,0,0,0,0.0,0,0,0
U107413,2026-06-13,2026-06,control,1,0,0,0,0.0,0,0,0
U107414,2026-05-06,2026-05,treatment,1,1,1,0,0.0,1,1,1
U107415,2026-05-13,2026-05,control,1,0,0,0,0.0,1,1,1
U107416,2026-04-10,2026-04,control,1,0,0,0,0.0,1,1,1
U107417,2026-03-18,2026-03,treatment,1,1,0,0,0.0,0,0,0
U107418,2026-02-22,2026-02,control,1,0,0,0,0.0,1,1,1
U107419,2026-06-02,2026-06,treatment,1,0,0,0,0.0,0,0,0
U107420,2026-03-21,2026-03,treatment,1,0,0,0,0.0,0,0,0
U107421,2026-05-30,2026-05,treatment,1,1,0,0,0.0,0,0,0
U107422,2026-04-23,2026-04,treatment,1,0,0,0,0.0,1,1,1
U107423,2026-04-27,2026-04,control,1,1,1,1,58.23,0,0,0
U107424,2026-05-04,2026-05,control,1,0,0,0,0.0,0,0,0
U107425,2026-04-20,2026-04,control,1,0,0,0,0.0,0,0,0
U107426,2026-02-27,2026-02,control,1,1,0,0,0.0,0,0,0
U107427,2026-04-11,2026-04,control,1,0,0,0,0.0,1,1,1
U107428,2026-05-27,2026-05,control,1,1,0,0,0.0,1,1,1
U107429,2026-05-27,2026-05,treatment,1,0,0,0,0.0,1,1,1
U107430,2026-04-07,2026-04,treatment,1,0,0,0,0.0,0,0,0
U107431,2026-05-03,2026-05,control,1,0,0,0,0.0,0,0,0
U107432,2026-03-21,2026-03,control,1,0,0,0,0.0,0,0,0
U107433,2026-03-24,2026-03,control,1,0,0,0,0.0,0,0,0
U107434,2026-01-28,2026-01,control,1,0,0,0,0.0,0,0,0
U107435,2026-06-20,2026-06,treatment,1,0,0,0,0.0,0,0,0
U107436,2026-03-24,2026-03,control,1,0,0,0,0.0,0,0,0
U107437,2026-03-27,2026-03,control,1,0,0,0,0.0,1,1,1
U107438,2026-04-06,2026-04,treatment,1,0,0,0,0.0,1,1,1
U107439,2026-03-06,2026-03,treatment,1,0,0,0,0.0,0,0,0
U107440,2026-05-24,2026-05,treatment,1,0,0,0,0.0,1,1,1
U107441,2026-02-19,2026-02,treatment,1,0,0,0,0.0,0,0,0
U107442,2026-03-07,2026-03,control,1,1,0,0,0.0,0,0,0
U107443,2026-05-25,2026-05,control,1,1,1,0,0.0,1,1,1
U107444,2026-04-15,2026-04,control,1,0,0,0,0.0,0,0,0
U107445,2026-06-01,2026-06,control,1,0,0,0,0.0,0,0,0
U107446,2026-05-15,2026-05,treatment,1,0,0,0,0.0,0,0,0
U107447,2026-04-02,2026-04,treatment,1,1,0,0,0.0,1,1,1
U107448,2026-05-26,2026-05,control,1,0,0,0,0.0,0,0,0
U107449,2026-03-03,2026-03,control,1,0,0,0,0.0,1,1,1
U107450,2026-05-12,2026-05,control,1,0,0,0,0.0,0,0,0
U107451,2026-04-30,2026-04,treatment,1,1,0,0,0.0,0,0,0
U107452,2026-04-04,2026-04,control,1,1,1,1,52.14,0,0,0
U107453,2026-05-20,2026-05,control,1,0,0,0,0.0,1,1,1
U107454,2026-06-18,2026-06,treatment,1,0,0,0,0.0,0,0,0
U107455,2026-06-29,2026-06,control,1,1,0,0,0.0,0,0,0
U107456,2026-05-21,2026-05,control,1,0,0,0,0.0,0,0,0
U107457,2026-04-25,2026-04,control,1,0,0,0,0.0,0,0,0
U107458,2026-03-27,2026-03,control,1,1,0,0,0.0,1,1,1
U107459,2026-04-02,2026-04,control,1,0,0,0,0.0,0,0,0
U107460,2026-05-05,2026-05,control,1,0,0,0,0.0,0,0,0
U107461,2026-04-20,2026-04,treatment,1,0,0,0,0.0,0,0,0
U107462,2026-06-22,2026-06,treatment,1,1,0,0,0.0,0,0,0
U107463,2026-04-20,2026-04,treatment,1,0,0,0,0.0,0,0,0
U107464,2026-04-20,2026-04,treatment,1,1,1,0,0.0,0,0,0
U107465,2026-04-22,2026-04,control,1,0,0,0,0.0,0,0,0
U107466,2026-06-14,2026-06,treatment,1,1,0,0,0.0,0,0,0
U107467,2026-05-26,2026-05,control,1,1,1,0,0.0,0,0,0
U107468,2026-05-22,2026-05,control,1,0,0,0,0.0,1,1,1
U107469,2026-04-15,2026-04,control,1,0,0,0,0.0,0,0,0
U107470,2026-06-12,2026-06,control,1,1,1,1,47.22,1,1,1
U107471,2026-02-05,2026-02,treatment,1,1,1,1,61.75,0,0,0
U107472,2026-06-17,2026-06,control,1,0,0,0,0.0,1,1,1
U107473,2026-05-09,2026-05,control,1,1,1,0,0.0,0,0,0
U107474,2026-04-24,2026-04,control,1,0,0,0,0.0,0,0,0
U107475,2026-05-07,2026-05,control,1,0,0,0,0.0,0,0,0
U107476,2026-05-28,2026-05,control,1,1,0,0,0.0,0,0,0
U107477,2026-01-21,2026-01,control,1,0,0,0,0.0,1,1,1
U107478,2026-06-18,2026-06,control,1,0,0,0,0.0,0,0,0
U107479,2026-05-01,2026-05,treatment,1,1,1,0,0.0,0,0,0
U107480,2026-04-16,2026-04,control,1,1,1,0,0.0,0,0,0
U107481,2026-03-08,2026-03,control,1,1,0,0,0.0,0,0,0
U107482,2026-04-30,2026-04,treatment,1,1,0,0,0.0,0,0,0
U107483,2026-05-07,2026-05,treatment,1,1,1,0,0.0,0,0,0
U107484,2026-04-25,2026-04,control,1,0,0,0,0.0,1,1,1
U107485,2026-05-29,2026-05,control,1,0,0,0,0.0,1,1,1
U107486,2026-04-27,2026-04,treatment,1,0,0,0,0.0,0,0,0
U107487,2026-06-26,2026-06,control,1,0,0,0,0.0,0,0,0
U107488,2026-05-20,2026-05,treatment,1,1,0,0,0.0,0,0,0
U107489,2026-06-11,2026-06,control,1,0,0,0,0.0,0,0,0
U107490,2026-03-01,2026-03,treatment,1,0,0,0,0.0,0,0,0
U107491,2026-04-24,2026-04,treatment,1,1,1,0,0.0,0,0,0
U107492,2026-04-15,2026-04,treatment,1,0,0,0,0.0,0,0,0
U107493,2026-05-16,2026-05,control,1,0,0,0,0.0,1,1,1
U107494,2026-06-17,2026-06,control,1,0,0,0,0.0,0,0,0
U107495,2026-02-20,2026-02,control,1,1,1,0,0.0,0,0,0
U107496,2026-02-18,2026-02,treatment,1,0,0,0,0.0,1,1,1
U107497,2026-06-15,2026-06,treatment,1,0,0,0,0.0,1,1,1
U107498,2026-03-25,2026-03,control,1,0,0,0,0.0,0,0,0
U107499,2026-05-28,2026-05,treatment,1,0,0,0,0.0,1,1,1
U107500,2026-05-13,2026-05,control,1,0,0,0,0.0,1,1,1
U107501,2026-06-14,2026-06,control,1,1,1,0,0.0,1,1,1
U107502,2026-03-05,2026-03,treatment,1,0,0,0,0.0,1,1,1
U107503,2026-03-06,2026-03,control,1,0,0,0,0.0,1,1,1
U107504,2026-05-15,2026-05,control,1,1,0,0,0.0,0,0,0
U107505,2026-06-25,2026-06,control,1,1,0,0,0.0,0,0,0
U107506,2026-04-26,2026-04,treatment,1,0,0,0,0.0,0,0,0
U107507,2026-04-13,2026-04,treatment,1,0,0,0,0.0,0,0,0
U107508,2026-05-21,2026-05,treatment,1,1,0,0,0.0,0,0,0
U107509,2026-06-23,2026-06,treatment,1,0,0,0,0.0,1,1,1
U107510,2026-06-14,2026-06,treatment,1,0,0,0,0.0,1,1,1
U107511,2026-06-29,2026-06,control,1,0,0,0,0.0,0,0,0
U107512,2026-01-28,2026-01,treatment,1,0,0,0,0.0,1,1,1
U107513,2026-03-02,2026-03,treatment,1,1,0,0,0.0,0,0,0
U107514,2026-05-21,2026-05,treatment,1,0,0,0,0.0,0,0,0
U107515,2026-06-13,2026-06,treatment,1,0,0,0,0.0,1,1,1
U107516,2026-04-07,2026-04,treatment,1,1,0,0,0.0,0,0,0
U107517,2026-03-30,2026-03,control,1,0,0,0,0.0,0,0,0
U107518,2026-06-09,2026-06,control,1,0,0,0,0.0,1,1,1
U107519,2026-02-12,2026-02,treatment,1,0,0,0,0.0,0,0,0
U107520,2026-04-20,2026-04,treatment,1,1,1,0,0.0,0,0,0
U107521,2026-05-09,2026-05,treatment,1,0,0,0,0.0,1,1,1
U107522,2026-05-15,2026-05,control,1,1,1,0,0.0,1,1,1
U107523,2026-06-03,2026-06,control,1,0,0,0,0.0,0,0,0
U107524,2026-04-18,2026-04,treatment,1,1,1,0,0.0,0,0,0
U107525,2026-05-21,2026-05,treatment,1,1,0,0,0.0,0,0,0
U107526,2026-05-18,2026-05,treatment,1,1,0,0,0.0,0,0,0
U107527,2026-05-14,2026-05,control,1,0,0,0,0.0,1,1,1
U107528,2026-05-25,2026-05,treatment,1,0,0,0,0.0,1,1,1
U107529,2026-04-02,2026-04,treatment,1,0,0,0,0.0,0,0,0
U107530,2026-02-22,2026-02,treatment,1,0,0,0,0.0,1,1,1
U107531,2026-03-04,2026-03,control,1,0,0,0,0.0,0,0,0
U107532,2026-03-27,2026-03,control,1,0,0,0,0.0,1,1,1
U107533,2026-05-08,2026-05,treatment,1,1,1,1,27.59,0,0,0
U107534,2026-06-15,2026-06,control,1,1,1,0,0.0,0,0,0
U107535,2026-05-31,2026-05,treatment,1,0,0,0,0.0,0,0,0
U107536,2026-06-09,2026-06,control,1,0,0,0,0.0,1,1,1
U107537,2026-04-17,2026-04,treatment,1,1,1,0,0.0,0,0,0
U107538,2026-04-25,2026-04,control,1,0,0,0,0.0,1,1,1
U107539,2026-04-23,2026-04,control,1,0,0,0,0.0,1,1,1
U107540,2026-03-20,2026-03,treatment,1,0,0,0,0.0,0,0,0
U107541,2026-02-14,2026-02,treatment,1,0,0,0,0.0,1,1,1
U107542,2026-05-19,2026-05,control,1,1,0,0,0.0,0,0,0
U107543,2026-06-29,2026-06,control,1,1,1,0,0.0,0,0,0
U107544,2026-03-15,2026-03,treatment,1,0,0,0,0.0,1,1,1
U107545,2026-02-08,2026-02,control,1,0,0,0,0.0,0,0,0
U107546,2026-06-08,2026-06,treatment,1,0,0,0,0.0,1,1,1
U107547,2026-04-01,2026-04,control,1,1,0,0,0.0,0,0,0
U107548,2026-06-13,2026-06,treatment,1,1,1,1,68.19,0,0,0
U107549,2026-06-01,2026-06,treatment,1,0,0,0,0.0,1,1,1
U107550,2026-06-25,2026-06,treatment,1,1,1,0,0.0,0,0,0
U107551,2026-04-26,2026-04,control,1,0,0,0,0.0,1,1,1
U107552,2026-05-27,2026-05,treatment,1,0,0,0,0.0,0,0,0
U107553,2026-05-03,2026-05,control,1,1,0,0,0.0,0,0,0
U107554,2026-05-23,2026-05,treatment,1,0,0,0,0.0,0,0,0
U107555,2026-05-01,2026-05,control,1,0,0,0,0.0,0,0,0
U107556,2026-03-20,2026-03,treatment,1,1,0,0,0.0,1,1,1
U107557,2026-05-09,2026-05,control,1,0,0,0,0.0,0,0,0
U107558,2026-05-11,2026-05,treatment,1,0,0,0,0.0,0,0,0
U107559,2026-06-12,2026-06,control,1,0,0,0,0.0,1,1,1
U107560,2026-06-04,2026-06,control,1,0,0,0,0.0,1,1,1
U107561,2026-05-27,2026-05,control,1,0,0,0,0.0,1,1,1
U107562,2026-03-02,2026-03,control,1,0,0,0,0.0,0,0,0
U107563,2026-06-02,2026-06,control,1,1,0,0,0.0,1,1,1
U107564,2026-05-08,2026-05,control,1,1,1,1,104.49,0,0,0
U107565,2026-06-20,2026-06,treatment,1,0,0,0,0.0,0,0,0
U107566,2026-06-22,2026-06,control,1,0,0,0,0.0,0,0,0
U107567,2026-02-12,2026-02,treatment,1,1,1,0,0.0,1,1,1
U107568,2026-06-13,2026-06,control,1,1,0,0,0.0,1,1,1
U107569,2026-02-04,2026-02,treatment,1,0,0,0,0.0,1,1,1
U107570,2026-04-20,2026-04,control,1,1,0,0,0.0,1,1,1
U107571,2026-05-13,2026-05,treatment,1,0,0,0,0.0,0,0,0
U107572,2026-03-11,2026-03,treatment,1,1,1,1,122.33,0,0,0
U107573,2026-06-05,2026-06,control,1,0,0,0,0.0,0,0,0
U107574,2026-01-17,2026-01,treatment,1,1,1,0,0.0,0,0,0
U107575,2026-03-15,2026-03,control,1,0,0,0,0.0,0,0,0
U107576,2026-05-18,2026-05,treatment,1,1,0,0,0.0,1,1,1
U107577,2026-06-02,2026-06,control,1,0,0,0,0.0,1,1,1
U107578,2026-06-22,2026-06,control,1,0,0,0,0.0,0,0,0
U107579,2026-06-01,2026-06,control,1,1,1,1,81.2,0,0,0
U107580,2026-05-28,2026-05,treatment,1,1,0,0,0.0,0,0,0
U107581,2026-04-24,2026-04,control,1,1,1,1,93.45,0,0,0
U107582,2026-01-07,2026-01,treatment,1,0,0,0,0.0,0,0,0
U107583,2026-03-04,2026-03,treatment,1,1,1,0,0.0,0,0,0
U107584,2026-05-12,2026-05,control,1,1,1,1,57.38,1,1,1
U107585,2026-05-28,2026-05,treatment,1,0,0,0,0.0,0,0,0
U107586,2026-04-27,2026-04,treatment,1,1,1,1,58.9,0,0,0
U107587,2026-06-03,2026-06,treatment,1,1,1,1,42.36,0,0,0
U107588,2026-05-11,2026-05,treatment,1,1,1,1,64.62,1,1,1
U107589,2026-02-19,2026-02,treatment,1,1,1,1,42.33,0,0,0
U107590,2026-03-20,2026-03,treatment,1,1,1,1,40.75,0,0,0
U107591,2026-06-14,2026-06,control,1,1,0,0,0.0,0,0,0
U107592,2026-06-03,2026-06,control,1,1,0,0,0.0,0,0,0
U107593,2026-06-20,2026-06,control,1,1,1,0,0.0,1,1,1
U107594,2026-03-03,2026-03,control,1,1,0,0,0.0,0,0,0
U107595,2026-06-29,2026-06,control,1,1,1,1,95.11,0,0,0
U107596,2026-03-24,2026-03,treatment,1,0,0,0,0.0,1,1,1
U107597,2026-01-20,2026-01,control,1,0,0,0,0.0,0,0,0
U107598,2026-06-29,2026-06,treatment,1,0,0,0,0.0,0,0,0
U107599,2026-04-06,2026-04,treatment,1,1,0,0,0.0,0,0,0
U107600,2026-05-28,2026-05,control,1,0,0,0,0.0,1,1,1
U107601,2026-03-17,2026-03,control,1,0,0,0,0.0,1,1,1
U107602,2026-05-18,2026-05,treatment,1,0,0,0,0.0,1,1,1
U107603,2026-06-21,2026-06,treatment,1,1,1,0,0.0,0,0,0
U107604,2026-04-12,2026-04,treatment,1,1,1,1,26.89,1,1,1
U107605,2026-05-28,2026-05,control,1,1,0,0,0.0,0,0,0
U107606,2026-03-20,2026-03,treatment,1,0,0,0,0.0,1,1,1
U107607,2026-05-23,2026-05,control,1,0,0,0,0.0,0,0,0
U107608,2026-04-15,2026-04,treatment,1,0,0,0,0.0,0,0,0
U107609,2026-03-24,2026-03,treatment,1,0,0,0,0.0,1,1,1
U107610,2026-04-11,2026-04,control,1,1,1,0,0.0,0,0,0
U107611,2026-03-18,2026-03,control,1,0,0,0,0.0,0,0,0
U107612,2026-06-20,2026-06,control,1,0,0,0,0.0,0,0,0
U107613,2026-04-24,2026-04,control,1,0,0,0,0.0,1,1,1
U107614,2026-03-31,2026-03,treatment,1,0,0,0,0.0,1,1,1
U107615,2026-05-01,2026-05,control,1,0,0,0,0.0,1,1,1
U107616,2026-04-12,2026-04,treatment,1,0,0,0,0.0,0,0,0
U107617,2026-06-05,2026-06,control,1,0,0,0,0.0,1,1,1
U107618,2026-06-27,2026-06,treatment,1,0,0,0,0.0,0,0,0
U107619,2026-04-30,2026-04,treatment,1,0,0,0,0.0,0,0,0
U107620,2026-06-17,2026-06,treatment,1,1,1,0,0.0,0,0,0
U107621,2026-05-16,2026-05,treatment,1,1,1,0,0.0,1,1,1
U107622,2026-03-13,2026-03,control,1,0,0,0,0.0,0,0,0
U107623,2026-05-30,2026-05,treatment,1,1,1,1,84.08,1,1,1
U107624,2026-05-09,2026-05,control,1,1,0,0,0.0,1,1,1
U107625,2026-05-26,2026-05,control,1,0,0,0,0.0,0,0,0
U107626,2026-06-19,2026-06,control,1,0,0,0,0.0,1,1,1
U107627,2026-04-30,2026-04,treatment,1,0,0,0,0.0,0,0,0
U107628,2026-06-20,2026-06,treatment,1,0,0,0,0.0,0,0,0
U107629,2026-06-05,2026-06,treatment,1,1,0,0,0.0,0,0,0
U107630,2026-05-06,2026-05,control,1,0,0,0,0.0,0,0,0
U107631,2026-05-20,2026-05,control,1,1,0,0,0.0,0,0,0
U107632,2026-04-13,2026-04,treatment,1,0,0,0,0.0,0,0,0
U107633,2026-06-28,2026-06,treatment,1,1,1,0,0.0,0,0,0
U107634,2026-05-28,2026-05,control,1,1,1,1,53.21,0,0,0
U107635,2026-02-07,2026-02,treatment,1,1,0,0,0.0,0,0,0
U107636,2026-04-13,2026-04,control,1,1,0,0,0.0,0,0,0
U107637,2026-05-23,2026-05,control,1,0,0,0,0.0,0,0,0
U107638,2026-02-12,2026-02,control,1,1,0,0,0.0,1,1,1
U107639,2026-01-28,2026-01,control,1,0,0,0,0.0,0,0,0
U107640,2026-05-01,2026-05,control,1,1,1,0,0.0,0,0,0
U107641,2026-04-14,2026-04,treatment,1,0,0,0,0.0,0,0,0
U107642,2026-04-30,2026-04,treatment,1,0,0,0,0.0,0,0,0
U107643,2026-04-03,2026-04,control,1,1,1,0,0.0,1,1,1
U107644,2026-03-15,2026-03,treatment,1,0,0,0,0.0,1,1,1
U107645,2026-05-30,2026-05,treatment,1,0,0,0,0.0,0,0,0
U107646,2026-05-10,2026-05,control,1,0,0,0,0.0,1,1,1
U107647,2026-03-22,2026-03,treatment,1,1,0,0,0.0,0,0,0
U107648,2026-04-12,2026-04,treatment,1,1,1,0,0.0,0,0,0
U107649,2026-05-19,2026-05,control,1,1,1,0,0.0,0,0,0
U107650,2026-02-18,2026-02,control,1,1,1,1,22.82,0,0,0
U107651,2026-03-11,2026-03,control,1,0,0,0,0.0,1,1,1
U107652,2026-02-18,2026-02,treatment,1,0,0,0,0.0,0,0,0
U107653,2026-06-12,2026-06,control,1,1,0,0,0.0,0,0,0
U107654,2026-06-06,2026-06,treatment,1,1,1,1,43.49,0,0,0
U107655,2026-06-06,2026-06,treatment,1,0,0,0,0.0,1,1,1
U107656,2026-06-02,2026-06,control,1,0,0,0,0.0,1,1,1
U107657,2026-05-28,2026-05,treatment,1,0,0,0,0.0,1,1,1
U107658,2026-05-05,2026-05,treatment,1,0,0,0,0.0,0,0,0
U107659,2026-05-25,2026-05,control,1,0,0,0,0.0,1,1,1
U107660,2026-02-05,2026-02,treatment,1,0,0,0,0.0,0,0,0
U107661,2026-05-22,2026-05,control,1,0,0,0,0.0,0,0,0
U107662,2026-06-08,2026-06,control,1,0,0,0,0.0,0,0,0
U107663,2026-05-08,2026-05,control,1,1,0,0,0.0,0,0,0
U107664,2026-04-18,2026-04,treatment,1,1,1,1,31.46,0,0,0
U107665,2026-04-05,2026-04,treatment,1,0,0,0,0.0,0,0,0
U107666,2026-05-25,2026-05,control,1,0,0,0,0.0,1,1,1
U107667,2026-05-30,2026-05,control,1,1,1,1,171.03,0,0,0
U107668,2026-06-17,2026-06,control,1,0,0,0,0.0,0,0,0
U107669,2026-04-16,2026-04,treatment,1,1,1,1,43.21,0,0,0
U107670,2026-06-07,2026-06,treatment,1,0,0,0,0.0,1,1,1
U107671,2026-05-15,2026-05,treatment,1,1,1,0,0.0,1,1,1
U107672,2026-06-19,2026-06,treatment,1,0,0,0,0.0,1,1,1
U107673,2026-05-11,2026-05,treatment,1,0,0,0,0.0,1,1,1
U107674,2026-05-10,2026-05,control,1,1,1,0,0.0,0,0,0
U107675,2026-05-17,2026-05,control,1,1,0,0,0.0,0,0,0
U107676,2026-06-05,2026-06,treatment,1,0,0,0,0.0,0,0,0
U107677,2026-06-26,2026-06,treatment,1,1,0,0,0.0,0,0,0
U107678,2026-02-18,2026-02,control,1,0,0,0,0.0,1,1,1
U107679,2026-02-11,2026-02,treatment,1,1,1,1,95.86,0,0,0
U107680,2026-06-24,2026-06,treatment,1,0,0,0,0.0,1,1,1
U107681,2026-05-12,2026-05,control,1,0,0,0,0.0,0,0,0
U107682,2026-05-22,2026-05,treatment,1,1,1,1,113.34,0,0,0
U107683,2026-05-06,2026-05,treatment,1,0,0,0,0.0,0,0,0
U107684,2026-02-25,2026-02,control,1,0,0,0,0.0,0,0,0
U107685,2026-06-07,2026-06,treatment,1,0,0,0,0.0,1,1,1
U107686,2026-06-05,2026-06,control,1,0,0,0,0.0,1,1,1
U107687,2026-04-11,2026-04,control,1,1,1,0,0.0,0,0,0
U107688,2026-04-10,2026-04,treatment,1,0,0,0,0.0,1,1,1
U107689,2026-06-14,2026-06,control,1,1,1,1,100.19,1,1,1
U107690,2026-02-18,2026-02,control,1,0,0,0,0.0,1,1,1
U107691,2026-06-18,2026-06,control,1,0,0,0,0.0,0,0,0
U107692,2026-04-02,2026-04,control,1,0,0,0,0.0,0,0,0
U107693,2026-05-19,2026-05,control,1,1,1,1,34.2,0,0,0
U107694,2026-06-24,2026-06,treatment,1,0,0,0,0.0,0,0,0
U107695,2026-05-29,2026-05,control,1,0,0,0,0.0,0,0,0
U107696,2026-04-26,2026-04,treatment,1,0,0,0,0.0,1,1,1
U107697,2026-05-30,2026-05,treatment,1,1,1,1,27.92,0,0,0
U107698,2026-04-16,2026-04,control,1,0,0,0,0.0,0,0,0
U107699,2026-04-05,2026-04,treatment,1,1,0,0,0.0,1,1,1
U107700,2026-06-29,2026-06,treatment,1,0,0,0,0.0,0,0,0
U107701,2026-06-05,2026-06,control,1,0,0,0,0.0,1,1,1
U107702,2026-05-25,2026-05,control,1,0,0,0,0.0,0,0,0
U107703,2026-04-18,2026-04,treatment,1,0,0,0,0.0,1,1,1
U107704,2026-02-09,2026-02,treatment,1,0,0,0,0.0,1,1,1
U107705,2026-02-01,2026-02,control,1,1,1,0,0.0,1,1,1
U107706,2026-05-14,2026-05,control,1,0,0,0,0.0,0,0,0
U107707,2026-06-07,2026-06,control,1,0,0,0,0.0,0,0,0
U107708,2026-05-12,2026-05,control,1,0,0,0,0.0,0,0,0
U107709,2026-06-15,2026-06,treatment,1,0,0,0,0.0,1,1,1
U107710,2026-02-02,2026-02,control,1,0,0,0,0.0,0,0,0
U107711,2026-04-20,2026-04,control,1,1,0,0,0.0,1,1,1
U107712,2026-03-29,2026-03,control,1,0,0,0,0.0,1,1,1
U107713,2026-05-01,2026-05,control,1,1,1,1,136.18,0,0,0
U107714,2026-02-18,2026-02,control,1,0,0,0,0.0,1,1,1
U107715,2026-06-25,2026-06,control,1,0,0,0,0.0,0,0,0
U107716,2026-03-27,2026-03,control,1,0,0,0,0.0,1,1,1
U107717,2026-06-22,2026-06,treatment,1,0,0,0,0.0,1,1,1
U107718,2026-04-28,2026-04,treatment,1,0,0,0,0.0,0,0,0
U107719,2026-06-28,2026-06,control,1,0,0,0,0.0,1,1,1
U107720,2026-05-14,2026-05,treatment,1,0,0,0,0.0,0,0,0
U107721,2026-06-23,2026-06,control,1,1,1,1,74.78,1,1,1
U107722,2026-01-14,2026-01,control,1,0,0,0,0.0,1,1,1
U107723,2026-06-05,2026-06,control,1,1,0,0,0.0,1,1,1
U107724,2026-06-21,2026-06,control,1,0,0,0,0.0,0,0,0
U107725,2026-03-09,2026-03,treatment,1,1,0,0,0.0,0,0,0
U107726,2026-02-25,2026-02,control,1,0,0,0,0.0,0,0,0
U107727,2026-04-28,2026-04,control,1,0,0,0,0.0,0,0,0
U107728,2026-06-23,2026-06,treatment,1,1,0,0,0.0,0,0,0
U107729,2026-05-13,2026-05,treatment,1,0,0,0,0.0,1,1,1
U107730,2026-05-11,2026-05,control,1,0,0,0,0.0,1,1,1
U107731,2026-03-09,2026-03,control,1,0,0,0,0.0,0,0,0
U107732,2026-01-06,2026-01,control,1,0,0,0,0.0,0,0,0
U107733,2026-06-12,2026-06,control,1,1,0,0,0.0,0,0,0
U107734,2026-02-23,2026-02,control,1,1,0,0,0.0,0,0,0
U107735,2026-05-24,2026-05,control,1,1,1,0,0.0,0,0,0
U107736,2026-06-22,2026-06,treatment,1,1,1,0,0.0,0,0,0
U107737,2026-03-24,2026-03,treatment,1,0,0,0,0.0,0,0,0
U107738,2026-05-27,2026-05,treatment,1,0,0,0,0.0,0,0,0
U107739,2026-02-20,2026-02,control,1,1,1,0,0.0,0,0,0
U107740,2026-05-20,2026-05,control,1,0,0,0,0.0,0,0,0
U107741,2026-03-14,2026-03,control,1,0,0,0,0.0,1,1,1
U107742,2026-06-04,2026-06,treatment,1,0,0,0,0.0,1,1,1
U107743,2026-04-09,2026-04,control,1,1,0,0,0.0,0,0,0
U107744,2026-05-03,2026-05,treatment,1,0,0,0,0.0,0,0,0
U107745,2026-05-20,2026-05,treatment,1,1,0,0,0.0,0,0,0
U107746,2026-03-16,2026-03,treatment,1,0,0,0,0.0,0,0,0
U107747,2026-06-05,2026-06,treatment,1,0,0,0,0.0,1,1,1
U107748,2026-04-10,2026-04,treatment,1,1,0,0,0.0,1,1,1
U107749,2026-05-27,2026-05,treatment,1,1,0,0,0.0,0,0,0
U107750,2026-03-13,2026-03,treatment,1,0,0,0,0.0,1,1,1
U107751,2026-05-30,2026-05,control,1,0,0,0,0.0,0,0,0
U107752,2026-03-06,2026-03,control,1,0,0,0,0.0,1,1,1
U107753,2026-04-28,2026-04,treatment,1,1,1,1,42.83,0,0,0
U107754,2026-03-31,2026-03,treatment,1,0,0,0,0.0,0,0,0
U107755,2026-06-05,2026-06,control,1,0,0,0,0.0,0,0,0
U107756,2026-04-03,2026-04,control,1,1,0,0,0.0,0,0,0
U107757,2026-06-19,2026-06,treatment,1,0,0,0,0.0,1,1,1
U107758,2026-06-19,2026-06,treatment,1,0,0,0,0.0,1,1,1
U107759,2026-03-21,2026-03,control,1,1,0,0,0.0,1,1,1
U107760,2026-05-22,2026-05,treatment,1,1,1,0,0.0,0,0,0
U107761,2026-02-23,2026-02,treatment,1,1,1,0,0.0,1,1,1
U107762,2026-04-23,2026-04,treatment,1,0,0,0,0.0,0,0,0
U107763,2026-06-02,2026-06,control,1,1,0,0,0.0,1,1,1
U107764,2026-05-27,2026-05,control,1,1,0,0,0.0,0,0,0
U107765,2026-05-23,2026-05,control,1,0,0,0,0.0,1,1,1
U107766,2026-04-06,2026-04,control,1,1,1,0,0.0,0,0,0
U107767,2026-04-21,2026-04,control,1,0,0,0,0.0,0,0,0
U107768,2026-02-27,2026-02,treatment,1,1,1,0,0.0,1,1,1
U107769,2026-06-02,2026-06,control,1,1,1,1,128.85,1,1,1
U107770,2026-05-08,2026-05,treatment,1,1,0,0,0.0,0,0,0
U107771,2026-06-01,2026-06,treatment,1,0,0,0,0.0,1,1,1
U107772,2026-03-31,2026-03,control,1,1,1,1,42.8,0,0,0
U107773,2026-04-13,2026-04,treatment,1,0,0,0,0.0,1,1,1
U107774,2026-04-15,2026-04,treatment,1,1,1,1,44.78,0,0,0
U107775,2026-01-29,2026-01,treatment,1,1,1,0,0.0,0,0,0
U107776,2026-04-16,2026-04,control,1,0,0,0,0.0,0,0,0
U107777,2026-06-11,2026-06,treatment,1,0,0,0,0.0,0,0,0
U107778,2026-06-20,2026-06,control,1,1,0,0,0.0,0,0,0
U107779,2026-05-10,2026-05,treatment,1,0,0,0,0.0,0,0,0
U107780,2026-05-02,2026-05,control,1,1,0,0,0.0,0,0,0
U107781,2026-02-01,2026-02,treatment,1,0,0,0,0.0,0,0,0
U107782,2026-06-18,2026-06,control,1,1,0,0,0.0,0,0,0
U107783,2026-01-21,2026-01,control,1,0,0,0,0.0,0,0,0
U107784,2026-06-24,2026-06,treatment,1,0,0,0,0.0,0,0,0
U107785,2026-05-06,2026-05,treatment,1,1,0,0,0.0,1,1,1
U107786,2026-04-16,2026-04,control,1,1,1,0,0.0,1,1,1
U107787,2026-06-23,2026-06,control,1,0,0,0,0.0,0,0,0
U107788,2026-01-29,2026-01,treatment,1,1,1,0,0.0,0,0,0
U107789,2026-05-18,2026-05,treatment,1,0,0,0,0.0,1,1,1
U107790,2026-05-14,2026-05,control,1,1,1,1,52.74,0,0,0
U107791,2026-03-26,2026-03,treatment,1,0,0,0,0.0,1,1,1
U107792,2026-04-28,2026-04,control,1,0,0,0,0.0,0,0,0
U107793,2026-05-26,2026-05,control,1,0,0,0,0.0,0,0,0
U107794,2026-06-03,2026-06,treatment,1,0,0,0,0.0,0,0,0
U107795,2026-01-05,2026-01,treatment,1,1,1,1,44.09,1,1,1
U107796,2026-06-24,2026-06,treatment,1,1,1,0,0.0,1,1,1
U107797,2026-03-15,2026-03,control,1,0,0,0,0.0,0,0,0
U107798,2026-03-28,2026-03,treatment,1,0,0,0,0.0,1,1,1
U107799,2026-04-03,2026-04,control,1,1,1,1,67.18,0,0,0
U107800,2026-02-05,2026-02,treatment,1,0,0,0,0.0,0,0,0
U107801,2026-03-05,2026-03,control,1,0,0,0,0.0,0,0,0
U107802,2026-06-28,2026-06,control,1,0,0,0,0.0,0,0,0
U107803,2026-04-12,2026-04,treatment,1,0,0,0,0.0,1,1,1
U107804,2026-03-03,2026-03,control,1,0,0,0,0.0,1,1,1
U107805,2026-02-28,2026-02,treatment,1,1,1,1,51.51,1,1,1
U107806,2026-06-02,2026-06,treatment,1,0,0,0,0.0,1,1,1
U107807,2026-06-16,2026-06,control,1,1,1,0,0.0,1,1,1
U107808,2026-04-02,2026-04,treatment,1,0,0,0,0.0,1,1,1
U107809,2026-01-27,2026-01,control,1,0,0,0,0.0,0,0,0
U107810,2026-03-27,2026-03,control,1,0,0,0,0.0,0,0,0
U107811,2026-02-12,2026-02,treatment,1,1,1,0,0.0,0,0,0
U107812,2026-02-27,2026-02,treatment,1,0,0,0,0.0,0,0,0
U107813,2026-04-29,2026-04,control,1,0,0,0,0.0,0,0,0
U107814,2026-03-28,2026-03,treatment,1,1,0,0,0.0,0,0,0
U107815,2026-05-10,2026-05,control,1,0,0,0,0.0,0,0,0
U107816,2026-04-01,2026-04,treatment,1,1,1,1,35.08,1,1,1
U107817,2026-06-24,2026-06,treatment,1,1,1,1,39.56,0,0,0
U107818,2026-06-21,2026-06,control,1,0,0,0,0.0,1,1,1
U107819,2026-05-16,2026-05,treatment,1,0,0,0,0.0,1,1,1
U107820,2026-04-18,2026-04,control,1,0,0,0,0.0,0,0,0
U107821,2026-04-22,2026-04,control,1,1,1,1,27.04,1,1,1
U107822,2026-04-26,2026-04,treatment,1,0,0,0,0.0,0,0,0
U107823,2026-06-03,2026-06,treatment,1,1,1,1,68.43,0,0,0
U107824,2026-05-01,2026-05,control,1,1,0,0,0.0,1,1,1
U107825,2026-06-16,2026-06,treatment,1,0,0,0,0.0,0,0,0
U107826,2026-06-24,2026-06,control,1,1,1,1,31.45,0,0,0
U107827,2026-04-15,2026-04,control,1,0,0,0,0.0,0,0,0
U107828,2026-05-15,2026-05,treatment,1,0,0,0,0.0,0,0,0
U107829,2026-02-25,2026-02,treatment,1,1,1,1,90.29,1,1,1
U107830,2026-03-22,2026-03,treatment,1,0,0,0,0.0,1,1,1
U107831,2026-04-26,2026-04,control,1,0,0,0,0.0,0,0,0
U107832,2026-03-23,2026-03,treatment,1,1,1,0,0.0,0,0,0
U107833,2026-06-18,2026-06,treatment,1,1,1,1,40.21,0,0,0
U107834,2026-03-13,2026-03,control,1,0,0,0,0.0,1,1,1
U107835,2026-05-02,2026-05,control,1,1,1,0,0.0,0,0,0
U107836,2026-05-21,2026-05,treatment,1,0,0,0,0.0,0,0,0
U107837,2026-05-30,2026-05,control,1,1,0,0,0.0,1,1,1
U107838,2026-04-22,2026-04,control,1,1,1,0,0.0,0,0,0
U107839,2026-06-17,2026-06,treatment,1,0,0,0,0.0,0,0,0
U107840,2026-05-16,2026-05,treatment,1,0,0,0,0.0,0,0,0
U107841,2026-04-30,2026-04,treatment,1,1,0,0,0.0,1,1,1
U107842,2026-02-16,2026-02,treatment,1,1,1,0,0.0,0,0,0
U107843,2026-05-03,2026-05,treatment,1,0,0,0,0.0,0,0,0
U107844,2026-06-13,2026-06,treatment,1,0,0,0,0.0,1,1,1
U107845,2026-05-22,2026-05,control,1,0,0,0,0.0,0,0,0
U107846,2026-06-14,2026-06,control,1,0,0,0,0.0,0,0,0
U107847,2026-05-07,2026-05,control,1,1,1,1,41.32,0,0,0
U107848,2026-03-03,2026-03,control,1,0,0,0,0.0,0,0,0
U107849,2026-01-22,2026-01,control,1,1,1,0,0.0,0,0,0
U107850,2026-04-10,2026-04,control,1,1,1,1,63.1,1,1,1
U107851,2026-05-31,2026-05,control,1,1,1,1,38.97,1,1,1
U107852,2026-06-10,2026-06,control,1,0,0,0,0.0,1,1,1
U107853,2026-04-08,2026-04,treatment,1,1,1,1,34.46,1,1,1
U107854,2026-05-07,2026-05,control,1,1,1,0,0.0,1,1,1
U107855,2026-04-27,2026-04,treatment,1,0,0,0,0.0,0,0,0
U107856,2026-04-26,2026-04,control,1,0,0,0,0.0,1,1,1
U107857,2026-03-28,2026-03,treatment,1,1,1,1,51.54,0,0,0
U107858,2026-03-08,2026-03,treatment,1,0,0,0,0.0,0,0,0
U107859,2026-03-21,2026-03,treatment,1,1,1,0,0.0,1,1,1
U107860,2026-02-12,2026-02,treatment,1,0,0,0,0.0,0,0,0
U107861,2026-03-22,2026-03,treatment,1,0,0,0,0.0,0,0,0
U107862,2026-01-18,2026-01,control,1,0,0,0,0.0,1,1,1
U107863,2026-05-23,2026-05,treatment,1,0,0,0,0.0,1,1,1
U107864,2026-04-12,2026-04,treatment,1,0,0,0,0.0,0,0,0
U107865,2026-06-27,2026-06,treatment,1,0,0,0,0.0,0,0,0
U107866,2026-03-21,2026-03,control,1,0,0,0,0.0,0,0,0
U107867,2026-04-16,2026-04,treatment,1,0,0,0,0.0,1,1,1
U107868,2026-04-18,2026-04,treatment,1,0,0,0,0.0,1,1,1
U107869,2026-01-17,2026-01,treatment,1,1,1,0,0.0,0,0,0
U107870,2026-06-14,2026-06,treatment,1,0,0,0,0.0,0,0,0
U107871,2026-02-02,2026-02,control,1,1,1,0,0.0,1,1,1
U107872,2026-06-24,2026-06,control,1,1,0,0,0.0,1,1,1
U107873,2026-06-20,2026-06,control,1,0,0,0,0.0,0,0,0
U107874,2026-05-12,2026-05,control,1,0,0,0,0.0,0,0,0
U107875,2026-05-13,2026-05,control,1,1,1,0,0.0,0,0,0
U107876,2026-05-26,2026-05,control,1,1,1,0,0.0,0,0,0
U107877,2026-04-22,2026-04,control,1,0,0,0,0.0,0,0,0
U107878,2026-05-25,2026-05,control,1,1,0,0,0.0,0,0,0
U107879,2026-02-08,2026-02,control,1,0,0,0,0.0,0,0,0
U107880,2026-02-11,2026-02,treatment,1,0,0,0,0.0,1,1,1
U107881,2026-05-02,2026-05,treatment,1,0,0,0,0.0,0,0,0
U107882,2026-05-14,2026-05,treatment,1,0,0,0,0.0,1,1,1
U107883,2026-06-19,2026-06,control,1,1,0,0,0.0,0,0,0
U107884,2026-02-28,2026-02,treatment,1,1,1,0,0.0,0,0,0
U107885,2026-06-13,2026-06,treatment,1,1,0,0,0.0,0,0,0
U107886,2026-03-24,2026-03,treatment,1,0,0,0,0.0,1,1,1
U107887,2026-04-23,2026-04,treatment,1,0,0,0,0.0,1,1,1
U107888,2026-04-12,2026-04,treatment,1,0,0,0,0.0,0,0,0
U107889,2026-04-24,2026-04,treatment,1,0,0,0,0.0,0,0,0
U107890,2026-03-11,2026-03,control,1,0,0,0,0.0,0,0,0
U107891,2026-05-08,2026-05,control,1,0,0,0,0.0,0,0,0
U107892,2026-06-11,2026-06,treatment,1,0,0,0,0.0,1,1,1
U107893,2026-04-30,2026-04,control,1,1,0,0,0.0,0,0,0
U107894,2026-05-07,2026-05,control,1,1,0,0,0.0,1,1,1
U107895,2026-06-15,2026-06,treatment,1,0,0,0,0.0,1,1,1
U107896,2026-06-01,2026-06,control,1,1,1,1,63.5,0,0,0
U107897,2026-05-07,2026-05,treatment,1,0,0,0,0.0,1,1,1
U107898,2026-04-02,2026-04,treatment,1,0,0,0,0.0,0,0,0
U107899,2026-06-19,2026-06,control,1,1,0,0,0.0,0,0,0
U107900,2026-05-17,2026-05,control,1,1,1,1,35.9,1,1,1
U107901,2026-03-26,2026-03,control,1,0,0,0,0.0,1,1,1
U107902,2026-04-04,2026-04,control,1,0,0,0,0.0,0,0,0
U107903,2026-06-11,2026-06,control,1,1,1,1,43.34,0,0,0
U107904,2026-02-07,2026-02,control,1,0,0,0,0.0,0,0,0
U107905,2026-06-29,2026-06,control,1,0,0,0,0.0,0,0,0
U107906,2026-03-06,2026-03,control,1,1,0,0,0.0,1,1,1
U107907,2026-06-10,2026-06,treatment,1,0,0,0,0.0,1,1,1
U107908,2026-04-24,2026-04,treatment,1,0,0,0,0.0,1,1,1
U107909,2026-05-07,2026-05,treatment,1,0,0,0,0.0,1,1,1
U107910,2026-06-18,2026-06,treatment,1,1,1,0,0.0,0,0,0
U107911,2026-04-26,2026-04,control,1,1,0,0,0.0,0,0,0
U107912,2026-05-12,2026-05,treatment,1,0,0,0,0.0,0,0,0
U107913,2026-02-09,2026-02,control,1,0,0,0,0.0,1,1,1
U107914,2026-01-09,2026-01,control,1,0,0,0,0.0,0,0,0
U107915,2026-03-31,2026-03,treatment,1,0,0,0,0.0,0,0,0
U107916,2026-05-29,2026-05,control,1,0,0,0,0.0,0,0,0
U107917,2026-03-04,2026-03,control,1,0,0,0,0.0,0,0,0
U107918,2026-03-02,2026-03,treatment,1,0,0,0,0.0,0,0,0
U107919,2026-04-26,2026-04,treatment,1,1,0,0,0.0,0,0,0
U107920,2026-05-25,2026-05,control,1,0,0,0,0.0,0,0,0
U107921,2026-06-01,2026-06,control,1,0,0,0,0.0,0,0,0
U107922,2026-03-18,2026-03,treatment,1,0,0,0,0.0,1,1,1
U107923,2026-02-20,2026-02,treatment,1,1,0,0,0.0,0,0,0
U107924,2026-06-24,2026-06,control,1,0,0,0,0.0,0,0,0
U107925,2026-04-02,2026-04,treatment,1,0,0,0,0.0,1,1,1
U107926,2026-06-16,2026-06,treatment,1,1,0,0,0.0,0,0,0
U107927,2026-06-17,2026-06,control,1,1,1,0,0.0,0,0,0
U107928,2026-06-08,2026-06,treatment,1,1,1,1,32.49,0,0,0
U107929,2026-03-15,2026-03,treatment,1,0,0,0,0.0,0,0,0
U107930,2026-06-13,2026-06,control,1,0,0,0,0.0,0,0,0
U107931,2026-06-07,2026-06,treatment,1,1,1,0,0.0,0,0,0
U107932,2026-05-20,2026-05,control,1,0,0,0,0.0,0,0,0
U107933,2026-04-15,2026-04,treatment,1,0,0,0,0.0,0,0,0
U107934,2026-04-03,2026-04,treatment,1,1,1,1,31.11,1,1,1
U107935,2026-03-04,2026-03,control,1,1,1,0,0.0,0,0,0
U107936,2026-05-09,2026-05,treatment,1,1,1,1,62.61,0,0,0
U107937,2026-05-18,2026-05,treatment,1,1,1,1,25.33,0,0,0
U107938,2026-04-18,2026-04,control,1,1,0,0,0.0,0,0,0
U107939,2026-05-05,2026-05,control,1,1,1,1,50.83,1,1,1
U107940,2026-04-19,2026-04,control,1,0,0,0,0.0,0,0,0
U107941,2026-05-25,2026-05,treatment,1,1,1,1,64.96,0,0,0
U107942,2026-06-20,2026-06,treatment,1,0,0,0,0.0,0,0,0
U107943,2026-03-14,2026-03,treatment,1,1,0,0,0.0,0,0,0
U107944,2026-04-22,2026-04,control,1,0,0,0,0.0,0,0,0
U107945,2026-03-09,2026-03,treatment,1,0,0,0,0.0,0,0,0
U107946,2026-05-23,2026-05,control,1,0,0,0,0.0,1,1,1
U107947,2026-06-03,2026-06,control,1,0,0,0,0.0,0,0,0
U107948,2026-06-23,2026-06,control,1,0,0,0,0.0,0,0,0
U107949,2026-04-06,2026-04,control,1,0,0,0,0.0,1,1,1
U107950,2026-06-25,2026-06,treatment,1,0,0,0,0.0,0,0,0
U107951,2026-02-15,2026-02,treatment,1,0,0,0,0.0,0,0,0
U107952,2026-05-20,2026-05,treatment,1,0,0,0,0.0,0,0,0
U107953,2026-02-13,2026-02,treatment,1,1,1,1,62.35,0,0,0
U107954,2026-06-20,2026-06,control,1,0,0,0,0.0,0,0,0
U107955,2026-05-12,2026-05,treatment,1,0,0,0,0.0,1,1,1
U107956,2026-05-28,2026-05,treatment,1,0,0,0,0.0,0,0,0
U107957,2026-06-14,2026-06,treatment,1,1,1,1,88.98,0,0,0
U107958,2026-03-11,2026-03,control,1,1,0,0,0.0,1,1,1
U107959,2026-02-05,2026-02,treatment,1,0,0,0,0.0,0,0,0
U107960,2026-06-18,2026-06,treatment,1,1,1,1,89.86,0,0,0
U107961,2026-04-12,2026-04,control,1,1,0,0,0.0,0,0,0
U107962,2026-03-06,2026-03,treatment,1,1,1,0,0.0,0,0,0
U107963,2026-05-04,2026-05,treatment,1,0,0,0,0.0,0,0,0
U107964,2026-05-20,2026-05,control,1,1,0,0,0.0,1,1,1
U107965,2026-02-01,2026-02,control,1,0,0,0,0.0,0,0,0
U107966,2026-04-05,2026-04,treatment,1,1,0,0,0.0,1,1,1
U107967,2026-02-02,2026-02,control,1,1,1,0,0.0,0,0,0
U107968,2026-04-27,2026-04,treatment,1,1,0,0,0.0,0,0,0
U107969,2026-06-20,2026-06,treatment,1,0,0,0,0.0,0,0,0
U107970,2026-06-28,2026-06,control,1,1,1,0,0.0,1,1,1
U107971,2026-05-24,2026-05,treatment,1,0,0,0,0.0,0,0,0
U107972,2026-03-14,2026-03,treatment,1,0,0,0,0.0,1,1,1
U107973,2026-06-21,2026-06,treatment,1,0,0,0,0.0,0,0,0
U107974,2026-05-10,2026-05,treatment,1,1,0,0,0.0,0,0,0
U107975,2026-03-12,2026-03,treatment,1,0,0,0,0.0,0,0,0
U107976,2026-06-22,2026-06,control,1,0,0,0,0.0,0,0,0
U107977,2026-06-06,2026-06,control,1,0,0,0,0.0,1,1,1
U107978,2026-06-03,2026-06,control,1,1,1,1,54.2,0,0,0
U107979,2026-06-01,2026-06,control,1,1,0,0,0.0,0,0,0
U107980,2026-03-22,2026-03,treatment,1,1,0,0,0.0,0,0,0
U107981,2026-03-24,2026-03,control,1,0,0,0,0.0,0,0,0
U107982,2026-05-30,2026-05,treatment,1,1,1,1,42.07,0,0,0
U107983,2026-03-26,2026-03,control,1,1,1,0,0.0,1,1,1
U107984,2026-04-30,2026-04,control,1,1,0,0,0.0,1,1,1
U107985,2026-06-09,2026-06,treatment,1,1,1,1,29.21,0,0,0
U107986,2026-06-09,2026-06,control,1,1,1,1,89.7,1,1,1
U107987,2026-05-02,2026-05,treatment,1,1,1,1,24.35,0,0,0
U107988,2026-06-10,2026-06,control,1,0,0,0,0.0,1,1,1
U107989,2026-06-14,2026-06,treatment,1,0,0,0,0.0,0,0,0
U107990,2026-05-26,2026-05,treatment,1,1,1,1,68.9,1,1,1
U107991,2026-03-28,2026-03,treatment,1,1,1,0,0.0,0,0,0
U107992,2026-04-05,2026-04,control,1,1,0,0,0.0,1,1,1
U107993,2026-04-11,2026-04,control,1,0,0,0,0.0,1,1,1
U107994,2026-03-03,2026-03,treatment,1,0,0,0,0.0,1,1,1
U107995,2026-04-05,2026-04,treatment,1,0,0,0,0.0,0,0,0
U107996,2026-03-24,2026-03,control,1,1,1,1,53.76,0,0,0
U107997,2026-05-02,2026-05,control,1,1,1,1,59.9,0,0,0
U107998,2026-06-21,2026-06,control,1,0,0,0,0.0,1,1,1
U107999,2026-02-28,2026-02,control,1,0,0,0,0.0,0,0,0
U108000,2026-06-02,2026-06,treatment,1,0,0,0,0.0,1,1,1
U108001,2026-05-30,2026-05,control,1,0,0,0,0.0,0,0,0
U108002,2026-02-25,2026-02,control,1,0,0,0,0.0,0,0,0
U108003,2026-06-22,2026-06,treatment,1,1,0,0,0.0,0,0,0
U108004,2026-05-16,2026-05,control,1,1,1,0,0.0,0,0,0
U108005,2026-04-19,2026-04,treatment,1,0,0,0,0.0,0,0,0
U108006,2026-06-06,2026-06,treatment,1,0,0,0,0.0,0,0,0
U108007,2026-04-02,2026-04,control,1,1,0,0,0.0,0,0,0
U108008,2026-05-30,2026-05,treatment,1,1,1,1,66.46,1,1,1
U108009,2026-02-05,2026-02,control,1,1,0,0,0.0,1,1,1
U108010,2026-06-14,2026-06,control,1,0,0,0,0.0,0,0,0
U108011,2026-05-01,2026-05,control,1,0,0,0,0.0,1,1,1
U108012,2026-05-24,2026-05,control,1,0,0,0,0.0,0,0,0
U108013,2026-03-26,2026-03,control,1,1,1,0,0.0,0,0,0
U108014,2026-05-29,2026-05,control,1,1,1,0,0.0,0,0,0
U108015,2026-06-08,2026-06,treatment,1,0,0,0,0.0,1,1,1
U108016,2026-05-04,2026-05,treatment,1,1,1,0,0.0,1,1,1
U108017,2026-05-22,2026-05,treatment,1,0,0,0,0.0,1,1,1
U108018,2026-05-02,2026-05,treatment,1,1,1,1,56.36,1,1,1
U108019,2026-06-20,2026-06,control,1,0,0,0,0.0,0,0,0
U108020,2026-05-08,2026-05,control,1,0,0,0,0.0,0,0,0
U108021,2026-06-15,2026-06,control,1,0,0,0,0.0,0,0,0
U108022,2026-06-11,2026-06,control,1,0,0,0,0.0,0,0,0
U108023,2026-04-26,2026-04,treatment,1,1,0,0,0.0,0,0,0
U108024,2026-03-28,2026-03,treatment,1,0,0,0,0.0,1,1,1
U108025,2026-04-25,2026-04,control,1,1,0,0,0.0,0,0,0
U108026,2026-06-13,2026-06,control,1,0,0,0,0.0,0,0,0
U108027,2026-03-27,2026-03,control,1,0,0,0,0.0,0,0,0
U108028,2026-05-11,2026-05,control,1,1,0,0,0.0,1,1,1
U108029,2026-06-11,2026-06,control,1,1,0,0,0.0,0,0,0
U108030,2026-04-18,2026-04,treatment,1,0,0,0,0.0,0,0,0
U108031,2026-05-25,2026-05,control,1,1,0,0,0.0,0,0,0
U108032,2026-03-31,2026-03,treatment,1,1,1,1,64.19,1,1,1
U108033,2026-03-01,2026-03,control,1,0,0,0,0.0,1,1,1
U108034,2026-06-10,2026-06,control,1,1,1,0,0.0,1,1,1
U108035,2026-02-26,2026-02,treatment,1,0,0,0,0.0,0,0,0
U108036,2026-04-04,2026-04,treatment,1,0,0,0,0.0,0,0,0
U108037,2026-06-16,2026-06,control,1,1,1,1,148.45,0,0,0
U108038,2026-04-16,2026-04,treatment,1,0,0,0,0.0,1,1,1
U108039,2026-06-27,2026-06,control,1,0,0,0,0.0,0,0,0
U108040,2026-06-28,2026-06,control,1,0,0,0,0.0,1,1,1
U108041,2026-04-04,2026-04,treatment,1,1,1,0,0.0,0,0,0
U108042,2026-02-06,2026-02,treatment,1,1,1,0,0.0,0,0,0
U108043,2026-06-01,2026-06,control,1,0,0,0,0.0,0,0,0
U108044,2026-05-01,2026-05,control,1,1,1,0,0.0,0,0,0
U108045,2026-02-27,2026-02,treatment,1,0,0,0,0.0,0,0,0
U108046,2026-06-01,2026-06,control,1,1,1,0,0.0,0,0,0
U108047,2026-02-01,2026-02,control,1,1,1,1,26.16,1,1,1
U108048,2026-06-17,2026-06,treatment,1,1,1,1,36.55,1,1,1
U108049,2026-03-09,2026-03,treatment,1,0,0,0,0.0,0,0,0
U108050,2026-03-06,2026-03,control,1,1,1,0,0.0,0,0,0
U108051,2026-03-17,2026-03,treatment,1,0,0,0,0.0,1,1,1
U108052,2026-06-26,2026-06,treatment,1,1,1,0,0.0,1,1,1
U108053,2026-05-30,2026-05,control,1,0,0,0,0.0,1,1,1
U108054,2026-06-11,2026-06,treatment,1,0,0,0,0.0,0,0,0
U108055,2026-04-24,2026-04,treatment,1,0,0,0,0.0,0,0,0
U108056,2026-04-15,2026-04,control,1,0,0,0,0.0,0,0,0
U108057,2026-03-29,2026-03,control,1,0,0,0,0.0,0,0,0
U108058,2026-05-05,2026-05,treatment,1,1,1,1,28.12,0,0,0
U108059,2026-05-14,2026-05,treatment,1,0,0,0,0.0,1,1,1
U108060,2026-05-24,2026-05,control,1,0,0,0,0.0,0,0,0
U108061,2026-04-02,2026-04,treatment,1,0,0,0,0.0,0,0,0
U108062,2026-06-25,2026-06,treatment,1,1,0,0,0.0,1,1,1
U108063,2026-03-16,2026-03,treatment,1,0,0,0,0.0,1,1,1
U108064,2026-06-26,2026-06,treatment,1,0,0,0,0.0,0,0,0
U108065,2026-01-22,2026-01,control,1,0,0,0,0.0,1,1,1
U108066,2026-05-05,2026-05,control,1,1,1,0,0.0,0,0,0
U108067,2026-04-14,2026-04,treatment,1,0,0,0,0.0,1,1,1
U108068,2026-05-01,2026-05,control,1,0,0,0,0.0,0,0,0
U108069,2026-05-16,2026-05,treatment,1,1,0,0,0.0,0,0,0
U108070,2026-04-29,2026-04,control,1,0,0,0,0.0,0,0,0
U108071,2026-04-26,2026-04,control,1,0,0,0,0.0,0,0,0
U108072,2026-06-04,2026-06,control,1,0,0,0,0.0,0,0,0
U108073,2026-05-30,2026-05,treatment,1,1,1,1,12.59,0,0,0
U108074,2026-06-14,2026-06,treatment,1,0,0,0,0.0,0,0,0
U108075,2026-03-31,2026-03,control,1,0,0,0,0.0,0,0,0
U108076,2026-05-21,2026-05,control,1,0,0,0,0.0,0,0,0
U108077,2026-05-18,2026-05,control,1,1,1,0,0.0,1,1,1
U108078,2026-04-20,2026-04,treatment,1,0,0,0,0.0,0,0,0
U108079,2026-05-06,2026-05,control,1,0,0,0,0.0,0,0,0
U108080,2026-04-11,2026-04,treatment,1,1,0,0,0.0,0,0,0
U108081,2026-03-09,2026-03,treatment,1,1,1,0,0.0,0,0,0
U108082,2026-03-25,2026-03,control,1,1,1,1,50.48,0,0,0
U108083,2026-02-28,2026-02,treatment,1,0,0,0,0.0,1,1,1
U108084,2026-05-29,2026-05,control,1,0,0,0,0.0,1,1,1
U108085,2026-05-27,2026-05,treatment,1,0,0,0,0.0,1,1,1
U108086,2026-06-25,2026-06,control,1,1,0,0,0.0,0,0,0
U108087,2026-06-03,2026-06,control,1,1,0,0,0.0,0,0,0
U108088,2026-02-11,2026-02,treatment,1,1,1,0,0.0,0,0,0
U108089,2026-06-19,2026-06,control,1,0,0,0,0.0,0,0,0
U108090,2026-06-17,2026-06,treatment,1,1,1,0,0.0,0,0,0
U108091,2026-04-30,2026-04,treatment,1,1,1,0,0.0,0,0,0
U108092,2026-05-18,2026-05,treatment,1,1,0,0,0.0,1,1,1
U108093,2026-06-27,2026-06,control,1,1,1,1,86.36,0,0,0
U108094,2026-05-12,2026-05,treatment,1,1,1,1,93.6,1,1,1
U108095,2026-06-21,2026-06,treatment,1,0,0,0,0.0,1,1,1
U108096,2026-02-21,2026-02,control,1,0,0,0,0.0,1,1,1
U108097,2026-03-20,2026-03,treatment,1,0,0,0,0.0,1,1,1
U108098,2026-04-30,2026-04,treatment,1,0,0,0,0.0,1,1,1
U108099,2026-05-18,2026-05,control,1,0,0,0,0.0,0,0,0
U108100,2026-06-12,2026-06,treatment,1,0,0,0,0.0,0,0,0
U108101,2026-06-28,2026-06,control,1,1,0,0,0.0,0,0,0
U108102,2026-04-23,2026-04,control,1,0,0,0,0.0,0,0,0
U108103,2026-02-09,2026-02,control,1,0,0,0,0.0,0,0,0
U108104,2026-06-11,2026-06,treatment,1,0,0,0,0.0,1,1,1
U108105,2026-05-20,2026-05,control,1,0,0,0,0.0,0,0,0
U108106,2026-03-22,2026-03,treatment,1,0,0,0,0.0,0,0,0
U108107,2026-05-07,2026-05,treatment,1,1,1,0,0.0,0,0,0
U108108,2026-06-05,2026-06,treatment,1,0,0,0,0.0,1,1,1
U108109,2026-06-07,2026-06,control,1,0,0,0,0.0,0,0,0
U108110,2026-05-08,2026-05,treatment,1,0,0,0,0.0,0,0,0
U108111,2026-04-10,2026-04,treatment,1,1,1,1,75.88,0,0,0
U108112,2026-06-27,2026-06,control,1,1,1,0,0.0,0,0,0
U108113,2026-05-27,2026-05,treatment,1,0,0,0,0.0,0,0,0
U108114,2026-04-26,2026-04,treatment,1,1,1,0,0.0,1,1,1
U108115,2026-04-06,2026-04,treatment,1,1,1,0,0.0,0,0,0
U108116,2026-06-03,2026-06,control,1,0,0,0,0.0,0,0,0
U108117,2026-03-30,2026-03,control,1,0,0,0,0.0,0,0,0
U108118,2026-03-16,2026-03,control,1,0,0,0,0.0,1,1,1
U108119,2026-05-12,2026-05,control,1,0,0,0,0.0,0,0,0
U108120,2026-04-07,2026-04,treatment,1,1,1,1,61.13,0,0,0
U108121,2026-05-23,2026-05,treatment,1,0,0,0,0.0,0,0,0
U108122,2026-03-03,2026-03,treatment,1,0,0,0,0.0,1,1,1
U108123,2026-05-26,2026-05,treatment,1,0,0,0,0.0,0,0,0
U108124,2026-04-06,2026-04,treatment,1,0,0,0,0.0,0,0,0
U108125,2026-01-03,2026-01,control,1,1,0,0,0.0,1,1,1
U108126,2026-03-06,2026-03,treatment,1,0,0,0,0.0,1,1,1
U108127,2026-06-23,2026-06,control,1,0,0,0,0.0,1,1,1
U108128,2026-06-17,2026-06,control,1,1,0,0,0.0,0,0,0
U108129,2026-03-28,2026-03,treatment,1,0,0,0,0.0,0,0,0
U108130,2026-06-08,2026-06,control,1,0,0,0,0.0,0,0,0
U108131,2026-05-21,2026-05,control,1,0,0,0,0.0,0,0,0
U108132,2026-06-27,2026-06,treatment,1,0,0,0,0.0,1,1,1
U108133,2026-04-21,2026-04,control,1,0,0,0,0.0,0,0,0
U108134,2026-05-29,2026-05,control,1,0,0,0,0.0,0,0,0
U108135,2026-02-15,2026-02,control,1,0,0,0,0.0,0,0,0
U108136,2026-04-24,2026-04,control,1,0,0,0,0.0,1,1,1
U108137,2026-06-26,2026-06,control,1,0,0,0,0.0,0,0,0
U108138,2026-05-13,2026-05,treatment,1,1,0,0,0.0,0,0,0
U108139,2026-04-07,2026-04,control,1,0,0,0,0.0,0,0,0
U108140,2026-03-04,2026-03,treatment,1,1,0,0,0.0,0,0,0
U108141,2026-05-31,2026-05,control,1,1,1,1,55.45,0,0,0
U108142,2026-05-25,2026-05,control,1,0,0,0,0.0,1,1,1
U108143,2026-04-21,2026-04,treatment,1,1,1,1,58.12,0,0,0
U108144,2026-06-25,2026-06,treatment,1,1,1,0,0.0,1,1,1
U108145,2026-01-27,2026-01,treatment,1,0,0,0,0.0,1,1,1
U108146,2026-04-10,2026-04,treatment,1,1,0,0,0.0,0,0,0
U108147,2026-06-22,2026-06,control,1,0,0,0,0.0,1,1,1
U108148,2026-04-12,2026-04,control,1,0,0,0,0.0,1,1,1
U108149,2026-04-01,2026-04,treatment,1,1,1,1,18.36,0,0,0
U108150,2026-05-12,2026-05,control,1,0,0,0,0.0,0,0,0
U108151,2026-06-13,2026-06,control,1,1,1,0,0.0,0,0,0
U108152,2026-02-27,2026-02,control,1,1,0,0,0.0,0,0,0
U108153,2026-06-24,2026-06,treatment,1,1,1,1,42.44,0,0,0
U108154,2026-06-10,2026-06,control,1,0,0,0,0.0,1,1,1
U108155,2026-03-18,2026-03,control,1,1,0,0,0.0,0,0,0
U108156,2026-06-01,2026-06,control,1,0,0,0,0.0,1,1,1
U108157,2026-04-22,2026-04,treatment,1,0,0,0,0.0,0,0,0
U108158,2026-04-25,2026-04,control,1,0,0,0,0.0,1,1,1
U108159,2026-06-09,2026-06,control,1,1,1,1,47.92,0,0,0
U108160,2026-06-26,2026-06,treatment,1,0,0,0,0.0,0,0,0
U108161,2026-03-06,2026-03,treatment,1,0,0,0,0.0,0,0,0
U108162,2026-04-27,2026-04,treatment,1,0,0,0,0.0,0,0,0
U108163,2026-05-05,2026-05,treatment,1,0,0,0,0.0,1,1,1
U108164,2026-04-21,2026-04,control,1,1,1,0,0.0,0,0,0
U108165,2026-04-19,2026-04,control,1,0,0,0,0.0,1,1,1
U108166,2026-02-11,2026-02,control,1,0,0,0,0.0,0,0,0
U108167,2026-05-30,2026-05,treatment,1,1,1,1,9.88,0,0,0
U108168,2026-04-29,2026-04,control,1,0,0,0,0.0,1,1,1
U108169,2026-03-21,2026-03,treatment,1,1,1,0,0.0,1,1,1
U108170,2026-06-12,2026-06,treatment,1,0,0,0,0.0,1,1,1
U108171,2026-06-11,2026-06,control,1,0,0,0,0.0,1,1,1
U108172,2026-05-06,2026-05,control,1,0,0,0,0.0,0,0,0
U108173,2026-04-09,2026-04,control,1,0,0,0,0.0,0,0,0
U108174,2026-05-24,2026-05,control,1,1,1,1,95.69,0,0,0
U108175,2026-04-07,2026-04,control,1,0,0,0,0.0,0,0,0
U108176,2026-03-29,2026-03,treatment,1,1,0,0,0.0,0,0,0
U108177,2026-06-03,2026-06,control,1,0,0,0,0.0,0,0,0
U108178,2026-02-06,2026-02,control,1,0,0,0,0.0,0,0,0
U108179,2026-02-25,2026-02,control,1,1,1,1,50.72,1,1,1
U108180,2026-01-15,2026-01,treatment,1,1,1,0,0.0,0,0,0
U108181,2026-03-12,2026-03,treatment,1,1,1,0,0.0,0,0,0
U108182,2026-02-17,2026-02,treatment,1,1,0,0,0.0,1,1,1
U108183,2026-06-29,2026-06,treatment,1,0,0,0,0.0,1,1,1
U108184,2026-04-07,2026-04,control,1,1,1,0,0.0,0,0,0
U108185,2026-03-11,2026-03,control,1,0,0,0,0.0,0,0,0
U108186,2026-03-30,2026-03,control,1,0,0,0,0.0,0,0,0
U108187,2026-06-24,2026-06,control,1,1,1,1,37.01,1,1,1
U108188,2026-05-10,2026-05,treatment,1,0,0,0,0.0,0,0,0
U108189,2026-04-19,2026-04,control,1,1,0,0,0.0,0,0,0
U108190,2026-06-18,2026-06,control,1,0,0,0,0.0,1,1,1
U108191,2026-04-24,2026-04,treatment,1,0,0,0,0.0,0,0,0
U108192,2026-04-15,2026-04,treatment,1,0,0,0,0.0,1,1,1
U108193,2026-03-23,2026-03,treatment,1,1,0,0,0.0,1,1,1
U108194,2026-04-21,2026-04,control,1,0,0,0,0.0,0,0,0
U108195,2026-04-12,2026-04,treatment,1,0,0,0,0.0,0,0,0
U108196,2026-05-29,2026-05,treatment,1,1,1,1,51.65,0,0,0
U108197,2026-04-07,2026-04,control,1,0,0,0,0.0,0,0,0
U108198,2026-05-17,2026-05,treatment,1,0,0,0,0.0,0,0,0
U108199,2026-02-16,2026-02,treatment,1,1,1,0,0.0,1,1,1
U108200,2026-03-20,2026-03,control,1,1,1,1,52.42,0,0,0
U108201,2026-04-25,2026-04,control,1,0,0,0,0.0,0,0,0
U108202,2026-06-24,2026-06,control,1,1,1,0,0.0,0,0,0
U108203,2026-04-21,2026-04,control,1,0,0,0,0.0,0,0,0
U108204,2026-05-27,2026-05,treatment,1,0,0,0,0.0,0,0,0
U108205,2026-04-01,2026-04,control,1,1,0,0,0.0,0,0,0
U108206,2026-03-06,2026-03,treatment,1,1,1,0,0.0,0,0,0
U108207,2026-02-13,2026-02,treatment,1,0,0,0,0.0,0,0,0
U108208,2026-04-10,2026-04,treatment,1,0,0,0,0.0,0,0,0
U108209,2026-03-13,2026-03,control,1,0,0,0,0.0,0,0,0
U108210,2026-03-17,2026-03,control,1,0,0,0,0.0,0,0,0
U108211,2026-06-06,2026-06,control,1,1,1,1,32.05,0,0,0
U108212,2026-01-23,2026-01,control,1,0,0,0,0.0,0,0,0
U108213,2026-05-15,2026-05,control,1,0,0,0,0.0,0,0,0
U108214,2026-04-21,2026-04,treatment,1,1,1,0,0.0,0,0,0
U108215,2026-05-09,2026-05,control,1,1,0,0,0.0,0,0,0
U108216,2026-05-16,2026-05,treatment,1,0,0,0,0.0,0,0,0
U108217,2026-04-11,2026-04,control,1,1,1,1,77.62,0,0,0
U108218,2026-04-08,2026-04,treatment,1,1,1,1,125.82,0,0,0
U108219,2026-06-04,2026-06,treatment,1,0,0,0,0.0,1,1,1
U108220,2026-06-18,2026-06,control,1,1,0,0,0.0,1,1,1
U108221,2026-03-20,2026-03,treatment,1,1,1,1,55.71,0,0,0
U108222,2026-02-26,2026-02,treatment,1,0,0,0,0.0,1,1,1
U108223,2026-06-20,2026-06,treatment,1,0,0,0,0.0,1,1,1
U108224,2026-04-17,2026-04,treatment,1,1,1,1,46.44,1,1,1
U108225,2026-05-14,2026-05,control,1,0,0,0,0.0,0,0,0
U108226,2026-04-18,2026-04,control,1,0,0,0,0.0,1,1,1
U108227,2026-03-05,2026-03,control,1,0,0,0,0.0,0,0,0
U108228,2026-05-19,2026-05,treatment,1,1,0,0,0.0,0,0,0
U108229,2026-05-11,2026-05,treatment,1,0,0,0,0.0,1,1,1
U108230,2026-03-23,2026-03,treatment,1,0,0,0,0.0,1,1,1
U108231,2026-05-01,2026-05,control,1,0,0,0,0.0,0,0,0
U108232,2026-06-10,2026-06,treatment,1,1,0,0,0.0,0,0,0
U108233,2026-05-19,2026-05,treatment,1,0,0,0,0.0,0,0,0
U108234,2026-02-26,2026-02,control,1,0,0,0,0.0,0,0,0
U108235,2026-05-14,2026-05,control,1,0,0,0,0.0,0,0,0
U108236,2026-05-31,2026-05,control,1,0,0,0,0.0,0,0,0
U108237,2026-06-10,2026-06,treatment,1,0,0,0,0.0,1,1,1
U108238,2026-05-23,2026-05,treatment,1,1,1,0,0.0,0,0,0
U108239,2026-03-12,2026-03,control,1,1,1,0,0.0,0,0,0
U108240,2026-06-01,2026-06,control,1,1,1,1,210.45,0,0,0
U108241,2026-05-29,2026-05,treatment,1,0,0,0,0.0,0,0,0
U108242,2026-01-29,2026-01,treatment,1,0,0,0,0.0,1,1,1
U108243,2026-04-26,2026-04,treatment,1,1,0,0,0.0,1,1,1
U108244,2026-04-14,2026-04,treatment,1,0,0,0,0.0,1,1,1
U108245,2026-05-28,2026-05,control,1,1,1,0,0.0,0,0,0
U108246,2026-03-25,2026-03,treatment,1,1,1,1,26.16,0,0,0
U108247,2026-05-19,2026-05,control,1,1,1,0,0.0,0,0,0
U108248,2026-06-22,2026-06,treatment,1,0,0,0,0.0,1,1,1
U108249,2026-06-10,2026-06,control,1,0,0,0,0.0,0,0,0
U108250,2026-06-22,2026-06,treatment,1,0,0,0,0.0,1,1,1
U108251,2026-06-28,2026-06,control,1,1,1,0,0.0,0,0,0
U108252,2026-01-19,2026-01,treatment,1,1,1,1,33.73,0,0,0
U108253,2026-05-23,2026-05,control,1,1,1,1,38.92,1,1,1
U108254,2026-04-26,2026-04,control,1,0,0,0,0.0,0,0,0
U108255,2026-06-16,2026-06,treatment,1,1,0,0,0.0,1,1,1
U108256,2026-04-01,2026-04,control,1,1,0,0,0.0,0,0,0
U108257,2026-06-28,2026-06,treatment,1,0,0,0,0.0,1,1,1
U108258,2026-05-22,2026-05,treatment,1,0,0,0,0.0,0,0,0
U108259,2026-06-10,2026-06,treatment,1,1,0,0,0.0,1,1,1
U108260,2026-02-22,2026-02,treatment,1,0,0,0,0.0,0,0,0
U108261,2026-03-19,2026-03,treatment,1,0,0,0,0.0,0,0,0
U108262,2026-06-06,2026-06,treatment,1,0,0,0,0.0,0,0,0
U108263,2026-01-27,2026-01,treatment,1,1,1,1,41.06,0,0,0
U108264,2026-06-12,2026-06,control,1,0,0,0,0.0,0,0,0
U108265,2026-01-22,2026-01,control,1,0,0,0,0.0,0,0,0
U108266,2026-05-26,2026-05,treatment,1,1,0,0,0.0,0,0,0
U108267,2026-04-19,2026-04,control,1,1,0,0,0.0,0,0,0
U108268,2026-05-21,2026-05,control,1,1,1,1,60.23,1,1,1
U108269,2026-05-31,2026-05,control,1,0,0,0,0.0,0,0,0
U108270,2026-04-16,2026-04,control,1,0,0,0,0.0,0,0,0
U108271,2026-03-01,2026-03,treatment,1,1,0,0,0.0,0,0,0
U108272,2026-02-17,2026-02,treatment,1,1,0,0,0.0,0,0,0
U108273,2026-05-19,2026-05,treatment,1,0,0,0,0.0,0,0,0
U108274,2026-05-10,2026-05,treatment,1,0,0,0,0.0,1,1,1
U108275,2026-06-05,2026-06,control,1,0,0,0,0.0,1,1,1
U108276,2026-05-09,2026-05,control,1,1,1,0,0.0,1,1,1
U108277,2026-04-27,2026-04,control,1,0,0,0,0.0,0,0,0
U108278,2026-04-24,2026-04,treatment,1,0,0,0,0.0,0,0,0
U108279,2026-01-30,2026-01,control,1,0,0,0,0.0,0,0,0
U108280,2026-04-15,2026-04,control,1,0,0,0,0.0,1,1,1
U108281,2026-06-27,2026-06,treatment,1,0,0,0,0.0,1,1,1
U108282,2026-06-18,2026-06,treatment,1,1,1,1,32.13,1,1,1
U108283,2026-04-14,2026-04,control,1,1,1,0,0.0,0,0,0
U108284,2026-05-19,2026-05,control,1,0,0,0,0.0,0,0,0
U108285,2026-06-15,2026-06,treatment,1,0,0,0,0.0,1,1,1
U108286,2026-04-30,2026-04,treatment,1,0,0,0,0.0,0,0,0
U108287,2026-01-25,2026-01,control,1,1,0,0,0.0,1,1,1
U108288,2026-02-19,2026-02,control,1,0,0,0,0.0,0,0,0
U108289,2026-05-09,2026-05,treatment,1,1,1,0,0.0,1,1,1
U108290,2026-06-27,2026-06,treatment,1,1,1,0,0.0,1,1,1
U108291,2026-05-30,2026-05,treatment,1,0,0,0,0.0,0,0,0
U108292,2026-02-17,2026-02,treatment,1,1,0,0,0.0,1,1,1
U108293,2026-03-20,2026-03,treatment,1,1,0,0,0.0,1,1,1
U108294,2026-06-08,2026-06,control,1,0,0,0,0.0,0,0,0
U108295,2026-06-15,2026-06,control,1,0,0,0,0.0,1,1,1
U108296,2026-05-22,2026-05,treatment,1,0,0,0,0.0,0,0,0
U108297,2026-05-25,2026-05,treatment,1,0,0,0,0.0,0,0,0
U108298,2026-01-31,2026-01,treatment,1,0,0,0,0.0,0,0,0
U108299,2026-06-13,2026-06,control,1,0,0,0,0.0,0,0,0
U108300,2026-06-09,2026-06,treatment,1,0,0,0,0.0,1,1,1
U108301,2026-04-02,2026-04,control,1,0,0,0,0.0,0,0,0
U108302,2026-06-01,2026-06,treatment,1,1,1,1,28.0,1,1,1
U108303,2026-03-25,2026-03,control,1,1,1,0,0.0,0,0,0
U108304,2026-02-06,2026-02,treatment,1,1,1,1,39.54,0,0,0
U108305,2026-03-22,2026-03,treatment,1,0,0,0,0.0,0,0,0
U108306,2026-03-18,2026-03,control,1,1,0,0,0.0,1,1,1
U108307,2026-04-15,2026-04,control,1,1,1,0,0.0,1,1,1
U108308,2026-04-27,2026-04,treatment,1,0,0,0,0.0,0,0,0
U108309,2026-05-09,2026-05,treatment,1,1,0,0,0.0,1,1,1
U108310,2026-05-05,2026-05,control,1,0,0,0,0.0,0,0,0
U108311,2026-04-04,2026-04,control,1,1,1,0,0.0,1,1,1
U108312,2026-01-31,2026-01,control,1,1,1,1,80.69,0,0,0
U108313,2026-05-21,2026-05,treatment,1,1,1,1,26.02,0,0,0
U108314,2026-04-24,2026-04,control,1,0,0,0,0.0,1,1,1
U108315,2026-04-09,2026-04,control,1,0,0,0,0.0,0,0,0
U108316,2026-06-17,2026-06,treatment,1,0,0,0,0.0,1,1,1
U108317,2026-06-05,2026-06,treatment,1,0,0,0,0.0,1,1,1
U108318,2026-06-16,2026-06,control,1,0,0,0,0.0,0,0,0
U108319,2026-05-07,2026-05,treatment,1,0,0,0,0.0,0,0,0
U108320,2026-03-07,2026-03,treatment,1,1,0,0,0.0,1,1,1
U108321,2026-05-31,2026-05,treatment,1,0,0,0,0.0,0,0,0
U108322,2026-03-23,2026-03,control,1,1,0,0,0.0,1,1,1
U108323,2026-04-30,2026-04,treatment,1,0,0,0,0.0,0,0,0
U108324,2026-02-15,2026-02,control,1,0,0,0,0.0,1,1,1
U108325,2026-06-13,2026-06,control,1,1,0,0,0.0,0,0,0
U108326,2026-03-05,2026-03,control,1,1,1,1,69.3,0,0,0
U108327,2026-06-21,2026-06,treatment,1,0,0,0,0.0,0,0,0
U108328,2026-06-17,2026-06,treatment,1,1,1,1,42.87,1,1,1
U108329,2026-05-03,2026-05,treatment,1,1,1,0,0.0,0,0,0
U108330,2026-06-05,2026-06,control,1,1,1,0,0.0,0,0,0
U108331,2026-05-22,2026-05,treatment,1,1,1,1,34.85,0,0,0
U108332,2026-06-11,2026-06,treatment,1,0,0,0,0.0,1,1,1
U108333,2026-04-29,2026-04,control,1,1,1,1,61.97,0,0,0
U108334,2026-06-09,2026-06,treatment,1,1,0,0,0.0,0,0,0
U108335,2026-05-03,2026-05,control,1,1,1,0,0.0,0,0,0
U108336,2026-06-24,2026-06,treatment,1,1,1,0,0.0,0,0,0
U108337,2026-05-06,2026-05,control,1,1,1,0,0.0,0,0,0
U108338,2026-05-03,2026-05,treatment,1,0,0,0,0.0,0,0,0
U108339,2026-06-09,2026-06,treatment,1,0,0,0,0.0,0,0,0
U108340,2026-06-13,2026-06,treatment,1,1,1,0,0.0,0,0,0
U108341,2026-05-15,2026-05,control,1,1,1,0,0.0,0,0,0
U108342,2026-03-18,2026-03,control,1,0,0,0,0.0,0,0,0
U108343,2026-05-04,2026-05,control,1,0,0,0,0.0,1,1,1
U108344,2026-06-27,2026-06,treatment,1,1,1,1,49.38,1,1,1
U108345,2026-06-06,2026-06,treatment,1,0,0,0,0.0,0,0,0
U108346,2026-06-12,2026-06,control,1,0,0,0,0.0,1,1,1
U108347,2026-02-02,2026-02,control,1,0,0,0,0.0,0,0,0
U108348,2026-05-04,2026-05,treatment,1,1,1,0,0.0,0,0,0
U108349,2026-05-25,2026-05,treatment,1,0,0,0,0.0,1,1,1
U108350,2026-06-13,2026-06,control,1,0,0,0,0.0,0,0,0
U108351,2026-02-09,2026-02,control,1,1,1,0,0.0,0,0,0
U108352,2026-06-16,2026-06,control,1,1,0,0,0.0,1,1,1
U108353,2026-05-14,2026-05,treatment,1,0,0,0,0.0,0,0,0
U108354,2026-03-21,2026-03,treatment,1,0,0,0,0.0,0,0,0
U108355,2026-04-12,2026-04,treatment,1,1,1,1,54.88,1,1,1
U108356,2026-04-06,2026-04,control,1,1,0,0,0.0,1,1,1
U108357,2026-05-12,2026-05,treatment,1,0,0,0,0.0,0,0,0
U108358,2026-02-10,2026-02,control,1,0,0,0,0.0,0,0,0
U108359,2026-03-13,2026-03,control,1,1,0,0,0.0,0,0,0
U108360,2026-06-12,2026-06,treatment,1,1,0,0,0.0,1,1,1
U108361,2026-03-07,2026-03,control,1,0,0,0,0.0,0,0,0
U108362,2026-03-28,2026-03,control,1,0,0,0,0.0,0,0,0
U108363,2026-05-02,2026-05,treatment,1,0,0,0,0.0,0,0,0
U108364,2026-05-10,2026-05,control,1,0,0,0,0.0,0,0,0
U108365,2026-06-07,2026-06,treatment,1,0,0,0,0.0,1,1,1
U108366,2026-05-01,2026-05,treatment,1,0,0,0,0.0,0,0,0
U108367,2026-06-09,2026-06,treatment,1,1,0,0,0.0,1,1,1
U108368,2026-05-22,2026-05,control,1,0,0,0,0.0,0,0,0
U108369,2026-03-02,2026-03,control,1,1,1,1,106.54,1,1,1
U108370,2026-03-13,2026-03,control,1,1,0,0,0.0,1,1,1
U108371,2026-04-29,2026-04,control,1,0,0,0,0.0,1,1,1
U108372,2026-04-24,2026-04,treatment,1,1,0,0,0.0,1,1,1
U108373,2026-06-05,2026-06,control,1,1,1,0,0.0,0,0,0
U108374,2026-05-18,2026-05,control,1,1,0,0,0.0,0,0,0
U108375,2026-04-23,2026-04,treatment,1,0,0,0,0.0,1,1,1
U108376,2026-03-16,2026-03,treatment,1,0,0,0,0.0,0,0,0
U108377,2026-03-27,2026-03,treatment,1,0,0,0,0.0,0,0,0
U108378,2026-05-17,2026-05,control,1,0,0,0,0.0,0,0,0
U108379,2026-04-28,2026-04,treatment,1,0,0,0,0.0,1,1,1
U108380,2026-05-10,2026-05,treatment,1,1,1,1,43.07,1,1,1
U108381,2026-03-16,2026-03,control,1,0,0,0,0.0,0,0,0
U108382,2026-05-27,2026-05,control,1,1,0,0,0.0,0,0,0
U108383,2026-06-16,2026-06,control,1,0,0,0,0.0,0,0,0
U108384,2026-04-02,2026-04,treatment,1,1,1,1,37.29,0,0,0
U108385,2026-05-07,2026-05,control,1,0,0,0,0.0,0,0,0
U108386,2026-06-27,2026-06,treatment,1,1,1,1,125.87,0,0,0
U108387,2026-04-14,2026-04,treatment,1,0,0,0,0.0,0,0,0
U108388,2026-05-19,2026-05,treatment,1,1,0,0,0.0,0,0,0
U108389,2026-02-24,2026-02,control,1,0,0,0,0.0,0,0,0
U108390,2026-05-21,2026-05,control,1,1,0,0,0.0,0,0,0
U108391,2026-02-23,2026-02,control,1,0,0,0,0.0,1,1,1
U108392,2026-06-26,2026-06,control,1,1,1,0,0.0,0,0,0
U108393,2026-06-02,2026-06,treatment,1,1,1,1,43.61,0,0,0
U108394,2026-06-09,2026-06,control,1,1,1,1,120.5,0,0,0
U108395,2026-06-01,2026-06,control,1,0,0,0,0.0,0,0,0
U108396,2026-05-19,2026-05,control,1,1,0,0,0.0,1,1,1
U108397,2026-05-01,2026-05,control,1,0,0,0,0.0,1,1,1
U108398,2026-06-16,2026-06,treatment,1,0,0,0,0.0,0,0,0
U108399,2026-06-26,2026-06,treatment,1,0,0,0,0.0,0,0,0
U108400,2026-05-08,2026-05,treatment,1,0,0,0,0.0,0,0,0
U108401,2026-06-23,2026-06,control,1,1,1,0,0.0,0,0,0
U108402,2026-05-18,2026-05,treatment,1,0,0,0,0.0,0,0,0
U108403,2026-05-13,2026-05,treatment,1,0,0,0,0.0,0,0,0
U108404,2026-05-02,2026-05,control,1,1,0,0,0.0,1,1,1
U108405,2026-03-24,2026-03,control,1,1,0,0,0.0,1,1,1
U108406,2026-01-11,2026-01,treatment,1,1,1,1,51.92,1,1,1
U108407,2026-03-30,2026-03,treatment,1,1,0,0,0.0,0,0,0
U108408,2026-05-09,2026-05,treatment,1,0,0,0,0.0,0,0,0
U108409,2026-04-21,2026-04,control,1,1,0,0,0.0,1,1,1
U108410,2026-05-01,2026-05,control,1,1,1,1,68.89,0,0,0
U108411,2026-06-28,2026-06,treatment,1,0,0,0,0.0,1,1,1
U108412,2026-04-17,2026-04,treatment,1,0,0,0,0.0,0,0,0
U108413,2026-05-02,2026-05,treatment,1,1,0,0,0.0,1,1,1
U108414,2026-03-07,2026-03,treatment,1,1,0,0,0.0,0,0,0
U108415,2026-02-09,2026-02,control,1,0,0,0,0.0,0,0,0
U108416,2026-06-08,2026-06,treatment,1,0,0,0,0.0,0,0,0
U108417,2026-05-16,2026-05,treatment,1,1,1,1,26.99,0,0,0
U108418,2026-06-06,2026-06,treatment,1,0,0,0,0.0,1,1,1
U108419,2026-03-11,2026-03,control,1,0,0,0,0.0,0,0,0
U108420,2026-05-17,2026-05,control,1,1,1,0,0.0,1,1,1
U108421,2026-04-01,2026-04,treatment,1,0,0,0,0.0,1,1,1
U108422,2026-03-27,2026-03,treatment,1,0,0,0,0.0,1,1,1
U108423,2026-01-20,2026-01,treatment,1,1,1,1,59.62,1,1,1
U108424,2026-03-06,2026-03,treatment,1,1,1,0,0.0,1,1,1
U108425,2026-04-11,2026-04,treatment,1,1,1,1,33.34,0,0,0
U108426,2026-03-03,2026-03,treatment,1,1,1,0,0.0,1,1,1
U108427,2026-06-28,2026-06,control,1,1,1,1,50.69,0,0,0
U108428,2026-04-10,2026-04,control,1,1,1,1,63.4,0,0,0
U108429,2026-03-06,2026-03,control,1,0,0,0,0.0,0,0,0
U108430,2026-03-22,2026-03,treatment,1,1,1,0,0.0,1,1,1
U108431,2026-05-18,2026-05,control,1,0,0,0,0.0,0,0,0
U108432,2026-02-15,2026-02,control,1,1,1,0,0.0,0,0,0
U108433,2026-06-17,2026-06,treatment,1,0,0,0,0.0,1,1,1
U108434,2026-06-26,2026-06,treatment,1,0,0,0,0.0,0,0,0
U108435,2026-03-31,2026-03,treatment,1,0,0,0,0.0,0,0,0
U108436,2026-05-01,2026-05,control,1,1,0,0,0.0,0,0,0
U108437,2026-01-27,2026-01,treatment,1,1,1,0,0.0,0,0,0
U108438,2026-05-25,2026-05,control,1,1,1,1,15.64,0,0,0
U108439,2026-04-26,2026-04,control,1,0,0,0,0.0,0,0,0
U108440,2026-04-04,2026-04,control,1,0,0,0,0.0,1,1,1
U108441,2026-03-23,2026-03,control,1,0,0,0,0.0,1,1,1
U108442,2026-05-26,2026-05,control,1,0,0,0,0.0,0,0,0
U108443,2026-04-27,2026-04,treatment,1,1,1,1,46.88,0,0,0
U108444,2026-03-18,2026-03,control,1,1,1,0,0.0,1,1,1
U108445,2026-05-30,2026-05,treatment,1,0,0,0,0.0,0,0,0
U108446,2026-05-16,2026-05,control,1,0,0,0,0.0,1,1,1
U108447,2026-06-16,2026-06,control,1,0,0,0,0.0,0,0,0
U108448,2026-03-03,2026-03,treatment,1,0,0,0,0.0,1,1,1
U108449,2026-06-09,2026-06,treatment,1,1,1,0,0.0,0,0,0
U108450,2026-05-28,2026-05,treatment,1,1,1,0,0.0,1,1,1
U108451,2026-03-03,2026-03,treatment,1,1,0,0,0.0,1,1,1
U108452,2026-05-31,2026-05,treatment,1,1,1,0,0.0,0,0,0
U108453,2026-04-30,2026-04,treatment,1,0,0,0,0.0,0,0,0
U108454,2026-06-24,2026-06,treatment,1,0,0,0,0.0,0,0,0
U108455,2026-03-09,2026-03,treatment,1,0,0,0,0.0,1,1,1
U108456,2026-05-25,2026-05,control,1,1,0,0,0.0,1,1,1
U108457,2026-04-22,2026-04,treatment,1,1,1,0,0.0,0,0,0
U108458,2026-06-26,2026-06,control,1,1,1,1,62.0,0,0,0
U108459,2026-04-14,2026-04,control,1,0,0,0,0.0,1,1,1
U108460,2026-06-26,2026-06,treatment,1,1,1,1,46.71,0,0,0
U108461,2026-06-20,2026-06,control,1,0,0,0,0.0,1,1,1
U108462,2026-04-04,2026-04,control,1,0,0,0,0.0,0,0,0
U108463,2026-06-11,2026-06,control,1,0,0,0,0.0,0,0,0
U108464,2026-06-29,2026-06,treatment,1,0,0,0,0.0,1,1,1
U108465,2026-04-01,2026-04,control,1,1,0,0,0.0,0,0,0
U108466,2026-04-29,2026-04,control,1,1,0,0,0.0,0,0,0
U108467,2026-05-10,2026-05,treatment,1,0,0,0,0.0,1,1,1
U108468,2026-04-08,2026-04,control,1,0,0,0,0.0,0,0,0
U108469,2026-01-23,2026-01,control,1,0,0,0,0.0,0,0,0
U108470,2026-03-26,2026-03,control,1,0,0,0,0.0,0,0,0
U108471,2026-04-06,2026-04,control,1,0,0,0,0.0,0,0,0
U108472,2026-04-30,2026-04,control,1,1,0,0,0.0,0,0,0
U108473,2026-03-16,2026-03,control,1,0,0,0,0.0,0,0,0
U108474,2026-06-18,2026-06,control,1,1,0,0,0.0,0,0,0
U108475,2026-06-01,2026-06,treatment,1,0,0,0,0.0,1,1,1
U108476,2026-02-22,2026-02,treatment,1,0,0,0,0.0,0,0,0
U108477,2026-05-26,2026-05,treatment,1,0,0,0,0.0,0,0,0
U108478,2026-05-26,2026-05,control,1,1,1,0,0.0,0,0,0
U108479,2026-06-26,2026-06,control,1,0,0,0,0.0,0,0,0
U108480,2026-01-10,2026-01,treatment,1,0,0,0,0.0,1,1,1
U108481,2026-03-31,2026-03,control,1,1,0,0,0.0,0,0,0
U108482,2026-06-23,2026-06,treatment,1,0,0,0,0.0,0,0,0
U108483,2026-06-23,2026-06,control,1,1,0,0,0.0,1,1,1
U108484,2026-06-02,2026-06,treatment,1,0,0,0,0.0,1,1,1
U108485,2026-06-07,2026-06,control,1,1,1,0,0.0,0,0,0
U108486,2026-02-24,2026-02,control,1,0,0,0,0.0,0,0,0
U108487,2026-05-10,2026-05,treatment,1,0,0,0,0.0,0,0,0
U108488,2026-03-28,2026-03,treatment,1,0,0,0,0.0,0,0,0
U108489,2026-03-18,2026-03,control,1,0,0,0,0.0,0,0,0
U108490,2026-06-12,2026-06,treatment,1,1,1,1,38.19,1,1,1
U108491,2026-03-08,2026-03,control,1,1,1,1,25.75,1,1,1
U108492,2026-05-04,2026-05,control,1,0,0,0,0.0,0,0,0
U108493,2026-06-24,2026-06,treatment,1,0,0,0,0.0,1,1,1
U108494,2026-03-19,2026-03,treatment,1,0,0,0,0.0,0,0,0
U108495,2026-06-28,2026-06,treatment,1,1,0,0,0.0,1,1,1
U108496,2026-06-29,2026-06,control,1,0,0,0,0.0,1,1,1
U108497,2026-05-15,2026-05,control,1,0,0,0,0.0,0,0,0
U108498,2026-03-16,2026-03,treatment,1,1,1,1,76.59,0,0,0
U108499,2026-04-12,2026-04,control,1,0,0,0,0.0,1,1,1
U108500,2026-04-28,2026-04,control,1,0,0,0,0.0,1,1,1
U108501,2026-04-11,2026-04,control,1,0,0,0,0.0,0,0,0
U108502,2026-04-06,2026-04,control,1,1,0,0,0.0,0,0,0
U108503,2026-06-27,2026-06,control,1,0,0,0,0.0,0,0,0
U108504,2026-03-12,2026-03,control,1,1,0,0,0.0,0,0,0
U108505,2026-06-04,2026-06,treatment,1,0,0,0,0.0,0,0,0
U108506,2026-01-04,2026-01,treatment,1,0,0,0,0.0,1,1,1
U108507,2026-05-19,2026-05,control,1,1,1,1,75.49,0,0,0
U108508,2026-06-22,2026-06,control,1,0,0,0,0.0,0,0,0
U108509,2026-04-07,2026-04,control,1,0,0,0,0.0,0,0,0
U108510,2026-03-19,2026-03,control,1,0,0,0,0.0,0,0,0
U108511,2026-05-26,2026-05,treatment,1,0,0,0,0.0,1,1,1
U108512,2026-06-01,2026-06,treatment,1,1,1,0,0.0,1,1,1
U108513,2026-05-30,2026-05,treatment,1,0,0,0,0.0,0,0,0
U108514,2026-04-12,2026-04,treatment,1,1,1,0,0.0,0,0,0
U108515,2026-04-01,2026-04,control,1,1,0,0,0.0,1,1,1
U108516,2026-06-25,2026-06,control,1,1,1,0,0.0,1,1,1
U108517,2026-06-22,2026-06,treatment,1,1,0,0,0.0,0,0,0
U108518,2026-05-02,2026-05,treatment,1,1,0,0,0.0,0,0,0
U108519,2026-06-15,2026-06,control,1,0,0,0,0.0,0,0,0
U108520,2026-05-02,2026-05,control,1,0,0,0,0.0,0,0,0
U108521,2026-04-28,2026-04,treatment,1,0,0,0,0.0,0,0,0
U108522,2026-03-13,2026-03,control,1,1,1,0,0.0,0,0,0
U108523,2026-04-28,2026-04,treatment,1,1,0,0,0.0,0,0,0
U108524,2026-05-12,2026-05,treatment,1,0,0,0,0.0,1,1,1
U108525,2026-01-28,2026-01,control,1,1,1,1,26.78,1,1,1
U108526,2026-04-30,2026-04,treatment,1,1,0,0,0.0,0,0,0
U108527,2026-06-09,2026-06,treatment,1,0,0,0,0.0,1,1,1
U108528,2026-05-29,2026-05,treatment,1,0,0,0,0.0,0,0,0
U108529,2026-05-24,2026-05,control,1,0,0,0,0.0,0,0,0
U108530,2026-06-21,2026-06,control,1,1,0,0,0.0,0,0,0
U108531,2026-01-25,2026-01,treatment,1,0,0,0,0.0,1,1,1
U108532,2026-05-15,2026-05,control,1,0,0,0,0.0,0,0,0
U108533,2026-06-09,2026-06,control,1,1,1,1,38.21,1,1,1
U108534,2026-05-13,2026-05,control,1,1,0,0,0.0,0,0,0
U108535,2026-04-13,2026-04,treatment,1,0,0,0,0.0,1,1,1
U108536,2026-03-08,2026-03,control,1,0,0,0,0.0,1,1,1
U108537,2026-06-19,2026-06,control,1,0,0,0,0.0,1,1,1
U108538,2026-05-04,2026-05,control,1,1,1,1,60.57,0,0,0
U108539,2026-06-18,2026-06,treatment,1,1,1,1,22.79,1,1,1
U108540,2026-05-18,2026-05,treatment,1,1,1,0,0.0,0,0,0
U108541,2026-05-28,2026-05,control,1,0,0,0,0.0,1,1,1
U108542,2026-06-11,2026-06,treatment,1,0,0,0,0.0,1,1,1
U108543,2026-05-27,2026-05,control,1,0,0,0,0.0,0,0,0
U108544,2026-04-24,2026-04,treatment,1,0,0,0,0.0,0,0,0
U108545,2026-05-10,2026-05,treatment,1,0,0,0,0.0,0,0,0
U108546,2026-06-11,2026-06,treatment,1,1,1,0,0.0,0,0,0
U108547,2026-04-21,2026-04,control,1,0,0,0,0.0,0,0,0
U108548,2026-04-23,2026-04,treatment,1,0,0,0,0.0,1,1,1
U108549,2026-02-25,2026-02,treatment,1,1,1,1,21.27,1,1,1
U108550,2026-06-22,2026-06,treatment,1,0,0,0,0.0,0,0,0
U108551,2026-02-24,2026-02,control,1,1,0,0,0.0,1,1,1
U108552,2026-05-25,2026-05,control,1,0,0,0,0.0,0,0,0
U108553,2026-04-26,2026-04,treatment,1,0,0,0,0.0,0,0,0
U108554,2026-04-25,2026-04,control,1,0,0,0,0.0,1,1,1
U108555,2026-05-29,2026-05,treatment,1,1,0,0,0.0,0,0,0
U108556,2026-02-16,2026-02,control,1,1,0,0,0.0,1,1,1
U108557,2026-05-19,2026-05,treatment,1,0,0,0,0.0,1,1,1
U108558,2026-06-08,2026-06,control,1,0,0,0,0.0,1,1,1
U108559,2026-06-13,2026-06,control,1,1,1,1,130.27,0,0,0
U108560,2026-03-16,2026-03,control,1,0,0,0,0.0,0,0,0
U108561,2026-06-20,2026-06,control,1,1,0,0,0.0,0,0,0
U108562,2026-05-26,2026-05,treatment,1,1,1,0,0.0,0,0,0
U108563,2026-06-19,2026-06,treatment,1,1,0,0,0.0,1,1,1
U108564,2026-05-06,2026-05,treatment,1,1,1,1,75.09,1,1,1
U108565,2026-05-13,2026-05,treatment,1,0,0,0,0.0,1,1,1
U108566,2026-06-22,2026-06,treatment,1,0,0,0,0.0,0,0,0
U108567,2026-06-20,2026-06,control,1,0,0,0,0.0,1,1,1
U108568,2026-05-01,2026-05,control,1,0,0,0,0.0,1,1,1
U108569,2026-04-05,2026-04,control,1,1,0,0,0.0,1,1,1
U108570,2026-04-23,2026-04,treatment,1,0,0,0,0.0,1,1,1
U108571,2026-04-23,2026-04,control,1,1,1,0,0.0,1,1,1
U108572,2026-04-07,2026-04,control,1,1,1,0,0.0,0,0,0
U108573,2026-04-04,2026-04,treatment,1,0,0,0,0.0,1,1,1
U108574,2026-06-17,2026-06,treatment,1,0,0,0,0.0,0,0,0
U108575,2026-02-17,2026-02,treatment,1,0,0,0,0.0,0,0,0
U108576,2026-05-29,2026-05,treatment,1,0,0,0,0.0,1,1,1
U108577,2026-03-16,2026-03,treatment,1,0,0,0,0.0,1,1,1
U108578,2026-04-16,2026-04,control,1,0,0,0,0.0,0,0,0
U108579,2026-02-14,2026-02,treatment,1,1,1,1,28.81,0,0,0
U108580,2026-04-04,2026-04,treatment,1,1,0,0,0.0,1,1,1
U108581,2026-06-07,2026-06,control,1,0,0,0,0.0,0,0,0
U108582,2026-06-19,2026-06,control,1,0,0,0,0.0,1,1,1
U108583,2026-03-26,2026-03,control,1,1,0,0,0.0,1,1,1
U108584,2026-05-03,2026-05,control,1,0,0,0,0.0,1,1,1
U108585,2026-05-04,2026-05,treatment,1,0,0,0,0.0,0,0,0
U108586,2026-06-18,2026-06,control,1,1,0,0,0.0,0,0,0
U108587,2026-06-07,2026-06,control,1,1,1,1,85.68,0,0,0
U108588,2026-05-09,2026-05,treatment,1,1,1,0,0.0,0,0,0
U108589,2026-05-28,2026-05,treatment,1,0,0,0,0.0,0,0,0
U108590,2026-06-15,2026-06,treatment,1,0,0,0,0.0,0,0,0
U108591,2026-01-18,2026-01,treatment,1,0,0,0,0.0,1,1,1
U108592,2026-04-25,2026-04,control,1,1,1,0,0.0,0,0,0
U108593,2026-06-21,2026-06,treatment,1,0,0,0,0.0,0,0,0
U108594,2026-06-04,2026-06,control,1,0,0,0,0.0,0,0,0
U108595,2026-05-13,2026-05,control,1,1,1,0,0.0,1,1,1
U108596,2026-05-11,2026-05,control,1,1,1,0,0.0,0,0,0
U108597,2026-04-17,2026-04,control,1,1,1,0,0.0,0,0,0
U108598,2026-05-10,2026-05,treatment,1,0,0,0,0.0,1,1,1
U108599,2026-05-26,2026-05,treatment,1,0,0,0,0.0,0,0,0
U108600,2026-04-27,2026-04,treatment,1,1,0,0,0.0,0,0,0
U108601,2026-06-02,2026-06,control,1,0,0,0,0.0,1,1,1
U108602,2026-06-17,2026-06,treatment,1,0,0,0,0.0,0,0,0
U108603,2026-03-12,2026-03,treatment,1,0,0,0,0.0,1,1,1
U108604,2026-05-01,2026-05,control,1,1,1,1,41.84,0,0,0
U108605,2026-04-25,2026-04,treatment,1,0,0,0,0.0,0,0,0
U108606,2026-05-30,2026-05,control,1,1,1,1,71.49,0,0,0
U108607,2026-03-31,2026-03,control,1,0,0,0,0.0,0,0,0
U108608,2026-05-25,2026-05,treatment,1,0,0,0,0.0,0,0,0
U108609,2026-06-18,2026-06,treatment,1,1,0,0,0.0,0,0,0
U108610,2026-04-27,2026-04,control,1,0,0,0,0.0,0,0,0
U108611,2026-06-21,2026-06,treatment,1,1,0,0,0.0,0,0,0
U108612,2026-06-29,2026-06,treatment,1,0,0,0,0.0,0,0,0
U108613,2026-02-28,2026-02,treatment,1,0,0,0,0.0,1,1,1
U108614,2026-03-28,2026-03,control,1,1,1,1,101.99,1,1,1
U108615,2026-06-25,2026-06,control,1,1,1,0,0.0,0,0,0
U108616,2026-06-26,2026-06,control,1,1,0,0,0.0,0,0,0
U108617,2026-02-26,2026-02,treatment,1,0,0,0,0.0,0,0,0
U108618,2026-01-23,2026-01,control,1,0,0,0,0.0,0,0,0
U108619,2026-03-14,2026-03,control,1,1,0,0,0.0,0,0,0
U108620,2026-06-29,2026-06,control,1,0,0,0,0.0,1,1,1
U108621,2026-03-18,2026-03,treatment,1,1,1,0,0.0,1,1,1
U108622,2026-05-08,2026-05,treatment,1,0,0,0,0.0,1,1,1
U108623,2026-06-15,2026-06,treatment,1,1,1,0,0.0,0,0,0
U108624,2026-01-26,2026-01,control,1,1,0,0,0.0,0,0,0
U108625,2026-05-20,2026-05,control,1,0,0,0,0.0,0,0,0
U108626,2026-04-05,2026-04,treatment,1,1,1,0,0.0,1,1,1
U108627,2026-06-17,2026-06,treatment,1,0,0,0,0.0,1,1,1
U108628,2026-04-06,2026-04,treatment,1,0,0,0,0.0,0,0,0
U108629,2026-05-30,2026-05,treatment,1,0,0,0,0.0,0,0,0
U108630,2026-05-28,2026-05,treatment,1,0,0,0,0.0,0,0,0
U108631,2026-03-26,2026-03,treatment,1,0,0,0,0.0,1,1,1
U108632,2026-02-03,2026-02,treatment,1,0,0,0,0.0,0,0,0
U108633,2026-04-26,2026-04,treatment,1,0,0,0,0.0,0,0,0
U108634,2026-04-07,2026-04,control,1,0,0,0,0.0,1,1,1
U108635,2026-06-11,2026-06,control,1,0,0,0,0.0,1,1,1
U108636,2026-06-11,2026-06,treatment,1,0,0,0,0.0,0,0,0
U108637,2026-05-02,2026-05,control,1,1,1,0,0.0,1,1,1
U108638,2026-05-21,2026-05,treatment,1,1,0,0,0.0,0,0,0
U108639,2026-05-20,2026-05,control,1,1,0,0,0.0,0,0,0
U108640,2026-06-13,2026-06,control,1,0,0,0,0.0,0,0,0
U108641,2026-04-28,2026-04,control,1,0,0,0,0.0,1,1,1
U108642,2026-04-05,2026-04,control,1,1,1,0,0.0,0,0,0
U108643,2026-04-03,2026-04,control,1,1,0,0,0.0,0,0,0
U108644,2026-05-12,2026-05,control,1,0,0,0,0.0,0,0,0
U108645,2026-05-01,2026-05,treatment,1,1,1,1,87.4,1,1,1
U108646,2026-04-30,2026-04,control,1,0,0,0,0.0,1,1,1
U108647,2026-02-24,2026-02,control,1,0,0,0,0.0,0,0,0
U108648,2026-06-02,2026-06,control,1,1,0,0,0.0,1,1,1
U108649,2026-03-25,2026-03,treatment,1,0,0,0,0.0,0,0,0
U108650,2026-03-21,2026-03,treatment,1,0,0,0,0.0,0,0,0
U108651,2026-04-26,2026-04,treatment,1,0,0,0,0.0,1,1,1
U108652,2026-03-27,2026-03,control,1,0,0,0,0.0,1,1,1
U108653,2026-05-18,2026-05,control,1,0,0,0,0.0,1,1,1
U108654,2026-04-20,2026-04,treatment,1,0,0,0,0.0,0,0,0
U108655,2026-05-01,2026-05,treatment,1,1,0,0,0.0,0,0,0
U108656,2026-05-12,2026-05,control,1,1,1,1,94.1,1,1,1
U108657,2026-03-23,2026-03,control,1,0,0,0,0.0,0,0,0
U108658,2026-03-13,2026-03,control,1,0,0,0,0.0,0,0,0
U108659,2026-06-18,2026-06,control,1,0,0,0,0.0,0,0,0
U108660,2026-04-29,2026-04,treatment,1,1,1,1,99.79,0,0,0
U108661,2026-04-26,2026-04,treatment,1,0,0,0,0.0,1,1,1
U108662,2026-02-03,2026-02,control,1,0,0,0,0.0,0,0,0
U108663,2026-05-08,2026-05,control,1,0,0,0,0.0,0,0,0
U108664,2026-05-14,2026-05,treatment,1,1,0,0,0.0,0,0,0
U108665,2026-05-15,2026-05,treatment,1,1,1,1,44.93,1,1,1
U108666,2026-06-01,2026-06,treatment,1,1,1,0,0.0,0,0,0
U108667,2026-03-17,2026-03,control,1,1,1,1,76.83,0,0,0
U108668,2026-04-01,2026-04,treatment,1,0,0,0,0.0,1,1,1
U108669,2026-06-12,2026-06,control,1,1,0,0,0.0,1,1,1
U108670,2026-06-25,2026-06,control,1,0,0,0,0.0,1,1,1
U108671,2026-03-08,2026-03,control,1,0,0,0,0.0,1,1,1
U108672,2026-05-07,2026-05,treatment,1,1,1,1,81.67,1,1,1
U108673,2026-03-25,2026-03,control,1,0,0,0,0.0,1,1,1
U108674,2026-02-14,2026-02,treatment,1,0,0,0,0.0,0,0,0
U108675,2026-04-13,2026-04,control,1,1,0,0,0.0,0,0,0
U108676,2026-03-10,2026-03,control,1,0,0,0,0.0,0,0,0
U108677,2026-06-01,2026-06,control,1,0,0,0,0.0,1,1,1
U108678,2026-05-12,2026-05,control,1,1,0,0,0.0,1,1,1
U108679,2026-03-10,2026-03,control,1,0,0,0,0.0,0,0,0
U108680,2026-01-18,2026-01,control,1,1,1,0,0.0,0,0,0
U108681,2026-06-11,2026-06,control,1,1,1,0,0.0,1,1,1
U108682,2026-03-17,2026-03,control,1,0,0,0,0.0,0,0,0
U108683,2026-05-21,2026-05,treatment,1,0,0,0,0.0,0,0,0
U108684,2026-04-15,2026-04,control,1,1,1,1,20.67,0,0,0
U108685,2026-05-18,2026-05,treatment,1,1,1,0,0.0,1,1,1
U108686,2026-04-12,2026-04,treatment,1,0,0,0,0.0,0,0,0
U108687,2026-02-23,2026-02,control,1,0,0,0,0.0,0,0,0
U108688,2026-03-26,2026-03,treatment,1,0,0,0,0.0,1,1,1
U108689,2026-03-20,2026-03,treatment,1,1,1,0,0.0,0,0,0
U108690,2026-04-28,2026-04,control,1,0,0,0,0.0,1,1,1
U108691,2026-05-27,2026-05,treatment,1,1,0,0,0.0,1,1,1
U108692,2026-04-03,2026-04,treatment,1,1,0,0,0.0,0,0,0
U108693,2026-01-20,2026-01,treatment,1,1,0,0,0.0,1,1,1
U108694,2026-05-10,2026-05,treatment,1,1,0,0,0.0,0,0,0
U108695,2026-05-21,2026-05,control,1,0,0,0,0.0,0,0,0
U108696,2026-06-26,2026-06,control,1,0,0,0,0.0,1,1,1
U108697,2026-05-19,2026-05,treatment,1,0,0,0,0.0,1,1,1
U108698,2026-05-04,2026-05,treatment,1,0,0,0,0.0,0,0,0
U108699,2026-05-17,2026-05,treatment,1,0,0,0,0.0,0,0,0
U108700,2026-06-23,2026-06,treatment,1,1,0,0,0.0,0,0,0
U108701,2026-06-13,2026-06,control,1,0,0,0,0.0,1,1,1
U108702,2026-04-13,2026-04,control,1,1,0,0,0.0,0,0,0
U108703,2026-03-29,2026-03,treatment,1,0,0,0,0.0,1,1,1
U108704,2026-04-03,2026-04,treatment,1,0,0,0,0.0,0,0,0
U108705,2026-05-08,2026-05,treatment,1,0,0,0,0.0,1,1,1
U108706,2026-06-05,2026-06,treatment,1,1,1,1,51.02,1,1,1
U108707,2026-05-08,2026-05,control,1,1,1,1,36.13,0,0,0
U108708,2026-02-16,2026-02,treatment,1,0,0,0,0.0,0,0,0
U108709,2026-06-03,2026-06,treatment,1,0,0,0,0.0,0,0,0
U108710,2026-06-11,2026-06,treatment,1,1,1,0,0.0,0,0,0
U108711,2026-04-07,2026-04,control,1,0,0,0,0.0,1,1,1
U108712,2026-05-27,2026-05,control,1,0,0,0,0.0,1,1,1
U108713,2026-04-28,2026-04,treatment,1,0,0,0,0.0,0,0,0
U108714,2026-06-19,2026-06,control,1,0,0,0,0.0,1,1,1
U108715,2026-06-15,2026-06,treatment,1,0,0,0,0.0,0,0,0
U108716,2026-05-11,2026-05,control,1,0,0,0,0.0,1,1,1
U108717,2026-05-30,2026-05,control,1,1,0,0,0.0,1,1,1
U108718,2026-06-19,2026-06,treatment,1,0,0,0,0.0,1,1,1
U108719,2026-05-07,2026-05,control,1,1,1,0,0.0,0,0,0
U108720,2026-04-11,2026-04,treatment,1,0,0,0,0.0,1,1,1
U108721,2026-06-06,2026-06,control,1,0,0,0,0.0,1,1,1
U108722,2026-03-26,2026-03,treatment,1,0,0,0,0.0,0,0,0
U108723,2026-04-23,2026-04,control,1,1,1,1,66.14,1,1,1
U108724,2026-06-17,2026-06,control,1,0,0,0,0.0,0,0,0
U108725,2026-06-03,2026-06,treatment,1,0,0,0,0.0,1,1,1
U108726,2026-04-25,2026-04,treatment,1,1,1,1,52.5,1,1,1
U108727,2026-03-25,2026-03,control,1,1,1,0,0.0,0,0,0
U108728,2026-04-18,2026-04,treatment,1,0,0,0,0.0,0,0,0
U108729,2026-04-06,2026-04,treatment,1,0,0,0,0.0,0,0,0
U108730,2026-03-17,2026-03,treatment,1,0,0,0,0.0,1,1,1
U108731,2026-06-05,2026-06,treatment,1,1,1,0,0.0,1,1,1
U108732,2026-04-01,2026-04,control,1,0,0,0,0.0,1,1,1
U108733,2026-05-02,2026-05,control,1,1,0,0,0.0,0,0,0
U108734,2026-04-22,2026-04,control,1,1,1,1,52.28,1,1,1
U108735,2026-06-28,2026-06,treatment,1,1,0,0,0.0,1,1,1
U108736,2026-04-23,2026-04,control,1,0,0,0,0.0,1,1,1
U108737,2026-02-20,2026-02,control,1,0,0,0,0.0,0,0,0
U108738,2026-02-23,2026-02,control,1,1,1,0,0.0,0,0,0
U108739,2026-05-19,2026-05,control,1,0,0,0,0.0,0,0,0
U108740,2026-05-20,2026-05,treatment,1,0,0,0,0.0,0,0,0
U108741,2026-04-27,2026-04,treatment,1,0,0,0,0.0,1,1,1
U108742,2026-04-29,2026-04,treatment,1,1,0,0,0.0,0,0,0
U108743,2026-02-11,2026-02,treatment,1,0,0,0,0.0,0,0,0
U108744,2026-05-10,2026-05,treatment,1,0,0,0,0.0,1,1,1
U108745,2026-05-08,2026-05,treatment,1,1,1,0,0.0,0,0,0
U108746,2026-03-11,2026-03,control,1,0,0,0,0.0,0,0,0
U108747,2026-02-28,2026-02,control,1,1,1,1,67.21,0,0,0
U108748,2026-03-05,2026-03,control,1,0,0,0,0.0,0,0,0
U108749,2026-02-27,2026-02,control,1,1,0,0,0.0,0,0,0
U108750,2026-05-21,2026-05,treatment,1,0,0,0,0.0,0,0,0
U108751,2026-03-21,2026-03,treatment,1,1,1,1,96.09,0,0,0
U108752,2026-04-01,2026-04,control,1,1,1,1,50.62,0,0,0
U108753,2026-03-16,2026-03,treatment,1,1,1,1,64.96,1,1,1
U108754,2026-06-26,2026-06,treatment,1,1,1,1,65.11,1,1,1
U108755,2026-06-16,2026-06,control,1,0,0,0,0.0,0,0,0
U108756,2026-03-28,2026-03,treatment,1,1,1,0,0.0,0,0,0
U108757,2026-04-14,2026-04,treatment,1,1,0,0,0.0,0,0,0
U108758,2026-03-24,2026-03,treatment,1,1,1,0,0.0,0,0,0
U108759,2026-05-07,2026-05,treatment,1,1,1,0,0.0,0,0,0
U108760,2026-01-26,2026-01,control,1,0,0,0,0.0,1,1,1
U108761,2026-05-28,2026-05,control,1,1,0,0,0.0,0,0,0
U108762,2026-05-11,2026-05,control,1,0,0,0,0.0,0,0,0
U108763,2026-06-20,2026-06,treatment,1,1,1,1,32.75,0,0,0
U108764,2026-03-14,2026-03,control,1,0,0,0,0.0,1,1,1
U108765,2026-06-11,2026-06,control,1,0,0,0,0.0,0,0,0
U108766,2026-06-10,2026-06,treatment,1,1,1,0,0.0,0,0,0
U108767,2026-03-06,2026-03,treatment,1,1,0,0,0.0,0,0,0
U108768,2026-04-24,2026-04,treatment,1,1,1,1,35.81,0,0,0
U108769,2026-03-16,2026-03,control,1,1,1,1,29.64,1,1,1
U108770,2026-04-01,2026-04,control,1,1,1,1,65.98,0,0,0
U108771,2026-04-03,2026-04,control,1,1,1,1,36.83,0,0,0
U108772,2026-05-15,2026-05,treatment,1,0,0,0,0.0,0,0,0
U108773,2026-04-26,2026-04,control,1,1,1,0,0.0,0,0,0
U108774,2026-06-25,2026-06,treatment,1,1,1,1,91.13,1,1,1
U108775,2026-03-05,2026-03,treatment,1,1,1,0,0.0,0,0,0
U108776,2026-06-27,2026-06,control,1,1,1,0,0.0,0,0,0
U108777,2026-03-28,2026-03,control,1,0,0,0,0.0,0,0,0
U108778,2026-06-08,2026-06,treatment,1,0,0,0,0.0,1,1,1
U108779,2026-04-15,2026-04,treatment,1,1,1,1,37.48,1,1,1
U108780,2026-03-10,2026-03,treatment,1,0,0,0,0.0,0,0,0
U108781,2026-06-16,2026-06,control,1,1,1,1,64.11,1,1,1
U108782,2026-04-11,2026-04,control,1,0,0,0,0.0,1,1,1
U108783,2026-05-27,2026-05,treatment,1,1,0,0,0.0,0,0,0
U108784,2026-05-16,2026-05,treatment,1,1,0,0,0.0,0,0,0
U108785,2026-05-04,2026-05,control,1,1,0,0,0.0,1,1,1
U108786,2026-05-07,2026-05,treatment,1,0,0,0,0.0,0,0,0
U108787,2026-06-04,2026-06,treatment,1,0,0,0,0.0,0,0,0
U108788,2026-02-23,2026-02,control,1,1,0,0,0.0,1,1,1
U108789,2026-05-28,2026-05,treatment,1,1,1,0,0.0,0,0,0
U108790,2026-06-20,2026-06,control,1,0,0,0,0.0,0,0,0
U108791,2026-02-13,2026-02,treatment,1,0,0,0,0.0,1,1,1
U108792,2026-03-09,2026-03,treatment,1,0,0,0,0.0,0,0,0
U108793,2026-06-02,2026-06,control,1,1,0,0,0.0,0,0,0
U108794,2026-04-30,2026-04,treatment,1,1,1,1,72.66,0,0,0
U108795,2026-04-25,2026-04,treatment,1,1,1,1,83.8,0,0,0
U108796,2026-03-08,2026-03,treatment,1,1,1,1,77.43,0,0,0
U108797,2026-05-09,2026-05,control,1,0,0,0,0.0,1,1,1
U108798,2026-03-06,2026-03,treatment,1,1,1,1,62.32,1,1,1
U108799,2026-05-05,2026-05,treatment,1,0,0,0,0.0,0,0,0
U108800,2026-06-07,2026-06,treatment,1,0,0,0,0.0,0,0,0
U108801,2026-04-02,2026-04,treatment,1,0,0,0,0.0,1,1,1
U108802,2026-05-05,2026-05,control,1,0,0,0,0.0,0,0,0
U108803,2026-06-29,2026-06,control,1,0,0,0,0.0,1,1,1
U108804,2026-05-30,2026-05,treatment,1,0,0,0,0.0,1,1,1
U108805,2026-06-15,2026-06,control,1,0,0,0,0.0,0,0,0
U108806,2026-04-26,2026-04,treatment,1,0,0,0,0.0,0,0,0
U108807,2026-06-07,2026-06,treatment,1,1,1,0,0.0,0,0,0
U108808,2026-02-06,2026-02,control,1,0,0,0,0.0,1,1,1
U108809,2026-03-05,2026-03,treatment,1,0,0,0,0.0,0,0,0
U108810,2026-03-23,2026-03,control,1,0,0,0,0.0,1,1,1
U108811,2026-04-25,2026-04,treatment,1,0,0,0,0.0,1,1,1
U108812,2026-06-15,2026-06,control,1,1,1,1,40.72,0,0,0
U108813,2026-04-16,2026-04,control,1,1,0,0,0.0,0,0,0
U108814,2026-05-26,2026-05,control,1,1,1,0,0.0,0,0,0
U108815,2026-06-01,2026-06,treatment,1,0,0,0,0.0,1,1,1
U108816,2026-05-18,2026-05,control,1,0,0,0,0.0,0,0,0
U108817,2026-04-18,2026-04,control,1,0,0,0,0.0,0,0,0
U108818,2026-05-17,2026-05,control,1,1,1,1,46.68,0,0,0
U108819,2026-04-16,2026-04,control,1,1,1,1,40.6,0,0,0
U108820,2026-02-22,2026-02,treatment,1,0,0,0,0.0,0,0,0
U108821,2026-06-29,2026-06,control,1,0,0,0,0.0,0,0,0
U108822,2026-03-06,2026-03,treatment,1,0,0,0,0.0,1,1,1
U108823,2026-02-18,2026-02,treatment,1,0,0,0,0.0,0,0,0
U108824,2026-06-18,2026-06,treatment,1,1,1,0,0.0,1,1,1
U108825,2026-04-09,2026-04,control,1,0,0,0,0.0,0,0,0
U108826,2026-05-26,2026-05,treatment,1,1,0,0,0.0,1,1,1
U108827,2026-04-14,2026-04,control,1,0,0,0,0.0,1,1,1
U108828,2026-04-23,2026-04,treatment,1,0,0,0,0.0,0,0,0
U108829,2026-04-03,2026-04,treatment,1,1,1,1,89.22,0,0,0
U108830,2026-04-16,2026-04,treatment,1,1,1,1,36.19,0,0,0
U108831,2026-04-26,2026-04,treatment,1,0,0,0,0.0,1,1,1
U108832,2026-06-02,2026-06,treatment,1,0,0,0,0.0,1,1,1
U108833,2026-05-09,2026-05,treatment,1,1,1,1,51.27,0,0,0
U108834,2026-06-24,2026-06,control,1,0,0,0,0.0,0,0,0
U108835,2026-02-06,2026-02,control,1,0,0,0,0.0,0,0,0
U108836,2026-05-08,2026-05,control,1,0,0,0,0.0,0,0,0
U108837,2026-05-18,2026-05,control,1,1,1,0,0.0,0,0,0
U108838,2026-06-22,2026-06,treatment,1,0,0,0,0.0,0,0,0
U108839,2026-02-09,2026-02,treatment,1,1,0,0,0.0,0,0,0
U108840,2026-05-17,2026-05,control,1,0,0,0,0.0,0,0,0
U108841,2026-06-16,2026-06,treatment,1,0,0,0,0.0,0,0,0
U108842,2026-03-30,2026-03,control,1,1,1,1,58.95,0,0,0
U108843,2026-06-18,2026-06,treatment,1,1,1,1,60.15,1,1,1
U108844,2026-01-25,2026-01,treatment,1,1,0,0,0.0,0,0,0
U108845,2026-06-04,2026-06,treatment,1,0,0,0,0.0,0,0,0
U108846,2026-06-23,2026-06,treatment,1,0,0,0,0.0,0,0,0
U108847,2026-05-26,2026-05,control,1,1,0,0,0.0,1,1,1
U108848,2026-04-30,2026-04,treatment,1,0,0,0,0.0,1,1,1
U108849,2026-02-08,2026-02,control,1,0,0,0,0.0,0,0,0
U108850,2026-06-22,2026-06,control,1,0,0,0,0.0,0,0,0
U108851,2026-05-04,2026-05,treatment,1,0,0,0,0.0,1,1,1
U108852,2026-01-31,2026-01,control,1,0,0,0,0.0,0,0,0
U108853,2026-05-30,2026-05,treatment,1,1,1,0,0.0,0,0,0
U108854,2026-05-05,2026-05,treatment,1,1,1,0,0.0,0,0,0
U108855,2026-03-05,2026-03,control,1,1,0,0,0.0,1,1,1
U108856,2026-03-25,2026-03,treatment,1,1,1,0,0.0,0,0,0
U108857,2026-02-15,2026-02,control,1,0,0,0,0.0,0,0,0
U108858,2026-05-17,2026-05,treatment,1,0,0,0,0.0,0,0,0
U108859,2026-05-22,2026-05,treatment,1,0,0,0,0.0,0,0,0
U108860,2026-05-09,2026-05,control,1,1,1,1,90.99,1,1,1
U108861,2026-06-12,2026-06,control,1,0,0,0,0.0,0,0,0
U108862,2026-06-17,2026-06,control,1,0,0,0,0.0,1,1,1
U108863,2026-05-22,2026-05,treatment,1,0,0,0,0.0,1,1,1
U108864,2026-01-21,2026-01,control,1,0,0,0,0.0,0,0,0
U108865,2026-05-31,2026-05,control,1,0,0,0,0.0,0,0,0
U108866,2026-04-27,2026-04,treatment,1,0,0,0,0.0,0,0,0
U108867,2026-05-16,2026-05,treatment,1,1,1,1,49.07,0,0,0
U108868,2026-05-26,2026-05,treatment,1,0,0,0,0.0,0,0,0
U108869,2026-04-17,2026-04,treatment,1,1,1,0,0.0,0,0,0
U108870,2026-06-22,2026-06,treatment,1,0,0,0,0.0,1,1,1
U108871,2026-03-07,2026-03,treatment,1,1,1,1,67.92,1,1,1
U108872,2026-05-28,2026-05,control,1,0,0,0,0.0,0,0,0
U108873,2026-01-12,2026-01,treatment,1,1,1,0,0.0,0,0,0
U108874,2026-06-23,2026-06,control,1,0,0,0,0.0,1,1,1
U108875,2026-03-02,2026-03,control,1,1,1,1,28.46,1,1,1
U108876,2026-02-25,2026-02,treatment,1,1,0,0,0.0,0,0,0
U108877,2026-04-14,2026-04,control,1,0,0,0,0.0,0,0,0
U108878,2026-04-21,2026-04,treatment,1,0,0,0,0.0,0,0,0
U108879,2026-03-25,2026-03,control,1,0,0,0,0.0,1,1,1
U108880,2026-05-18,2026-05,control,1,0,0,0,0.0,1,1,1
U108881,2026-04-30,2026-04,treatment,1,0,0,0,0.0,0,0,0
U108882,2026-02-03,2026-02,treatment,1,1,0,0,0.0,0,0,0
U108883,2026-04-12,2026-04,treatment,1,0,0,0,0.0,0,0,0
U108884,2026-06-12,2026-06,treatment,1,1,1,0,0.0,1,1,1
U108885,2026-05-30,2026-05,control,1,1,0,0,0.0,0,0,0
U108886,2026-06-03,2026-06,treatment,1,1,1,1,33.66,1,1,1
U108887,2026-05-31,2026-05,control,1,0,0,0,0.0,1,1,1
U108888,2026-04-11,2026-04,treatment,1,0,0,0,0.0,0,0,0
U108889,2026-02-26,2026-02,control,1,0,0,0,0.0,0,0,0
U108890,2026-04-04,2026-04,treatment,1,0,0,0,0.0,1,1,1
U108891,2026-06-14,2026-06,treatment,1,0,0,0,0.0,1,1,1
U108892,2026-06-28,2026-06,control,1,1,0,0,0.0,0,0,0
U108893,2026-05-07,2026-05,treatment,1,1,0,0,0.0,1,1,1
U108894,2026-01-18,2026-01,control,1,0,0,0,0.0,0,0,0
U108895,2026-03-09,2026-03,control,1,0,0,0,0.0,0,0,0
U108896,2026-04-13,2026-04,treatment,1,0,0,0,0.0,0,0,0
U108897,2026-05-17,2026-05,control,1,1,0,0,0.0,1,1,1
U108898,2026-02-19,2026-02,control,1,1,0,0,0.0,0,0,0
U108899,2026-06-24,2026-06,treatment,1,0,0,0,0.0,1,1,1
U108900,2026-04-19,2026-04,treatment,1,0,0,0,0.0,1,1,1
U108901,2026-06-21,2026-06,control,1,0,0,0,0.0,0,0,0
U108902,2026-06-09,2026-06,treatment,1,0,0,0,0.0,0,0,0
U108903,2026-06-06,2026-06,treatment,1,0,0,0,0.0,1,1,1
U108904,2026-05-21,2026-05,treatment,1,1,1,1,89.85,0,0,0
U108905,2026-05-23,2026-05,treatment,1,0,0,0,0.0,0,0,0
U108906,2026-05-24,2026-05,treatment,1,1,1,0,0.0,0,0,0
U108907,2026-05-23,2026-05,treatment,1,0,0,0,0.0,0,0,0
U108908,2026-05-14,2026-05,control,1,1,1,0,0.0,0,0,0
U108909,2026-06-28,2026-06,control,1,1,1,1,51.39,0,0,0
U108910,2026-06-04,2026-06,treatment,1,0,0,0,0.0,1,1,1
U108911,2026-06-08,2026-06,treatment,1,1,1,0,0.0,0,0,0
U108912,2026-06-18,2026-06,treatment,1,0,0,0,0.0,0,0,0
U108913,2026-03-25,2026-03,control,1,0,0,0,0.0,0,0,0
U108914,2026-02-22,2026-02,control,1,0,0,0,0.0,1,1,1
U108915,2026-05-06,2026-05,treatment,1,0,0,0,0.0,0,0,0
U108916,2026-05-10,2026-05,treatment,1,0,0,0,0.0,1,1,1
U108917,2026-06-13,2026-06,treatment,1,1,0,0,0.0,0,0,0
U108918,2026-04-30,2026-04,treatment,1,0,0,0,0.0,0,0,0
U108919,2026-05-16,2026-05,control,1,0,0,0,0.0,1,1,1
U108920,2026-05-11,2026-05,treatment,1,1,1,0,0.0,1,1,1
U108921,2026-02-05,2026-02,treatment,1,1,0,0,0.0,0,0,0
U108922,2026-05-22,2026-05,control,1,0,0,0,0.0,0,0,0
U108923,2026-06-13,2026-06,control,1,0,0,0,0.0,0,0,0
U108924,2026-03-13,2026-03,treatment,1,0,0,0,0.0,0,0,0
U108925,2026-05-19,2026-05,treatment,1,0,0,0,0.0,1,1,1
U108926,2026-05-19,2026-05,control,1,1,1,1,90.1,1,1,1
U108927,2026-03-14,2026-03,control,1,0,0,0,0.0,0,0,0
U108928,2026-03-05,2026-03,control,1,0,0,0,0.0,0,0,0
U108929,2026-06-28,2026-06,control,1,1,1,0,0.0,1,1,1
U108930,2026-04-23,2026-04,treatment,1,1,0,0,0.0,1,1,1
U108931,2026-03-27,2026-03,treatment,1,0,0,0,0.0,0,0,0
U108932,2026-03-16,2026-03,treatment,1,1,1,1,39.01,0,0,0
U108933,2026-05-28,2026-05,treatment,1,1,0,0,0.0,1,1,1
U108934,2026-05-21,2026-05,control,1,0,0,0,0.0,0,0,0
U108935,2026-05-25,2026-05,control,1,1,0,0,0.0,0,0,0
U108936,2026-02-23,2026-02,control,1,0,0,0,0.0,0,0,0
U108937,2026-06-20,2026-06,control,1,1,1,1,52.59,0,0,0
U108938,2026-04-23,2026-04,control,1,1,0,0,0.0,0,0,0
U108939,2026-04-11,2026-04,treatment,1,0,0,0,0.0,1,1,1
U108940,2026-05-03,2026-05,treatment,1,1,0,0,0.0,0,0,0
U108941,2026-04-23,2026-04,treatment,1,1,0,0,0.0,1,1,1
U108942,2026-06-17,2026-06,treatment,1,1,1,0,0.0,0,0,0
U108943,2026-06-23,2026-06,treatment,1,1,1,1,36.37,1,1,1
U108944,2026-04-10,2026-04,treatment,1,0,0,0,0.0,1,1,1
U108945,2026-06-17,2026-06,control,1,1,1,0,0.0,1,1,1
U108946,2026-06-09,2026-06,treatment,1,1,1,1,16.66,0,0,0
U108947,2026-06-23,2026-06,control,1,1,0,0,0.0,0,0,0
U108948,2026-03-31,2026-03,control,1,1,0,0,0.0,0,0,0
U108949,2026-05-17,2026-05,control,1,0,0,0,0.0,0,0,0
U108950,2026-04-05,2026-04,treatment,1,0,0,0,0.0,0,0,0
U108951,2026-06-13,2026-06,treatment,1,1,1,1,93.14,1,1,1
U108952,2026-01-14,2026-01,treatment,1,1,1,1,39.21,0,0,0
U108953,2026-05-16,2026-05,treatment,1,0,0,0,0.0,0,0,0
U108954,2026-04-15,2026-04,treatment,1,0,0,0,0.0,1,1,1
U108955,2026-04-13,2026-04,treatment,1,1,1,1,48.67,0,0,0
U108956,2026-05-25,2026-05,treatment,1,1,1,0,0.0,1,1,1
U108957,2026-06-16,2026-06,treatment,1,1,1,0,0.0,0,0,0
U108958,2026-05-21,2026-05,control,1,0,0,0,0.0,0,0,0
U108959,2026-06-16,2026-06,control,1,1,0,0,0.0,0,0,0
U108960,2026-04-03,2026-04,treatment,1,1,1,0,0.0,1,1,1
U108961,2026-05-10,2026-05,control,1,1,1,0,0.0,0,0,0
U108962,2026-05-01,2026-05,treatment,1,1,1,1,62.71,1,1,1
U108963,2026-01-20,2026-01,treatment,1,0,0,0,0.0,1,1,1
U108964,2026-05-15,2026-05,treatment,1,1,1,1,71.45,1,1,1
U108965,2026-05-27,2026-05,control,1,1,1,0,0.0,0,0,0
U108966,2026-05-19,2026-05,treatment,1,0,0,0,0.0,1,1,1
U108967,2026-06-04,2026-06,control,1,1,1,1,69.63,0,0,0
U108968,2026-05-17,2026-05,treatment,1,1,1,0,0.0,0,0,0
U108969,2026-02-16,2026-02,treatment,1,1,1,0,0.0,1,1,1
U108970,2026-03-03,2026-03,treatment,1,0,0,0,0.0,1,1,1
U108971,2026-05-20,2026-05,treatment,1,0,0,0,0.0,0,0,0
U108972,2026-04-05,2026-04,control,1,0,0,0,0.0,1,1,1
U108973,2026-02-20,2026-02,treatment,1,0,0,0,0.0,1,1,1
U108974,2026-04-28,2026-04,control,1,0,0,0,0.0,0,0,0
U108975,2026-05-15,2026-05,control,1,0,0,0,0.0,0,0,0
U108976,2026-04-14,2026-04,control,1,0,0,0,0.0,1,1,1
U108977,2026-06-02,2026-06,treatment,1,1,1,1,171.02,1,1,1
U108978,2026-05-25,2026-05,control,1,0,0,0,0.0,1,1,1
U108979,2026-04-14,2026-04,control,1,0,0,0,0.0,0,0,0
U108980,2026-06-06,2026-06,treatment,1,0,0,0,0.0,1,1,1
U108981,2026-05-25,2026-05,treatment,1,0,0,0,0.0,0,0,0
U108982,2026-05-24,2026-05,control,1,1,1,0,0.0,0,0,0
U108983,2026-05-14,2026-05,treatment,1,0,0,0,0.0,1,1,1
U108984,2026-01-20,2026-01,treatment,1,1,1,1,88.51,1,1,1
U108985,2026-05-31,2026-05,control,1,1,0,0,0.0,0,0,0
U108986,2026-04-21,2026-04,treatment,1,1,0,0,0.0,0,0,0
U108987,2026-06-24,2026-06,treatment,1,0,0,0,0.0,0,0,0
U108988,2026-06-12,2026-06,treatment,1,0,0,0,0.0,0,0,0
U108989,2026-05-18,2026-05,control,1,0,0,0,0.0,1,1,1
U108990,2026-04-01,2026-04,treatment,1,0,0,0,0.0,1,1,1
U108991,2026-03-23,2026-03,control,1,1,0,0,0.0,0,0,0
U108992,2026-04-16,2026-04,treatment,1,0,0,0,0.0,1,1,1
U108993,2026-05-05,2026-05,control,1,0,0,0,0.0,0,0,0
U108994,2026-04-08,2026-04,control,1,0,0,0,0.0,0,0,0
U108995,2026-05-10,2026-05,control,1,1,1,1,65.69,0,0,0
U108996,2026-03-15,2026-03,treatment,1,0,0,0,0.0,0,0,0
U108997,2026-06-27,2026-06,control,1,0,0,0,0.0,0,0,0
U108998,2026-03-01,2026-03,control,1,1,1,0,0.0,0,0,0
U108999,2026-06-23,2026-06,control,1,0,0,0,0.0,0,0,0
U109000,2026-06-22,2026-06,treatment,1,0,0,0,0.0,0,0,0
U109001,2026-05-11,2026-05,control,1,0,0,0,0.0,1,1,1
U109002,2026-06-03,2026-06,treatment,1,1,0,0,0.0,0,0,0
U109003,2026-04-29,2026-04,control,1,0,0,0,0.0,1,1,1
U109004,2026-05-23,2026-05,control,1,0,0,0,0.0,0,0,0
U109005,2026-04-16,2026-04,treatment,1,1,0,0,0.0,0,0,0
U109006,2026-04-09,2026-04,treatment,1,0,0,0,0.0,0,0,0
U109007,2026-05-17,2026-05,control,1,1,0,0,0.0,0,0,0
U109008,2026-05-08,2026-05,control,1,0,0,0,0.0,0,0,0
U109009,2026-05-18,2026-05,control,1,0,0,0,0.0,0,0,0
U109010,2026-04-07,2026-04,treatment,1,1,0,0,0.0,0,0,0
U109011,2026-04-20,2026-04,control,1,1,0,0,0.0,1,1,1
U109012,2026-02-22,2026-02,treatment,1,0,0,0,0.0,0,0,0
U109013,2026-02-11,2026-02,control,1,1,1,0,0.0,0,0,0
U109014,2026-04-01,2026-04,control,1,1,1,1,52.76,0,0,0
U109015,2026-02-19,2026-02,control,1,0,0,0,0.0,0,0,0
U109016,2026-02-27,2026-02,treatment,1,1,1,1,86.59,0,0,0
U109017,2026-06-12,2026-06,treatment,1,0,0,0,0.0,1,1,1
U109018,2026-02-05,2026-02,control,1,0,0,0,0.0,0,0,0
U109019,2026-05-27,2026-05,treatment,1,0,0,0,0.0,0,0,0
U109020,2026-04-04,2026-04,control,1,1,0,0,0.0,0,0,0
U109021,2026-06-18,2026-06,treatment,1,0,0,0,0.0,0,0,0
U109022,2026-05-06,2026-05,treatment,1,1,1,1,106.7,0,0,0
U109023,2026-04-10,2026-04,control,1,0,0,0,0.0,0,0,0
U109024,2026-05-10,2026-05,treatment,1,0,0,0,0.0,0,0,0
U109025,2026-04-22,2026-04,treatment,1,1,0,0,0.0,0,0,0
U109026,2026-05-16,2026-05,control,1,1,1,0,0.0,1,1,1
U109027,2026-03-02,2026-03,treatment,1,0,0,0,0.0,0,0,0
U109028,2026-06-29,2026-06,control,1,0,0,0,0.0,0,0,0
U109029,2026-04-28,2026-04,treatment,1,1,0,0,0.0,1,1,1
U109030,2026-04-17,2026-04,control,1,0,0,0,0.0,0,0,0
U109031,2026-06-01,2026-06,treatment,1,1,0,0,0.0,0,0,0
U109032,2026-04-19,2026-04,control,1,1,1,0,0.0,1,1,1
U109033,2026-06-14,2026-06,control,1,1,1,1,72.1,1,1,1
U109034,2026-05-02,2026-05,control,1,1,1,1,53.42,0,0,0
U109035,2026-06-02,2026-06,control,1,1,0,0,0.0,1,1,1
U109036,2026-03-01,2026-03,treatment,1,0,0,0,0.0,0,0,0
U109037,2026-06-15,2026-06,control,1,0,0,0,0.0,0,0,0
U109038,2026-06-04,2026-06,treatment,1,0,0,0,0.0,1,1,1
U109039,2026-03-24,2026-03,control,1,0,0,0,0.0,1,1,1
U109040,2026-03-10,2026-03,treatment,1,1,0,0,0.0,1,1,1
U109041,2026-04-12,2026-04,treatment,1,0,0,0,0.0,0,0,0
U109042,2026-06-27,2026-06,treatment,1,1,1,0,0.0,1,1,1
U109043,2026-04-02,2026-04,treatment,1,1,1,0,0.0,0,0,0
U109044,2026-05-02,2026-05,treatment,1,1,0,0,0.0,1,1,1
U109045,2026-02-01,2026-02,treatment,1,0,0,0,0.0,0,0,0
U109046,2026-04-24,2026-04,control,1,1,0,0,0.0,0,0,0
U109047,2026-05-17,2026-05,treatment,1,0,0,0,0.0,0,0,0
U109048,2026-06-25,2026-06,treatment,1,1,1,0,0.0,0,0,0
U109049,2026-05-10,2026-05,control,1,0,0,0,0.0,1,1,1
U109050,2026-06-12,2026-06,treatment,1,1,1,1,48.18,0,0,0
U109051,2026-05-14,2026-05,control,1,0,0,0,0.0,1,1,1
U109052,2026-02-06,2026-02,treatment,1,0,0,0,0.0,1,1,1
U109053,2026-04-12,2026-04,control,1,0,0,0,0.0,1,1,1
U109054,2026-05-17,2026-05,treatment,1,1,1,0,0.0,1,1,1
U109055,2026-06-25,2026-06,treatment,1,1,1,0,0.0,1,1,1
U109056,2026-06-16,2026-06,treatment,1,0,0,0,0.0,1,1,1
U109057,2026-03-28,2026-03,treatment,1,0,0,0,0.0,0,0,0
U109058,2026-03-26,2026-03,treatment,1,0,0,0,0.0,1,1,1
U109059,2026-03-22,2026-03,control,1,0,0,0,0.0,0,0,0
U109060,2026-06-22,2026-06,control,1,0,0,0,0.0,0,0,0
U109061,2026-06-16,2026-06,control,1,0,0,0,0.0,0,0,0
U109062,2026-06-08,2026-06,control,1,1,1,0,0.0,1,1,1
U109063,2026-04-23,2026-04,control,1,0,0,0,0.0,0,0,0
U109064,2026-05-08,2026-05,treatment,1,1,0,0,0.0,0,0,0
U109065,2026-05-03,2026-05,treatment,1,0,0,0,0.0,0,0,0
U109066,2026-04-01,2026-04,treatment,1,1,0,0,0.0,0,0,0
U109067,2026-05-08,2026-05,control,1,1,1,0,0.0,1,1,1
U109068,2026-02-01,2026-02,control,1,0,0,0,0.0,1,1,1
U109069,2026-03-07,2026-03,treatment,1,0,0,0,0.0,1,1,1
U109070,2026-06-19,2026-06,control,1,0,0,0,0.0,0,0,0
U109071,2026-06-06,2026-06,control,1,0,0,0,0.0,0,0,0
U109072,2026-04-28,2026-04,control,1,0,0,0,0.0,0,0,0
U109073,2026-05-10,2026-05,control,1,0,0,0,0.0,1,1,1
U109074,2026-04-20,2026-04,control,1,0,0,0,0.0,0,0,0
U109075,2026-06-04,2026-06,control,1,0,0,0,0.0,1,1,1
U109076,2026-06-09,2026-06,control,1,0,0,0,0.0,1,1,1
U109077,2026-06-07,2026-06,treatment,1,0,0,0,0.0,0,0,0
U109078,2026-06-03,2026-06,control,1,0,0,0,0.0,1,1,1
U109079,2026-03-23,2026-03,control,1,1,0,0,0.0,0,0,0
U109080,2026-04-15,2026-04,treatment,1,1,0,0,0.0,0,0,0
U109081,2026-05-04,2026-05,treatment,1,1,1,0,0.0,0,0,0
U109082,2026-04-14,2026-04,control,1,0,0,0,0.0,1,1,1
U109083,2026-06-06,2026-06,treatment,1,0,0,0,0.0,1,1,1
U109084,2026-04-14,2026-04,control,1,0,0,0,0.0,0,0,0
U109085,2026-03-08,2026-03,control,1,0,0,0,0.0,0,0,0
U109086,2026-04-24,2026-04,treatment,1,1,1,0,0.0,0,0,0
U109087,2026-06-28,2026-06,treatment,1,0,0,0,0.0,0,0,0
U109088,2026-03-27,2026-03,control,1,1,0,0,0.0,0,0,0
U109089,2026-05-21,2026-05,treatment,1,1,0,0,0.0,1,1,1
U109090,2026-04-29,2026-04,treatment,1,1,1,1,33.56,1,1,1
U109091,2026-02-17,2026-02,control,1,0,0,0,0.0,1,1,1
U109092,2026-05-06,2026-05,control,1,0,0,0,0.0,1,1,1
U109093,2026-05-31,2026-05,control,1,0,0,0,0.0,0,0,0
U109094,2026-05-09,2026-05,treatment,1,0,0,0,0.0,1,1,1
U109095,2026-06-18,2026-06,control,1,1,1,0,0.0,0,0,0
U109096,2026-04-07,2026-04,treatment,1,0,0,0,0.0,1,1,1
U109097,2026-02-22,2026-02,control,1,0,0,0,0.0,1,1,1
U109098,2026-06-24,2026-06,control,1,0,0,0,0.0,1,1,1
U109099,2026-04-21,2026-04,treatment,1,0,0,0,0.0,0,0,0
U109100,2026-05-17,2026-05,treatment,1,0,0,0,0.0,0,0,0
U109101,2026-06-10,2026-06,control,1,0,0,0,0.0,0,0,0
U109102,2026-04-13,2026-04,control,1,1,1,0,0.0,0,0,0
U109103,2026-06-02,2026-06,treatment,1,1,0,0,0.0,0,0,0
U109104,2026-03-08,2026-03,control,1,0,0,0,0.0,0,0,0
U109105,2026-04-08,2026-04,control,1,0,0,0,0.0,0,0,0
U109106,2026-03-10,2026-03,treatment,1,0,0,0,0.0,0,0,0
U109107,2026-06-12,2026-06,treatment,1,1,1,1,56.28,0,0,0
U109108,2026-03-26,2026-03,control,1,0,0,0,0.0,0,0,0
U109109,2026-06-02,2026-06,treatment,1,1,1,0,0.0,0,0,0
U109110,2026-06-24,2026-06,treatment,1,0,0,0,0.0,1,1,1
U109111,2026-05-11,2026-05,control,1,0,0,0,0.0,0,0,0
U109112,2026-05-13,2026-05,treatment,1,0,0,0,0.0,0,0,0
U109113,2026-05-03,2026-05,control,1,1,0,0,0.0,1,1,1
U109114,2026-04-13,2026-04,control,1,0,0,0,0.0,0,0,0
U109115,2026-05-05,2026-05,control,1,0,0,0,0.0,1,1,1
U109116,2026-05-20,2026-05,control,1,0,0,0,0.0,0,0,0
U109117,2026-06-28,2026-06,treatment,1,1,0,0,0.0,0,0,0
U109118,2026-06-24,2026-06,control,1,0,0,0,0.0,1,1,1
U109119,2026-06-17,2026-06,treatment,1,1,0,0,0.0,0,0,0
U109120,2026-06-19,2026-06,control,1,1,1,0,0.0,0,0,0
U109121,2026-05-04,2026-05,control,1,1,1,1,68.27,0,0,0
U109122,2026-05-26,2026-05,treatment,1,0,0,0,0.0,0,0,0
U109123,2026-06-20,2026-06,treatment,1,0,0,0,0.0,0,0,0
U109124,2026-04-23,2026-04,treatment,1,0,0,0,0.0,1,1,1
U109125,2026-06-26,2026-06,treatment,1,0,0,0,0.0,1,1,1
U109126,2026-04-27,2026-04,control,1,1,1,0,0.0,1,1,1
U109127,2026-05-20,2026-05,treatment,1,0,0,0,0.0,0,0,0
U109128,2026-06-01,2026-06,control,1,1,0,0,0.0,1,1,1
U109129,2026-06-25,2026-06,treatment,1,1,1,1,54.76,0,0,0
U109130,2026-03-31,2026-03,treatment,1,0,0,0,0.0,1,1,1
U109131,2026-06-05,2026-06,control,1,1,1,0,0.0,1,1,1
U109132,2026-05-10,2026-05,control,1,0,0,0,0.0,0,0,0
U109133,2026-04-04,2026-04,treatment,1,0,0,0,0.0,0,0,0
U109134,2026-06-08,2026-06,treatment,1,0,0,0,0.0,0,0,0
U109135,2026-05-14,2026-05,control,1,1,1,1,25.13,1,1,1
U109136,2026-05-27,2026-05,treatment,1,0,0,0,0.0,1,1,1
U109137,2026-04-13,2026-04,treatment,1,1,1,1,47.43,1,1,1
U109138,2026-05-05,2026-05,control,1,1,1,0,0.0,0,0,0
U109139,2026-05-22,2026-05,control,1,1,0,0,0.0,0,0,0
U109140,2026-04-25,2026-04,treatment,1,1,1,0,0.0,0,0,0
U109141,2026-03-22,2026-03,control,1,0,0,0,0.0,0,0,0
U109142,2026-06-26,2026-06,control,1,1,1,0,0.0,0,0,0
U109143,2026-05-09,2026-05,treatment,1,0,0,0,0.0,1,1,1
U109144,2026-06-04,2026-06,treatment,1,1,1,1,52.21,0,0,0
U109145,2026-04-26,2026-04,treatment,1,0,0,0,0.0,0,0,0
U109146,2026-04-18,2026-04,control,1,0,0,0,0.0,0,0,0
U109147,2026-04-25,2026-04,treatment,1,1,0,0,0.0,1,1,1
U109148,2026-04-26,2026-04,treatment,1,0,0,0,0.0,1,1,1
U109149,2026-05-13,2026-05,control,1,0,0,0,0.0,0,0,0
U109150,2026-05-13,2026-05,treatment,1,0,0,0,0.0,1,1,1
U109151,2026-05-07,2026-05,treatment,1,0,0,0,0.0,1,1,1
U109152,2026-03-08,2026-03,treatment,1,0,0,0,0.0,0,0,0
U109153,2026-05-07,2026-05,treatment,1,0,0,0,0.0,1,1,1
U109154,2026-03-16,2026-03,control,1,1,1,1,50.09,0,0,0
U109155,2026-03-05,2026-03,treatment,1,0,0,0,0.0,0,0,0
U109156,2026-06-23,2026-06,treatment,1,0,0,0,0.0,0,0,0
U109157,2026-05-21,2026-05,treatment,1,0,0,0,0.0,1,1,1
U109158,2026-05-27,2026-05,treatment,1,0,0,0,0.0,1,1,1
U109159,2026-04-25,2026-04,control,1,1,1,0,0.0,1,1,1
U109160,2026-06-21,2026-06,control,1,0,0,0,0.0,0,0,0
U109161,2026-05-24,2026-05,control,1,0,0,0,0.0,1,1,1
U109162,2026-06-07,2026-06,treatment,1,0,0,0,0.0,1,1,1
U109163,2026-04-20,2026-04,control,1,1,1,0,0.0,0,0,0
U109164,2026-06-26,2026-06,treatment,1,0,0,0,0.0,0,0,0
U109165,2026-06-13,2026-06,control,1,0,0,0,0.0,1,1,1
U109166,2026-06-16,2026-06,control,1,0,0,0,0.0,0,0,0
U109167,2026-03-16,2026-03,control,1,1,1,1,108.74,0,0,0
U109168,2026-04-04,2026-04,treatment,1,1,0,0,0.0,1,1,1
U109169,2026-04-07,2026-04,treatment,1,0,0,0,0.0,0,0,0
U109170,2026-04-04,2026-04,treatment,1,1,1,1,64.33,1,1,1
U109171,2026-06-16,2026-06,treatment,1,1,0,0,0.0,0,0,0
U109172,2026-02-02,2026-02,control,1,0,0,0,0.0,0,0,0
U109173,2026-02-19,2026-02,control,1,0,0,0,0.0,1,1,1
U109174,2026-04-05,2026-04,treatment,1,1,1,0,0.0,1,1,1
U109175,2026-03-22,2026-03,treatment,1,0,0,0,0.0,0,0,0
U109176,2026-03-28,2026-03,control,1,1,1,0,0.0,0,0,0
U109177,2026-06-10,2026-06,treatment,1,0,0,0,0.0,0,0,0
U109178,2026-05-16,2026-05,control,1,1,0,0,0.0,1,1,1
U109179,2026-01-14,2026-01,control,1,0,0,0,0.0,0,0,0
U109180,2026-04-28,2026-04,control,1,0,0,0,0.0,0,0,0
U109181,2026-04-25,2026-04,treatment,1,0,0,0,0.0,0,0,0
U109182,2026-03-02,2026-03,control,1,0,0,0,0.0,0,0,0
U109183,2026-05-29,2026-05,control,1,0,0,0,0.0,0,0,0
U109184,2026-05-31,2026-05,control,1,0,0,0,0.0,0,0,0
U109185,2026-06-02,2026-06,control,1,1,1,0,0.0,1,1,1
U109186,2026-06-03,2026-06,treatment,1,0,0,0,0.0,1,1,1
U109187,2026-01-02,2026-01,control,1,0,0,0,0.0,0,0,0
U109188,2026-06-25,2026-06,control,1,0,0,0,0.0,0,0,0
U109189,2026-06-12,2026-06,treatment,1,0,0,0,0.0,0,0,0
U109190,2026-06-21,2026-06,control,1,0,0,0,0.0,0,0,0
U109191,2026-01-23,2026-01,control,1,1,1,0,0.0,1,1,1
U109192,2026-06-23,2026-06,control,1,0,0,0,0.0,0,0,0
U109193,2026-06-11,2026-06,treatment,1,1,0,0,0.0,0,0,0
U109194,2026-06-14,2026-06,treatment,1,0,0,0,0.0,0,0,0
U109195,2026-02-24,2026-02,control,1,1,1,1,52.8,0,0,0
U109196,2026-06-04,2026-06,treatment,1,0,0,0,0.0,0,0,0
U109197,2026-06-26,2026-06,treatment,1,0,0,0,0.0,1,1,1
U109198,2026-05-29,2026-05,treatment,1,1,0,0,0.0,0,0,0
U109199,2026-05-16,2026-05,control,1,1,0,0,0.0,0,0,0
U109200,2026-06-25,2026-06,control,1,1,1,0,0.0,0,0,0
U109201,2026-04-30,2026-04,treatment,1,0,0,0,0.0,1,1,1
U109202,2026-05-20,2026-05,treatment,1,0,0,0,0.0,1,1,1
U109203,2026-05-05,2026-05,treatment,1,1,1,1,36.25,1,1,1
U109204,2026-06-23,2026-06,control,1,0,0,0,0.0,0,0,0
U109205,2026-02-19,2026-02,control,1,0,0,0,0.0,0,0,0
U109206,2026-05-08,2026-05,treatment,1,1,0,0,0.0,0,0,0
U109207,2026-05-30,2026-05,treatment,1,1,1,1,50.35,0,0,0
U109208,2026-06-10,2026-06,control,1,1,1,0,0.0,1,1,1
U109209,2026-05-18,2026-05,control,1,1,0,0,0.0,1,1,1
U109210,2026-06-21,2026-06,control,1,0,0,0,0.0,0,0,0
U109211,2026-06-24,2026-06,treatment,1,0,0,0,0.0,0,0,0
U109212,2026-02-15,2026-02,treatment,1,1,1,0,0.0,1,1,1
U109213,2026-04-25,2026-04,treatment,1,1,1,1,73.24,1,1,1
U109214,2026-01-28,2026-01,treatment,1,1,1,0,0.0,1,1,1
U109215,2026-04-14,2026-04,control,1,1,0,0,0.0,1,1,1
U109216,2026-05-12,2026-05,treatment,1,0,0,0,0.0,0,0,0
U109217,2026-06-21,2026-06,treatment,1,0,0,0,0.0,1,1,1
U109218,2026-06-15,2026-06,treatment,1,0,0,0,0.0,1,1,1
U109219,2026-03-06,2026-03,treatment,1,1,1,1,30.98,1,1,1
U109220,2026-02-24,2026-02,control,1,0,0,0,0.0,0,0,0
U109221,2026-05-19,2026-05,treatment,1,1,0,0,0.0,1,1,1
U109222,2026-05-12,2026-05,treatment,1,0,0,0,0.0,1,1,1
U109223,2026-04-03,2026-04,treatment,1,0,0,0,0.0,0,0,0
U109224,2026-06-20,2026-06,control,1,0,0,0,0.0,0,0,0
U109225,2026-06-23,2026-06,treatment,1,1,1,1,34.42,0,0,0
U109226,2026-04-25,2026-04,control,1,0,0,0,0.0,1,1,1
U109227,2026-06-19,2026-06,control,1,1,1,0,0.0,0,0,0
U109228,2026-04-22,2026-04,control,1,0,0,0,0.0,0,0,0
U109229,2026-06-04,2026-06,treatment,1,0,0,0,0.0,0,0,0
U109230,2026-05-05,2026-05,control,1,0,0,0,0.0,0,0,0
U109231,2026-03-05,2026-03,control,1,1,0,0,0.0,0,0,0
U109232,2026-06-23,2026-06,treatment,1,0,0,0,0.0,0,0,0
U109233,2026-05-02,2026-05,treatment,1,1,1,1,48.25,1,1,1
U109234,2026-06-04,2026-06,treatment,1,0,0,0,0.0,0,0,0
U109235,2026-04-20,2026-04,control,1,0,0,0,0.0,0,0,0
U109236,2026-01-25,2026-01,treatment,1,0,0,0,0.0,0,0,0
U109237,2026-02-27,2026-02,control,1,0,0,0,0.0,0,0,0
U109238,2026-05-07,2026-05,control,1,0,0,0,0.0,0,0,0
U109239,2026-05-30,2026-05,control,1,0,0,0,0.0,1,1,1
U109240,2026-04-15,2026-04,treatment,1,1,1,1,69.59,0,0,0
U109241,2026-05-31,2026-05,control,1,0,0,0,0.0,1,1,1
U109242,2026-05-31,2026-05,control,1,0,0,0,0.0,0,0,0
U109243,2026-06-01,2026-06,control,1,0,0,0,0.0,0,0,0
U109244,2026-05-07,2026-05,control,1,0,0,0,0.0,1,1,1
U109245,2026-06-22,2026-06,treatment,1,0,0,0,0.0,0,0,0
U109246,2026-05-06,2026-05,treatment,1,1,1,1,48.14,1,1,1
U109247,2026-05-01,2026-05,control,1,1,1,0,0.0,0,0,0
U109248,2026-03-22,2026-03,control,1,1,1,0,0.0,1,1,1
U109249,2026-04-10,2026-04,control,1,0,0,0,0.0,0,0,0
U109250,2026-02-07,2026-02,treatment,1,0,0,0,0.0,0,0,0
U109251,2026-05-24,2026-05,control,1,0,0,0,0.0,0,0,0
U109252,2026-03-31,2026-03,control,1,0,0,0,0.0,0,0,0
U109253,2026-04-10,2026-04,treatment,1,1,1,0,0.0,0,0,0
U109254,2026-06-08,2026-06,control,1,0,0,0,0.0,0,0,0
U109255,2026-04-13,2026-04,control,1,1,0,0,0.0,1,1,1
U109256,2026-03-30,2026-03,control,1,1,1,0,0.0,1,1,1
U109257,2026-03-16,2026-03,control,1,0,0,0,0.0,1,1,1
U109258,2026-06-08,2026-06,treatment,1,1,1,1,40.82,0,0,0
U109259,2026-03-06,2026-03,treatment,1,1,1,1,148.29,0,0,0
U109260,2026-05-02,2026-05,control,1,0,0,0,0.0,0,0,0
U109261,2026-05-09,2026-05,control,1,1,1,0,0.0,0,0,0
U109262,2026-05-30,2026-05,treatment,1,0,0,0,0.0,0,0,0
U109263,2026-05-24,2026-05,treatment,1,1,1,0,0.0,0,0,0
U109264,2026-06-12,2026-06,control,1,0,0,0,0.0,0,0,0
U109265,2026-02-08,2026-02,treatment,1,0,0,0,0.0,0,0,0
U109266,2026-04-09,2026-04,control,1,0,0,0,0.0,1,1,1
U109267,2026-04-06,2026-04,treatment,1,1,0,0,0.0,1,1,1
U109268,2026-03-10,2026-03,treatment,1,0,0,0,0.0,0,0,0
U109269,2026-04-07,2026-04,treatment,1,0,0,0,0.0,1,1,1
U109270,2026-04-11,2026-04,control,1,0,0,0,0.0,0,0,0
U109271,2026-05-11,2026-05,control,1,0,0,0,0.0,0,0,0
U109272,2026-05-27,2026-05,treatment,1,1,0,0,0.0,0,0,0
U109273,2026-04-22,2026-04,treatment,1,1,1,1,58.45,1,1,1
U109274,2026-06-02,2026-06,treatment,1,1,0,0,0.0,1,1,1
U109275,2026-04-15,2026-04,control,1,1,0,0,0.0,0,0,0
U109276,2026-04-07,2026-04,treatment,1,1,1,0,0.0,1,1,1
U109277,2026-05-13,2026-05,treatment,1,1,1,1,82.2,0,0,0
U109278,2026-01-28,2026-01,control,1,1,1,0,0.0,0,0,0
U109279,2026-02-20,2026-02,control,1,0,0,0,0.0,1,1,1
U109280,2026-04-27,2026-04,control,1,0,0,0,0.0,0,0,0
U109281,2026-06-24,2026-06,treatment,1,1,1,0,0.0,0,0,0
U109282,2026-06-02,2026-06,treatment,1,1,1,0,0.0,0,0,0
U109283,2026-02-23,2026-02,treatment,1,1,0,0,0.0,0,0,0
U109284,2026-06-15,2026-06,control,1,0,0,0,0.0,1,1,1
U109285,2026-06-04,2026-06,treatment,1,1,1,1,57.63,1,1,1
U109286,2026-05-21,2026-05,treatment,1,1,0,0,0.0,0,0,0
U109287,2026-06-13,2026-06,control,1,0,0,0,0.0,1,1,1
U109288,2026-04-25,2026-04,control,1,0,0,0,0.0,0,0,0
U109289,2026-03-26,2026-03,control,1,0,0,0,0.0,1,1,1
U109290,2026-05-09,2026-05,treatment,1,1,0,0,0.0,0,0,0
U109291,2026-05-14,2026-05,control,1,1,1,1,35.14,0,0,0
U109292,2026-05-13,2026-05,control,1,1,1,1,34.31,0,0,0
U109293,2026-05-16,2026-05,control,1,0,0,0,0.0,0,0,0
U109294,2026-06-25,2026-06,treatment,1,1,0,0,0.0,0,0,0
U109295,2026-06-20,2026-06,control,1,0,0,0,0.0,0,0,0
U109296,2026-06-18,2026-06,control,1,0,0,0,0.0,1,1,1
U109297,2026-06-11,2026-06,control,1,0,0,0,0.0,0,0,0
U109298,2026-06-24,2026-06,control,1,1,1,0,0.0,0,0,0
U109299,2026-02-26,2026-02,control,1,0,0,0,0.0,0,0,0
U109300,2026-04-03,2026-04,treatment,1,0,0,0,0.0,0,0,0
U109301,2026-05-07,2026-05,treatment,1,0,0,0,0.0,0,0,0
U109302,2026-06-15,2026-06,treatment,1,0,0,0,0.0,0,0,0
U109303,2026-05-08,2026-05,treatment,1,1,1,1,13.86,1,1,1
U109304,2026-06-05,2026-06,control,1,0,0,0,0.0,0,0,0
U109305,2026-03-09,2026-03,treatment,1,1,1,1,35.25,0,0,0
U109306,2026-04-01,2026-04,control,1,1,0,0,0.0,0,0,0
U109307,2026-06-03,2026-06,control,1,0,0,0,0.0,0,0,0
U109308,2026-03-15,2026-03,treatment,1,1,1,1,52.32,0,0,0
U109309,2026-04-17,2026-04,treatment,1,0,0,0,0.0,0,0,0
U109310,2026-04-03,2026-04,treatment,1,1,1,1,42.58,0,0,0
U109311,2026-04-17,2026-04,treatment,1,0,0,0,0.0,1,1,1
U109312,2026-06-01,2026-06,treatment,1,1,1,0,0.0,1,1,1
U109313,2026-04-20,2026-04,treatment,1,1,1,1,68.83,0,0,0
U109314,2026-05-15,2026-05,treatment,1,0,0,0,0.0,0,0,0
U109315,2026-02-26,2026-02,treatment,1,0,0,0,0.0,1,1,1
U109316,2026-06-11,2026-06,control,1,0,0,0,0.0,0,0,0
U109317,2026-04-20,2026-04,control,1,0,0,0,0.0,1,1,1
U109318,2026-05-25,2026-05,treatment,1,1,0,0,0.0,1,1,1
U109319,2026-06-03,2026-06,control,1,1,0,0,0.0,0,0,0
U109320,2026-03-24,2026-03,control,1,0,0,0,0.0,0,0,0
U109321,2026-06-19,2026-06,control,1,0,0,0,0.0,0,0,0
U109322,2026-05-22,2026-05,control,1,0,0,0,0.0,0,0,0
U109323,2026-04-28,2026-04,treatment,1,0,0,0,0.0,0,0,0
U109324,2026-03-18,2026-03,treatment,1,0,0,0,0.0,0,0,0
U109325,2026-06-24,2026-06,treatment,1,1,1,1,52.32,0,0,0
U109326,2026-06-06,2026-06,treatment,1,1,1,0,0.0,1,1,1
U109327,2026-03-24,2026-03,treatment,1,0,0,0,0.0,0,0,0
U109328,2026-04-15,2026-04,treatment,1,0,0,0,0.0,1,1,1
U109329,2026-06-11,2026-06,treatment,1,0,0,0,0.0,0,0,0
U109330,2026-05-31,2026-05,control,1,1,1,0,0.0,0,0,0
U109331,2026-06-07,2026-06,control,1,1,0,0,0.0,1,1,1
U109332,2026-04-30,2026-04,control,1,1,0,0,0.0,0,0,0
U109333,2026-06-02,2026-06,treatment,1,0,0,0,0.0,1,1,1
U109334,2026-04-22,2026-04,treatment,1,1,1,0,0.0,1,1,1
U109335,2026-03-24,2026-03,treatment,1,0,0,0,0.0,0,0,0
U109336,2026-05-24,2026-05,treatment,1,0,0,0,0.0,0,0,0
U109337,2026-06-27,2026-06,control,1,1,1,0,0.0,0,0,0
U109338,2026-04-11,2026-04,control,1,0,0,0,0.0,1,1,1
U109339,2026-05-03,2026-05,treatment,1,0,0,0,0.0,1,1,1
U109340,2026-05-28,2026-05,control,1,0,0,0,0.0,0,0,0
U109341,2026-05-13,2026-05,treatment,1,0,0,0,0.0,0,0,0
U109342,2026-06-15,2026-06,treatment,1,0,0,0,0.0,0,0,0
U109343,2026-06-07,2026-06,treatment,1,0,0,0,0.0,0,0,0
U109344,2026-02-13,2026-02,control,1,0,0,0,0.0,0,0,0
U109345,2026-06-29,2026-06,treatment,1,1,1,1,106.59,0,0,0
U109346,2026-06-06,2026-06,treatment,1,0,0,0,0.0,0,0,0
U109347,2026-06-17,2026-06,treatment,1,1,1,1,46.47,1,1,1
U109348,2026-05-26,2026-05,treatment,1,0,0,0,0.0,0,0,0
U109349,2026-06-16,2026-06,treatment,1,1,0,0,0.0,0,0,0
U109350,2026-03-02,2026-03,control,1,0,0,0,0.0,0,0,0
U109351,2026-04-17,2026-04,treatment,1,1,1,1,25.68,0,0,0
U109352,2026-06-18,2026-06,treatment,1,1,1,0,0.0,0,0,0
U109353,2026-03-22,2026-03,control,1,0,0,0,0.0,0,0,0
U109354,2026-02-20,2026-02,control,1,1,0,0,0.0,0,0,0
U109355,2026-06-09,2026-06,control,1,1,1,1,33.75,1,1,1
U109356,2026-06-14,2026-06,treatment,1,0,0,0,0.0,0,0,0
U109357,2026-03-14,2026-03,control,1,1,1,1,84.84,0,0,0
U109358,2026-06-16,2026-06,control,1,0,0,0,0.0,1,1,1
U109359,2026-05-30,2026-05,treatment,1,0,0,0,0.0,0,0,0
U109360,2026-05-10,2026-05,treatment,1,0,0,0,0.0,1,1,1
U109361,2026-06-14,2026-06,control,1,1,1,0,0.0,1,1,1
U109362,2026-04-27,2026-04,control,1,0,0,0,0.0,1,1,1
U109363,2026-03-21,2026-03,control,1,1,1,0,0.0,0,0,0
U109364,2026-04-07,2026-04,control,1,1,0,0,0.0,0,0,0
U109365,2026-05-08,2026-05,control,1,0,0,0,0.0,1,1,1
U109366,2026-05-12,2026-05,treatment,1,0,0,0,0.0,0,0,0
U109367,2026-06-11,2026-06,treatment,1,1,0,0,0.0,0,0,0
U109368,2026-06-10,2026-06,treatment,1,0,0,0,0.0,0,0,0
U109369,2026-05-18,2026-05,control,1,0,0,0,0.0,0,0,0
U109370,2026-06-09,2026-06,treatment,1,1,1,1,88.47,1,1,1
U109371,2026-03-20,2026-03,treatment,1,1,0,0,0.0,0,0,0
U109372,2026-02-10,2026-02,control,1,1,0,0,0.0,0,0,0
U109373,2026-06-18,2026-06,control,1,0,0,0,0.0,1,1,1
U109374,2026-02-19,2026-02,treatment,1,0,0,0,0.0,1,1,1
U109375,2026-03-31,2026-03,treatment,1,1,1,0,0.0,1,1,1
U109376,2026-05-31,2026-05,control,1,1,0,0,0.0,0,0,0
U109377,2026-04-26,2026-04,treatment,1,0,0,0,0.0,1,1,1
U109378,2026-06-18,2026-06,treatment,1,1,0,0,0.0,0,0,0
U109379,2026-04-09,2026-04,treatment,1,0,0,0,0.0,0,0,0
U109380,2026-01-20,2026-01,control,1,0,0,0,0.0,0,0,0
U109381,2026-04-09,2026-04,treatment,1,0,0,0,0.0,0,0,0
U109382,2026-05-17,2026-05,control,1,0,0,0,0.0,0,0,0
U109383,2026-04-21,2026-04,treatment,1,1,1,1,53.11,1,1,1
U109384,2026-05-12,2026-05,treatment,1,0,0,0,0.0,0,0,0
U109385,2026-06-18,2026-06,control,1,0,0,0,0.0,1,1,1
U109386,2026-06-21,2026-06,treatment,1,1,0,0,0.0,1,1,1
U109387,2026-04-03,2026-04,control,1,1,1,0,0.0,1,1,1
U109388,2026-05-03,2026-05,treatment,1,0,0,0,0.0,1,1,1
U109389,2026-05-14,2026-05,control,1,1,1,1,69.14,0,0,0
U109390,2026-06-25,2026-06,treatment,1,1,0,0,0.0,0,0,0
U109391,2026-06-29,2026-06,control,1,1,1,1,97.35,1,1,1
U109392,2026-03-29,2026-03,treatment,1,1,0,0,0.0,0,0,0
U109393,2026-06-03,2026-06,treatment,1,0,0,0,0.0,0,0,0
U109394,2026-04-21,2026-04,treatment,1,0,0,0,0.0,1,1,1
U109395,2026-01-17,2026-01,control,1,1,1,0,0.0,0,0,0
U109396,2026-01-18,2026-01,treatment,1,1,0,0,0.0,0,0,0
U109397,2026-05-03,2026-05,control,1,0,0,0,0.0,1,1,1
U109398,2026-05-06,2026-05,treatment,1,0,0,0,0.0,0,0,0
U109399,2026-01-28,2026-01,treatment,1,1,0,0,0.0,0,0,0
U109400,2026-05-30,2026-05,treatment,1,0,0,0,0.0,1,1,1
U109401,2026-04-08,2026-04,treatment,1,0,0,0,0.0,0,0,0
U109402,2026-05-15,2026-05,control,1,0,0,0,0.0,1,1,1
U109403,2026-04-09,2026-04,treatment,1,0,0,0,0.0,0,0,0
U109404,2026-03-15,2026-03,control,1,0,0,0,0.0,0,0,0
U109405,2026-04-25,2026-04,treatment,1,0,0,0,0.0,1,1,1
U109406,2026-03-28,2026-03,treatment,1,0,0,0,0.0,1,1,1
U109407,2026-05-12,2026-05,treatment,1,1,1,1,44.03,0,0,0
U109408,2026-03-22,2026-03,treatment,1,1,1,0,0.0,0,0,0
U109409,2026-05-09,2026-05,control,1,1,1,0,0.0,1,1,1
U109410,2026-03-13,2026-03,treatment,1,1,0,0,0.0,0,0,0
U109411,2026-05-28,2026-05,control,1,1,1,0,0.0,0,0,0
U109412,2026-06-06,2026-06,treatment,1,0,0,0,0.0,0,0,0
U109413,2026-03-01,2026-03,treatment,1,0,0,0,0.0,0,0,0
U109414,2026-05-04,2026-05,control,1,0,0,0,0.0,1,1,1
U109415,2026-02-17,2026-02,control,1,0,0,0,0.0,0,0,0
U109416,2026-05-20,2026-05,control,1,0,0,0,0.0,0,0,0
U109417,2026-04-03,2026-04,treatment,1,1,1,0,0.0,1,1,1
U109418,2026-05-11,2026-05,control,1,0,0,0,0.0,1,1,1
U109419,2026-05-10,2026-05,treatment,1,0,0,0,0.0,1,1,1
U109420,2026-06-23,2026-06,treatment,1,1,1,1,17.43,0,0,0
U109421,2026-05-14,2026-05,control,1,0,0,0,0.0,1,1,1
U109422,2026-05-18,2026-05,control,1,1,1,0,0.0,0,0,0
U109423,2026-04-25,2026-04,treatment,1,0,0,0,0.0,0,0,0
U109424,2026-06-25,2026-06,control,1,0,0,0,0.0,0,0,0
U109425,2026-06-08,2026-06,treatment,1,1,1,1,23.95,0,0,0
U109426,2026-04-07,2026-04,control,1,1,1,1,77.13,1,1,1
U109427,2026-06-15,2026-06,control,1,0,0,0,0.0,0,0,0
U109428,2026-04-29,2026-04,treatment,1,1,1,0,0.0,1,1,1
U109429,2026-06-13,2026-06,control,1,1,1,1,42.96,0,0,0
U109430,2026-06-13,2026-06,treatment,1,0,0,0,0.0,0,0,0
U109431,2026-03-20,2026-03,treatment,1,1,1,0,0.0,0,0,0
U109432,2026-05-31,2026-05,control,1,1,1,0,0.0,0,0,0
U109433,2026-04-08,2026-04,control,1,0,0,0,0.0,0,0,0
U109434,2026-04-09,2026-04,control,1,1,0,0,0.0,1,1,1
U109435,2026-04-08,2026-04,control,1,1,1,0,0.0,0,0,0
U109436,2026-06-03,2026-06,treatment,1,0,0,0,0.0,1,1,1
U109437,2026-03-28,2026-03,treatment,1,1,0,0,0.0,1,1,1
U109438,2026-01-06,2026-01,control,1,1,0,0,0.0,0,0,0
U109439,2026-06-02,2026-06,control,1,0,0,0,0.0,1,1,1
U109440,2026-03-16,2026-03,control,1,1,0,0,0.0,0,0,0
U109441,2026-02-28,2026-02,control,1,0,0,0,0.0,0,0,0
U109442,2026-03-29,2026-03,treatment,1,0,0,0,0.0,0,0,0
U109443,2026-04-21,2026-04,treatment,1,1,0,0,0.0,0,0,0
U109444,2026-05-05,2026-05,control,1,0,0,0,0.0,0,0,0
U109445,2026-02-08,2026-02,control,1,1,0,0,0.0,0,0,0
U109446,2026-06-27,2026-06,treatment,1,0,0,0,0.0,0,0,0
U109447,2026-06-02,2026-06,control,1,0,0,0,0.0,0,0,0
U109448,2026-04-13,2026-04,treatment,1,1,0,0,0.0,0,0,0
U109449,2026-04-12,2026-04,control,1,1,1,0,0.0,0,0,0
U109450,2026-05-01,2026-05,treatment,1,1,1,1,72.98,1,1,1
U109451,2026-05-23,2026-05,treatment,1,1,0,0,0.0,0,0,0
U109452,2026-03-10,2026-03,control,1,0,0,0,0.0,0,0,0
U109453,2026-03-20,2026-03,treatment,1,1,0,0,0.0,1,1,1
U109454,2026-06-16,2026-06,treatment,1,0,0,0,0.0,1,1,1
U109455,2026-04-02,2026-04,control,1,0,0,0,0.0,1,1,1
U109456,2026-04-21,2026-04,control,1,0,0,0,0.0,0,0,0
U109457,2026-06-18,2026-06,treatment,1,1,1,0,0.0,1,1,1
U109458,2026-05-27,2026-05,treatment,1,0,0,0,0.0,0,0,0
U109459,2026-04-16,2026-04,treatment,1,0,0,0,0.0,0,0,0
U109460,2026-05-29,2026-05,treatment,1,0,0,0,0.0,0,0,0
U109461,2026-01-26,2026-01,treatment,1,0,0,0,0.0,1,1,1
U109462,2026-06-04,2026-06,treatment,1,1,1,0,0.0,0,0,0
U109463,2026-05-06,2026-05,treatment,1,0,0,0,0.0,1,1,1
U109464,2026-06-12,2026-06,control,1,0,0,0,0.0,0,0,0
U109465,2026-06-25,2026-06,treatment,1,0,0,0,0.0,0,0,0
U109466,2026-06-23,2026-06,control,1,0,0,0,0.0,0,0,0
U109467,2026-06-21,2026-06,control,1,0,0,0,0.0,0,0,0
U109468,2026-05-09,2026-05,treatment,1,0,0,0,0.0,0,0,0
U109469,2026-04-19,2026-04,control,1,0,0,0,0.0,0,0,0
U109470,2026-05-03,2026-05,control,1,0,0,0,0.0,0,0,0
U109471,2026-05-30,2026-05,control,1,1,0,0,0.0,0,0,0
U109472,2026-06-19,2026-06,treatment,1,1,1,1,61.73,0,0,0
U109473,2026-03-23,2026-03,treatment,1,0,0,0,0.0,0,0,0
U109474,2026-06-22,2026-06,treatment,1,0,0,0,0.0,0,0,0
U109475,2026-06-12,2026-06,treatment,1,1,0,0,0.0,0,0,0
U109476,2026-06-28,2026-06,control,1,0,0,0,0.0,1,1,1
U109477,2026-06-18,2026-06,control,1,0,0,0,0.0,0,0,0
U109478,2026-04-06,2026-04,control,1,0,0,0,0.0,0,0,0
U109479,2026-02-28,2026-02,control,1,1,0,0,0.0,0,0,0
U109480,2026-03-02,2026-03,control,1,1,0,0,0.0,1,1,1
U109481,2026-04-08,2026-04,control,1,0,0,0,0.0,1,1,1
U109482,2026-05-22,2026-05,control,1,0,0,0,0.0,0,0,0
U109483,2026-06-11,2026-06,treatment,1,0,0,0,0.0,0,0,0
U109484,2026-06-20,2026-06,treatment,1,0,0,0,0.0,0,0,0
U109485,2026-05-23,2026-05,treatment,1,0,0,0,0.0,0,0,0
U109486,2026-01-14,2026-01,treatment,1,1,1,1,40.17,0,0,0
U109487,2026-03-19,2026-03,control,1,0,0,0,0.0,0,0,0
U109488,2026-02-26,2026-02,treatment,1,0,0,0,0.0,0,0,0
U109489,2026-04-19,2026-04,control,1,0,0,0,0.0,0,0,0
U109490,2026-05-08,2026-05,treatment,1,0,0,0,0.0,0,0,0
U109491,2026-02-07,2026-02,treatment,1,1,1,1,58.55,0,0,0
U109492,2026-04-17,2026-04,treatment,1,0,0,0,0.0,1,1,1
U109493,2026-03-18,2026-03,treatment,1,0,0,0,0.0,0,0,0
U109494,2026-05-25,2026-05,treatment,1,0,0,0,0.0,0,0,0
U109495,2026-05-03,2026-05,treatment,1,0,0,0,0.0,0,0,0
U109496,2026-05-07,2026-05,control,1,1,0,0,0.0,0,0,0
U109497,2026-04-28,2026-04,treatment,1,0,0,0,0.0,1,1,1
U109498,2026-06-25,2026-06,control,1,0,0,0,0.0,1,1,1
U109499,2026-03-25,2026-03,treatment,1,0,0,0,0.0,0,0,0
U109500,2026-05-10,2026-05,control,1,1,0,0,0.0,1,1,1
U109501,2026-06-04,2026-06,control,1,1,0,0,0.0,1,1,1
U109502,2026-05-15,2026-05,treatment,1,1,0,0,0.0,0,0,0
U109503,2026-06-23,2026-06,control,1,0,0,0,0.0,1,1,1
U109504,2026-04-21,2026-04,treatment,1,1,1,1,92.65,1,1,1
U109505,2026-05-03,2026-05,control,1,0,0,0,0.0,0,0,0
U109506,2026-02-23,2026-02,treatment,1,0,0,0,0.0,1,1,1
U109507,2026-05-21,2026-05,treatment,1,1,1,0,0.0,1,1,1
U109508,2026-04-07,2026-04,treatment,1,0,0,0,0.0,1,1,1
U109509,2026-03-14,2026-03,control,1,0,0,0,0.0,0,0,0
U109510,2026-05-13,2026-05,control,1,0,0,0,0.0,0,0,0
U109511,2026-05-12,2026-05,treatment,1,0,0,0,0.0,1,1,1
U109512,2026-02-19,2026-02,control,1,0,0,0,0.0,0,0,0
U109513,2026-05-31,2026-05,control,1,1,1,1,177.52,0,0,0
U109514,2026-05-23,2026-05,treatment,1,0,0,0,0.0,1,1,1
U109515,2026-03-20,2026-03,control,1,1,0,0,0.0,0,0,0
U109516,2026-05-04,2026-05,control,1,1,0,0,0.0,0,0,0
U109517,2026-06-02,2026-06,control,1,0,0,0,0.0,0,0,0
U109518,2026-05-11,2026-05,control,1,0,0,0,0.0,0,0,0
U109519,2026-04-24,2026-04,treatment,1,1,0,0,0.0,1,1,1
U109520,2026-04-13,2026-04,control,1,1,0,0,0.0,1,1,1
U109521,2026-05-21,2026-05,treatment,1,0,0,0,0.0,0,0,0
U109522,2026-06-24,2026-06,control,1,0,0,0,0.0,1,1,1
U109523,2026-05-28,2026-05,control,1,1,1,0,0.0,1,1,1
U109524,2026-02-19,2026-02,treatment,1,0,0,0,0.0,1,1,1
U109525,2026-05-03,2026-05,control,1,1,1,0,0.0,0,0,0
U109526,2026-06-19,2026-06,treatment,1,0,0,0,0.0,1,1,1
U109527,2026-02-25,2026-02,treatment,1,1,1,1,71.62,1,1,1
U109528,2026-06-28,2026-06,control,1,0,0,0,0.0,1,1,1
U109529,2026-06-25,2026-06,treatment,1,1,1,1,62.98,0,0,0
U109530,2026-02-20,2026-02,control,1,1,1,1,63.09,0,0,0
U109531,2026-06-23,2026-06,control,1,0,0,0,0.0,0,0,0
U109532,2026-04-19,2026-04,control,1,1,1,0,0.0,0,0,0
U109533,2026-06-15,2026-06,treatment,1,0,0,0,0.0,0,0,0
U109534,2026-04-27,2026-04,control,1,0,0,0,0.0,0,0,0
U109535,2026-04-30,2026-04,treatment,1,1,1,1,75.47,0,0,0
U109536,2026-05-24,2026-05,treatment,1,0,0,0,0.0,1,1,1
U109537,2026-06-08,2026-06,control,1,0,0,0,0.0,0,0,0
U109538,2026-02-03,2026-02,control,1,0,0,0,0.0,1,1,1
U109539,2026-05-19,2026-05,treatment,1,0,0,0,0.0,0,0,0
U109540,2026-03-19,2026-03,treatment,1,1,0,0,0.0,1,1,1
U109541,2026-04-16,2026-04,control,1,0,0,0,0.0,0,0,0
U109542,2026-04-17,2026-04,treatment,1,0,0,0,0.0,0,0,0
U109543,2026-05-04,2026-05,control,1,0,0,0,0.0,1,1,1
U109544,2026-04-15,2026-04,treatment,1,0,0,0,0.0,1,1,1
U109545,2026-02-28,2026-02,treatment,1,0,0,0,0.0,1,1,1
U109546,2026-03-10,2026-03,treatment,1,1,1,1,66.86,1,1,1
U109547,2026-02-02,2026-02,treatment,1,0,0,0,0.0,0,0,0
U109548,2026-05-04,2026-05,treatment,1,0,0,0,0.0,0,0,0
U109549,2026-06-25,2026-06,treatment,1,1,1,1,72.52,0,0,0
U109550,2026-03-03,2026-03,treatment,1,0,0,0,0.0,0,0,0
U109551,2026-06-25,2026-06,control,1,0,0,0,0.0,0,0,0
U109552,2026-06-04,2026-06,treatment,1,1,1,0,0.0,1,1,1
U109553,2026-05-24,2026-05,control,1,0,0,0,0.0,1,1,1
U109554,2026-05-25,2026-05,control,1,0,0,0,0.0,0,0,0
U109555,2026-06-13,2026-06,control,1,0,0,0,0.0,1,1,1
U109556,2026-02-28,2026-02,control,1,0,0,0,0.0,0,0,0
U109557,2026-05-08,2026-05,control,1,0,0,0,0.0,0,0,0
U109558,2026-05-31,2026-05,treatment,1,1,1,0,0.0,0,0,0
U109559,2026-05-18,2026-05,control,1,0,0,0,0.0,0,0,0
U109560,2026-06-14,2026-06,treatment,1,1,1,0,0.0,0,0,0
U109561,2026-02-18,2026-02,control,1,1,1,1,58.36,1,1,1
U109562,2026-05-30,2026-05,control,1,1,1,0,0.0,0,0,0
U109563,2026-05-12,2026-05,control,1,0,0,0,0.0,1,1,1
U109564,2026-04-21,2026-04,control,1,0,0,0,0.0,0,0,0
U109565,2026-04-15,2026-04,treatment,1,0,0,0,0.0,1,1,1
U109566,2026-05-22,2026-05,treatment,1,1,1,1,21.73,0,0,0
U109567,2026-06-19,2026-06,control,1,0,0,0,0.0,1,1,1
U109568,2026-05-07,2026-05,control,1,1,0,0,0.0,1,1,1
U109569,2026-06-13,2026-06,treatment,1,1,1,1,46.09,0,0,0
U109570,2026-04-25,2026-04,control,1,1,0,0,0.0,0,0,0
U109571,2026-02-27,2026-02,control,1,0,0,0,0.0,0,0,0
U109572,2026-02-14,2026-02,treatment,1,1,0,0,0.0,0,0,0
U109573,2026-02-10,2026-02,control,1,0,0,0,0.0,0,0,0
U109574,2026-04-21,2026-04,treatment,1,1,1,1,65.48,1,1,1
U109575,2026-04-15,2026-04,treatment,1,0,0,0,0.0,0,0,0
U109576,2026-06-02,2026-06,control,1,1,0,0,0.0,0,0,0
U109577,2026-06-05,2026-06,control,1,1,1,0,0.0,1,1,1
U109578,2026-02-10,2026-02,treatment,1,0,0,0,0.0,0,0,0
U109579,2026-03-26,2026-03,control,1,0,0,0,0.0,0,0,0
U109580,2026-04-05,2026-04,treatment,1,0,0,0,0.0,0,0,0
U109581,2026-05-14,2026-05,treatment,1,0,0,0,0.0,1,1,1
U109582,2026-03-10,2026-03,control,1,1,1,0,0.0,0,0,0
U109583,2026-03-07,2026-03,treatment,1,0,0,0,0.0,0,0,0
U109584,2026-06-24,2026-06,control,1,0,0,0,0.0,0,0,0
U109585,2026-06-11,2026-06,control,1,1,1,0,0.0,0,0,0
U109586,2026-03-18,2026-03,treatment,1,0,0,0,0.0,0,0,0
U109587,2026-04-25,2026-04,treatment,1,1,0,0,0.0,0,0,0
U109588,2026-04-18,2026-04,treatment,1,0,0,0,0.0,0,0,0
U109589,2026-06-10,2026-06,control,1,0,0,0,0.0,0,0,0
U109590,2026-05-09,2026-05,treatment,1,0,0,0,0.0,1,1,1
U109591,2026-03-06,2026-03,control,1,0,0,0,0.0,0,0,0
U109592,2026-06-04,2026-06,treatment,1,0,0,0,0.0,0,0,0
U109593,2026-04-24,2026-04,treatment,1,0,0,0,0.0,0,0,0
U109594,2026-04-03,2026-04,treatment,1,0,0,0,0.0,0,0,0
U109595,2026-04-21,2026-04,treatment,1,0,0,0,0.0,0,0,0
U109596,2026-05-07,2026-05,treatment,1,1,1,1,22.64,0,0,0
U109597,2026-04-16,2026-04,treatment,1,0,0,0,0.0,1,1,1
U109598,2026-03-30,2026-03,treatment,1,1,0,0,0.0,0,0,0
U109599,2026-04-24,2026-04,treatment,1,1,0,0,0.0,1,1,1
U109600,2026-01-25,2026-01,treatment,1,1,0,0,0.0,0,0,0
U109601,2026-06-08,2026-06,treatment,1,1,1,1,54.8,0,0,0
U109602,2026-03-16,2026-03,treatment,1,1,1,1,46.22,1,1,1
U109603,2026-02-07,2026-02,control,1,0,0,0,0.0,1,1,1
U109604,2026-05-26,2026-05,control,1,0,0,0,0.0,0,0,0
U109605,2026-06-08,2026-06,treatment,1,0,0,0,0.0,1,1,1
U109606,2026-06-12,2026-06,control,1,1,0,0,0.0,0,0,0
U109607,2026-05-07,2026-05,treatment,1,1,1,0,0.0,1,1,1
U109608,2026-03-23,2026-03,control,1,0,0,0,0.0,0,0,0
U109609,2026-06-04,2026-06,control,1,0,0,0,0.0,1,1,1
U109610,2026-05-31,2026-05,treatment,1,1,1,0,0.0,0,0,0
U109611,2026-03-31,2026-03,treatment,1,0,0,0,0.0,0,0,0
U109612,2026-06-21,2026-06,control,1,0,0,0,0.0,1,1,1
U109613,2026-02-28,2026-02,treatment,1,0,0,0,0.0,1,1,1
U109614,2026-06-28,2026-06,treatment,1,1,0,0,0.0,1,1,1
U109615,2026-06-16,2026-06,control,1,0,0,0,0.0,0,0,0
U109616,2026-05-30,2026-05,control,1,0,0,0,0.0,1,1,1
U109617,2026-06-24,2026-06,control,1,0,0,0,0.0,0,0,0
U109618,2026-06-02,2026-06,control,1,0,0,0,0.0,1,1,1
U109619,2026-03-20,2026-03,control,1,0,0,0,0.0,0,0,0
U109620,2026-04-30,2026-04,control,1,0,0,0,0.0,1,1,1
U109621,2026-02-18,2026-02,control,1,0,0,0,0.0,1,1,1
U109622,2026-04-23,2026-04,treatment,1,0,0,0,0.0,0,0,0
U109623,2026-06-05,2026-06,treatment,1,0,0,0,0.0,1,1,1
U109624,2026-04-22,2026-04,treatment,1,0,0,0,0.0,0,0,0
U109625,2026-04-14,2026-04,control,1,1,1,1,33.5,0,0,0
U109626,2026-05-19,2026-05,treatment,1,0,0,0,0.0,0,0,0
U109627,2026-06-18,2026-06,treatment,1,0,0,0,0.0,1,1,1
U109628,2026-02-09,2026-02,treatment,1,1,1,1,46.06,0,0,0
U109629,2026-04-22,2026-04,treatment,1,0,0,0,0.0,0,0,0
U109630,2026-03-13,2026-03,treatment,1,0,0,0,0.0,1,1,1
U109631,2026-05-31,2026-05,treatment,1,0,0,0,0.0,0,0,0
U109632,2026-02-28,2026-02,treatment,1,1,0,0,0.0,0,0,0
U109633,2026-05-27,2026-05,control,1,1,1,0,0.0,1,1,1
U109634,2026-04-07,2026-04,control,1,0,0,0,0.0,0,0,0
U109635,2026-03-22,2026-03,control,1,1,1,0,0.0,0,0,0
U109636,2026-06-24,2026-06,control,1,0,0,0,0.0,1,1,1
U109637,2026-01-25,2026-01,control,1,1,1,0,0.0,0,0,0
U109638,2026-04-30,2026-04,treatment,1,0,0,0,0.0,0,0,0
U109639,2026-01-27,2026-01,control,1,1,0,0,0.0,0,0,0
U109640,2026-05-06,2026-05,treatment,1,0,0,0,0.0,1,1,1
U109641,2026-05-08,2026-05,treatment,1,0,0,0,0.0,1,1,1
U109642,2026-04-13,2026-04,control,1,0,0,0,0.0,1,1,1
U109643,2026-03-07,2026-03,control,1,1,0,0,0.0,0,0,0
U109644,2026-04-21,2026-04,control,1,1,1,0,0.0,1,1,1
U109645,2026-05-28,2026-05,treatment,1,0,0,0,0.0,1,1,1
U109646,2026-06-09,2026-06,treatment,1,1,1,1,114.59,0,0,0
U109647,2026-05-12,2026-05,control,1,1,1,1,96.11,1,1,1
U109648,2026-05-19,2026-05,treatment,1,1,1,1,112.98,0,0,0
U109649,2026-03-22,2026-03,treatment,1,0,0,0,0.0,0,0,0
U109650,2026-04-07,2026-04,control,1,0,0,0,0.0,0,0,0
U109651,2026-03-14,2026-03,treatment,1,0,0,0,0.0,1,1,1
U109652,2026-03-31,2026-03,treatment,1,0,0,0,0.0,0,0,0
U109653,2026-03-27,2026-03,control,1,1,0,0,0.0,0,0,0
U109654,2026-05-10,2026-05,treatment,1,1,0,0,0.0,0,0,0
U109655,2026-05-16,2026-05,control,1,1,0,0,0.0,1,1,1
U109656,2026-06-24,2026-06,control,1,0,0,0,0.0,0,0,0
U109657,2026-03-21,2026-03,control,1,1,0,0,0.0,0,0,0
U109658,2026-05-25,2026-05,treatment,1,0,0,0,0.0,1,1,1
U109659,2026-06-12,2026-06,treatment,1,1,1,1,41.45,1,1,1
U109660,2026-05-15,2026-05,control,1,0,0,0,0.0,0,0,0
U109661,2026-04-01,2026-04,control,1,1,0,0,0.0,0,0,0
U109662,2026-04-03,2026-04,control,1,1,1,0,0.0,0,0,0
U109663,2026-02-05,2026-02,treatment,1,1,1,1,32.48,0,0,0
U109664,2026-04-10,2026-04,control,1,0,0,0,0.0,0,0,0
U109665,2026-06-05,2026-06,treatment,1,0,0,0,0.0,1,1,1
U109666,2026-02-09,2026-02,treatment,1,0,0,0,0.0,0,0,0
U109667,2026-03-26,2026-03,treatment,1,0,0,0,0.0,0,0,0
U109668,2026-06-01,2026-06,control,1,1,0,0,0.0,1,1,1
U109669,2026-06-09,2026-06,control,1,1,0,0,0.0,0,0,0
U109670,2026-05-02,2026-05,control,1,0,0,0,0.0,0,0,0
U109671,2026-05-31,2026-05,treatment,1,0,0,0,0.0,0,0,0
U109672,2026-04-23,2026-04,treatment,1,1,1,1,52.4,0,0,0
U109673,2026-03-13,2026-03,treatment,1,0,0,0,0.0,1,1,1
U109674,2026-04-24,2026-04,control,1,0,0,0,0.0,0,0,0
U109675,2026-05-18,2026-05,treatment,1,1,1,0,0.0,1,1,1
U109676,2026-06-25,2026-06,control,1,1,0,0,0.0,0,0,0
U109677,2026-02-17,2026-02,control,1,0,0,0,0.0,0,0,0
U109678,2026-05-09,2026-05,treatment,1,0,0,0,0.0,0,0,0
U109679,2026-04-14,2026-04,control,1,0,0,0,0.0,1,1,1
U109680,2026-05-09,2026-05,treatment,1,1,1,1,63.89,1,1,1
U109681,2026-01-28,2026-01,treatment,1,0,0,0,0.0,0,0,0
U109682,2026-04-11,2026-04,treatment,1,0,0,0,0.0,0,0,0
U109683,2026-06-12,2026-06,control,1,1,1,0,0.0,0,0,0
U109684,2026-05-14,2026-05,control,1,1,0,0,0.0,0,0,0
U109685,2026-05-01,2026-05,control,1,1,0,0,0.0,0,0,0
U109686,2026-04-07,2026-04,control,1,0,0,0,0.0,1,1,1
U109687,2026-04-09,2026-04,treatment,1,0,0,0,0.0,0,0,0
U109688,2026-04-22,2026-04,treatment,1,1,1,1,42.96,1,1,1
U109689,2026-06-14,2026-06,control,1,1,1,1,80.98,0,0,0
U109690,2026-06-27,2026-06,treatment,1,1,1,0,0.0,1,1,1
U109691,2026-04-30,2026-04,treatment,1,1,1,1,44.32,1,1,1
U109692,2026-04-23,2026-04,control,1,1,1,1,66.48,1,1,1
U109693,2026-06-15,2026-06,control,1,0,0,0,0.0,1,1,1
U109694,2026-04-28,2026-04,control,1,0,0,0,0.0,1,1,1
U109695,2026-05-14,2026-05,treatment,1,0,0,0,0.0,1,1,1
U109696,2026-03-28,2026-03,treatment,1,1,0,0,0.0,0,0,0
U109697,2026-06-05,2026-06,treatment,1,0,0,0,0.0,0,0,0
U109698,2026-05-12,2026-05,control,1,1,1,1,47.48,1,1,1
U109699,2026-06-11,2026-06,treatment,1,0,0,0,0.0,0,0,0
U109700,2026-06-09,2026-06,control,1,1,1,0,0.0,0,0,0
U109701,2026-03-25,2026-03,treatment,1,0,0,0,0.0,0,0,0
U109702,2026-06-02,2026-06,treatment,1,0,0,0,0.0,1,1,1
U109703,2026-06-11,2026-06,control,1,1,1,0,0.0,1,1,1
U109704,2026-04-16,2026-04,treatment,1,0,0,0,0.0,0,0,0
U109705,2026-03-16,2026-03,treatment,1,0,0,0,0.0,1,1,1
U109706,2026-01-10,2026-01,treatment,1,0,0,0,0.0,0,0,0
U109707,2026-05-01,2026-05,control,1,1,1,0,0.0,0,0,0
U109708,2026-04-17,2026-04,control,1,1,0,0,0.0,0,0,0
U109709,2026-05-15,2026-05,treatment,1,1,1,1,160.26,0,0,0
U109710,2026-03-20,2026-03,treatment,1,1,1,1,20.42,0,0,0
U109711,2026-06-16,2026-06,control,1,1,0,0,0.0,0,0,0
U109712,2026-04-02,2026-04,treatment,1,0,0,0,0.0,0,0,0
U109713,2026-03-27,2026-03,control,1,0,0,0,0.0,0,0,0
U109714,2026-05-05,2026-05,treatment,1,0,0,0,0.0,0,0,0
U109715,2026-05-08,2026-05,control,1,0,0,0,0.0,1,1,1
U109716,2026-03-25,2026-03,control,1,1,0,0,0.0,0,0,0
U109717,2026-04-04,2026-04,control,1,0,0,0,0.0,0,0,0
U109718,2026-03-16,2026-03,control,1,0,0,0,0.0,0,0,0
U109719,2026-06-02,2026-06,treatment,1,0,0,0,0.0,0,0,0
U109720,2026-06-07,2026-06,treatment,1,0,0,0,0.0,0,0,0
U109721,2026-05-03,2026-05,control,1,1,0,0,0.0,0,0,0
U109722,2026-06-02,2026-06,control,1,0,0,0,0.0,1,1,1
U109723,2026-06-04,2026-06,treatment,1,1,1,1,96.01,0,0,0
U109724,2026-03-08,2026-03,control,1,0,0,0,0.0,0,0,0
U109725,2026-06-26,2026-06,treatment,1,1,1,0,0.0,0,0,0
U109726,2026-06-13,2026-06,treatment,1,0,0,0,0.0,0,0,0
U109727,2026-03-23,2026-03,treatment,1,0,0,0,0.0,1,1,1
U109728,2026-03-19,2026-03,treatment,1,1,1,1,97.45,0,0,0
U109729,2026-03-05,2026-03,control,1,0,0,0,0.0,0,0,0
U109730,2026-03-08,2026-03,treatment,1,0,0,0,0.0,0,0,0
U109731,2026-06-05,2026-06,treatment,1,0,0,0,0.0,1,1,1
U109732,2026-05-04,2026-05,control,1,0,0,0,0.0,0,0,0
U109733,2026-06-09,2026-06,treatment,1,1,1,1,168.66,0,0,0
U109734,2026-06-05,2026-06,treatment,1,0,0,0,0.0,1,1,1
U109735,2026-05-20,2026-05,control,1,1,1,0,0.0,1,1,1
U109736,2026-05-30,2026-05,control,1,0,0,0,0.0,0,0,0
U109737,2026-01-25,2026-01,treatment,1,0,0,0,0.0,1,1,1
U109738,2026-04-11,2026-04,control,1,0,0,0,0.0,0,0,0
U109739,2026-05-24,2026-05,control,1,1,0,0,0.0,0,0,0
U109740,2026-01-18,2026-01,control,1,0,0,0,0.0,1,1,1
U109741,2026-02-02,2026-02,control,1,1,1,0,0.0,0,0,0
U109742,2026-06-16,2026-06,control,1,0,0,0,0.0,1,1,1
U109743,2026-05-29,2026-05,treatment,1,1,0,0,0.0,1,1,1
U109744,2026-04-03,2026-04,control,1,1,1,0,0.0,1,1,1
U109745,2026-05-30,2026-05,treatment,1,0,0,0,0.0,0,0,0
U109746,2026-06-10,2026-06,control,1,1,0,0,0.0,0,0,0
U109747,2026-04-10,2026-04,control,1,0,0,0,0.0,0,0,0
U109748,2026-02-04,2026-02,control,1,0,0,0,0.0,0,0,0
U109749,2026-06-23,2026-06,control,1,0,0,0,0.0,0,0,0
U109750,2026-04-16,2026-04,control,1,1,1,1,71.84,0,0,0
U109751,2026-02-28,2026-02,treatment,1,0,0,0,0.0,1,1,1
U109752,2026-05-07,2026-05,treatment,1,0,0,0,0.0,0,0,0
U109753,2026-06-07,2026-06,control,1,1,1,0,0.0,0,0,0
U109754,2026-03-26,2026-03,control,1,0,0,0,0.0,0,0,0
U109755,2026-04-04,2026-04,control,1,0,0,0,0.0,0,0,0
U109756,2026-03-30,2026-03,treatment,1,1,1,1,32.3,1,1,1
U109757,2026-06-29,2026-06,treatment,1,0,0,0,0.0,0,0,0
U109758,2026-03-21,2026-03,control,1,0,0,0,0.0,0,0,0
U109759,2026-05-17,2026-05,control,1,1,0,0,0.0,1,1,1
U109760,2026-06-23,2026-06,treatment,1,0,0,0,0.0,0,0,0
U109761,2026-03-10,2026-03,control,1,0,0,0,0.0,0,0,0
U109762,2026-06-27,2026-06,treatment,1,0,0,0,0.0,0,0,0
U109763,2026-06-25,2026-06,control,1,1,1,0,0.0,0,0,0
U109764,2026-06-19,2026-06,treatment,1,0,0,0,0.0,1,1,1
U109765,2026-03-25,2026-03,treatment,1,0,0,0,0.0,0,0,0
U109766,2026-05-24,2026-05,treatment,1,0,0,0,0.0,0,0,0
U109767,2026-06-07,2026-06,treatment,1,0,0,0,0.0,0,0,0
U109768,2026-06-28,2026-06,control,1,1,0,0,0.0,0,0,0
U109769,2026-03-18,2026-03,control,1,0,0,0,0.0,0,0,0
U109770,2026-06-07,2026-06,control,1,1,0,0,0.0,0,0,0
U109771,2026-04-15,2026-04,treatment,1,0,0,0,0.0,0,0,0
U109772,2026-03-17,2026-03,treatment,1,0,0,0,0.0,0,0,0
U109773,2026-04-27,2026-04,control,1,0,0,0,0.0,1,1,1
U109774,2026-06-10,2026-06,control,1,0,0,0,0.0,0,0,0
U109775,2026-05-03,2026-05,treatment,1,0,0,0,0.0,1,1,1
U109776,2026-05-12,2026-05,treatment,1,1,1,0,0.0,0,0,0
U109777,2026-06-29,2026-06,treatment,1,1,1,0,0.0,1,1,1
U109778,2026-04-24,2026-04,control,1,0,0,0,0.0,0,0,0
U109779,2026-05-22,2026-05,control,1,1,1,1,31.94,1,1,1
U109780,2026-04-19,2026-04,control,1,1,1,1,56.55,1,1,1
U109781,2026-04-23,2026-04,treatment,1,0,0,0,0.0,0,0,0
U109782,2026-05-31,2026-05,treatment,1,0,0,0,0.0,0,0,0
U109783,2026-06-24,2026-06,treatment,1,1,1,0,0.0,1,1,1
U109784,2026-05-13,2026-05,treatment,1,0,0,0,0.0,1,1,1
U109785,2026-06-07,2026-06,treatment,1,1,1,0,0.0,0,0,0
U109786,2026-02-23,2026-02,treatment,1,1,1,1,40.04,0,0,0
U109787,2026-03-24,2026-03,treatment,1,0,0,0,0.0,0,0,0
U109788,2026-05-08,2026-05,treatment,1,1,1,1,36.63,1,1,1
U109789,2026-01-26,2026-01,control,1,0,0,0,0.0,0,0,0
U109790,2026-04-01,2026-04,treatment,1,0,0,0,0.0,0,0,0
U109791,2026-05-10,2026-05,control,1,0,0,0,0.0,0,0,0
U109792,2026-01-23,2026-01,control,1,0,0,0,0.0,1,1,1
U109793,2026-04-03,2026-04,treatment,1,0,0,0,0.0,1,1,1
U109794,2026-05-10,2026-05,treatment,1,0,0,0,0.0,0,0,0
U109795,2026-05-17,2026-05,treatment,1,1,1,1,40.17,0,0,0
U109796,2026-06-23,2026-06,control,1,0,0,0,0.0,0,0,0
U109797,2026-05-25,2026-05,treatment,1,0,0,0,0.0,0,0,0
U109798,2026-04-26,2026-04,treatment,1,0,0,0,0.0,1,1,1
U109799,2026-06-23,2026-06,control,1,0,0,0,0.0,0,0,0
U109800,2026-06-09,2026-06,treatment,1,0,0,0,0.0,0,0,0
U109801,2026-03-22,2026-03,control,1,1,1,0,0.0,0,0,0
U109802,2026-03-07,2026-03,control,1,0,0,0,0.0,0,0,0
U109803,2026-05-28,2026-05,treatment,1,1,1,0,0.0,0,0,0
U109804,2026-05-15,2026-05,control,1,0,0,0,0.0,1,1,1
U109805,2026-06-09,2026-06,control,1,1,0,0,0.0,1,1,1
U109806,2026-06-04,2026-06,control,1,0,0,0,0.0,0,0,0
U109807,2026-05-23,2026-05,control,1,0,0,0,0.0,0,0,0
U109808,2026-06-28,2026-06,control,1,1,1,0,0.0,0,0,0
U109809,2026-05-12,2026-05,control,1,0,0,0,0.0,1,1,1
U109810,2026-03-02,2026-03,control,1,1,0,0,0.0,1,1,1
U109811,2026-06-13,2026-06,control,1,1,1,1,50.64,0,0,0
U109812,2026-04-01,2026-04,control,1,0,0,0,0.0,1,1,1
U109813,2026-06-08,2026-06,control,1,1,0,0,0.0,0,0,0
U109814,2026-06-26,2026-06,treatment,1,1,0,0,0.0,0,0,0
U109815,2026-05-31,2026-05,treatment,1,0,0,0,0.0,1,1,1
U109816,2026-05-19,2026-05,control,1,0,0,0,0.0,0,0,0
U109817,2026-05-03,2026-05,treatment,1,0,0,0,0.0,0,0,0
U109818,2026-04-19,2026-04,treatment,1,0,0,0,0.0,0,0,0
U109819,2026-04-17,2026-04,treatment,1,0,0,0,0.0,0,0,0
U109820,2026-05-24,2026-05,control,1,1,0,0,0.0,0,0,0
U109821,2026-06-06,2026-06,treatment,1,1,0,0,0.0,1,1,1
U109822,2026-05-29,2026-05,control,1,1,1,1,31.21,0,0,0
U109823,2026-03-22,2026-03,control,1,1,1,0,0.0,1,1,1
U109824,2026-05-07,2026-05,control,1,0,0,0,0.0,0,0,0
U109825,2026-06-10,2026-06,control,1,0,0,0,0.0,0,0,0
U109826,2026-05-05,2026-05,treatment,1,1,1,0,0.0,1,1,1
U109827,2026-05-12,2026-05,treatment,1,0,0,0,0.0,1,1,1
U109828,2026-06-08,2026-06,treatment,1,1,1,1,174.14,0,0,0
U109829,2026-05-27,2026-05,control,1,0,0,0,0.0,0,0,0
U109830,2026-04-26,2026-04,control,1,0,0,0,0.0,0,0,0
U109831,2026-06-20,2026-06,control,1,0,0,0,0.0,1,1,1
U109832,2026-03-14,2026-03,control,1,0,0,0,0.0,0,0,0
U109833,2026-06-29,2026-06,treatment,1,0,0,0,0.0,0,0,0
U109834,2026-03-04,2026-03,treatment,1,0,0,0,0.0,1,1,1
U109835,2026-01-23,2026-01,treatment,1,0,0,0,0.0,1,1,1
U109836,2026-06-19,2026-06,treatment,1,0,0,0,0.0,0,0,0
U109837,2026-03-31,2026-03,control,1,0,0,0,0.0,1,1,1
U109838,2026-06-03,2026-06,control,1,0,0,0,0.0,0,0,0
U109839,2026-06-12,2026-06,control,1,1,0,0,0.0,1,1,1
U109840,2026-06-16,2026-06,control,1,0,0,0,0.0,1,1,1
U109841,2026-06-29,2026-06,treatment,1,0,0,0,0.0,0,0,0
U109842,2026-04-08,2026-04,control,1,1,0,0,0.0,0,0,0
U109843,2026-06-01,2026-06,control,1,1,1,0,0.0,0,0,0
U109844,2026-03-03,2026-03,treatment,1,0,0,0,0.0,0,0,0
U109845,2026-04-25,2026-04,treatment,1,0,0,0,0.0,0,0,0
U109846,2026-06-15,2026-06,control,1,0,0,0,0.0,0,0,0
U109847,2026-04-20,2026-04,treatment,1,0,0,0,0.0,1,1,1
U109848,2026-05-19,2026-05,control,1,1,0,0,0.0,0,0,0
U109849,2026-05-08,2026-05,treatment,1,1,1,1,40.97,1,1,1
U109850,2026-05-25,2026-05,control,1,1,0,0,0.0,0,0,0
U109851,2026-06-27,2026-06,control,1,1,0,0,0.0,1,1,1
U109852,2026-02-12,2026-02,treatment,1,0,0,0,0.0,0,0,0
U109853,2026-05-17,2026-05,control,1,1,0,0,0.0,0,0,0
U109854,2026-06-17,2026-06,treatment,1,0,0,0,0.0,0,0,0
U109855,2026-05-05,2026-05,treatment,1,0,0,0,0.0,1,1,1
U109856,2026-02-20,2026-02,control,1,1,1,1,96.02,1,1,1
U109857,2026-05-15,2026-05,treatment,1,0,0,0,0.0,1,1,1
U109858,2026-04-14,2026-04,treatment,1,0,0,0,0.0,0,0,0
U109859,2026-03-12,2026-03,control,1,1,0,0,0.0,1,1,1
U109860,2026-06-15,2026-06,treatment,1,0,0,0,0.0,0,0,0
U109861,2026-05-10,2026-05,treatment,1,0,0,0,0.0,0,0,0
U109862,2026-06-23,2026-06,treatment,1,0,0,0,0.0,0,0,0
U109863,2026-06-11,2026-06,treatment,1,1,1,0,0.0,1,1,1
U109864,2026-05-30,2026-05,treatment,1,0,0,0,0.0,1,1,1
U109865,2026-01-13,2026-01,treatment,1,0,0,0,0.0,0,0,0
U109866,2026-04-28,2026-04,treatment,1,0,0,0,0.0,0,0,0
U109867,2026-03-21,2026-03,control,1,1,1,0,0.0,0,0,0
U109868,2026-06-21,2026-06,control,1,1,1,0,0.0,1,1,1
U109869,2026-03-17,2026-03,control,1,0,0,0,0.0,0,0,0
U109870,2026-04-07,2026-04,treatment,1,0,0,0,0.0,1,1,1
U109871,2026-05-10,2026-05,treatment,1,0,0,0,0.0,0,0,0
U109872,2026-04-03,2026-04,control,1,0,0,0,0.0,1,1,1
U109873,2026-03-24,2026-03,control,1,0,0,0,0.0,1,1,1
U109874,2026-05-20,2026-05,control,1,0,0,0,0.0,0,0,0
U109875,2026-02-23,2026-02,control,1,1,1,1,48.3,0,0,0
U109876,2026-02-13,2026-02,treatment,1,1,1,1,49.3,1,1,1
U109877,2026-04-20,2026-04,treatment,1,0,0,0,0.0,0,0,0
U109878,2026-06-02,2026-06,treatment,1,0,0,0,0.0,0,0,0
U109879,2026-05-15,2026-05,control,1,0,0,0,0.0,0,0,0
U109880,2026-04-28,2026-04,treatment,1,1,1,1,96.39,0,0,0
U109881,2026-05-16,2026-05,treatment,1,0,0,0,0.0,1,1,1
U109882,2026-04-19,2026-04,treatment,1,0,0,0,0.0,1,1,1
U109883,2026-06-24,2026-06,treatment,1,0,0,0,0.0,1,1,1
U109884,2026-02-12,2026-02,control,1,0,0,0,0.0,0,0,0
U109885,2026-05-28,2026-05,control,1,1,1,1,30.22,0,0,0
U109886,2026-06-19,2026-06,treatment,1,0,0,0,0.0,1,1,1
U109887,2026-06-11,2026-06,treatment,1,0,0,0,0.0,0,0,0
U109888,2026-03-19,2026-03,treatment,1,0,0,0,0.0,0,0,0
U109889,2026-04-08,2026-04,control,1,1,0,0,0.0,1,1,1
U109890,2026-06-02,2026-06,treatment,1,0,0,0,0.0,1,1,1
U109891,2026-02-22,2026-02,control,1,0,0,0,0.0,0,0,0
U109892,2026-06-12,2026-06,treatment,1,1,1,0,0.0,1,1,1
U109893,2026-06-02,2026-06,treatment,1,1,1,1,52.43,1,1,1
U109894,2026-06-03,2026-06,treatment,1,1,0,0,0.0,1,1,1
U109895,2026-02-26,2026-02,treatment,1,0,0,0,0.0,1,1,1
U109896,2026-06-02,2026-06,control,1,1,1,0,0.0,0,0,0
U109897,2026-05-29,2026-05,control,1,1,1,0,0.0,1,1,1
U109898,2026-06-14,2026-06,control,1,1,0,0,0.0,1,1,1
U109899,2026-02-06,2026-02,control,1,0,0,0,0.0,0,0,0
U109900,2026-01-28,2026-01,treatment,1,0,0,0,0.0,1,1,1
U109901,2026-04-20,2026-04,control,1,1,0,0,0.0,0,0,0
U109902,2026-03-11,2026-03,treatment,1,1,1,0,0.0,1,1,1
U109903,2026-05-15,2026-05,control,1,1,1,1,58.0,0,0,0
U109904,2026-06-22,2026-06,treatment,1,1,0,0,0.0,0,0,0
U109905,2026-04-23,2026-04,treatment,1,0,0,0,0.0,1,1,1
U109906,2026-06-15,2026-06,control,1,0,0,0,0.0,1,1,1
U109907,2026-01-03,2026-01,control,1,1,1,0,0.0,0,0,0
U109908,2026-03-15,2026-03,control,1,1,0,0,0.0,1,1,1
U109909,2026-02-01,2026-02,treatment,1,1,0,0,0.0,0,0,0
U109910,2026-04-14,2026-04,treatment,1,1,1,1,36.97,1,1,1
U109911,2026-06-21,2026-06,control,1,0,0,0,0.0,0,0,0
U109912,2026-02-26,2026-02,treatment,1,0,0,0,0.0,1,1,1
U109913,2026-05-21,2026-05,control,1,1,1,1,93.85,0,0,0
U109914,2026-05-01,2026-05,treatment,1,0,0,0,0.0,1,1,1
U109915,2026-06-24,2026-06,control,1,1,1,0,0.0,0,0,0
U109916,2026-03-05,2026-03,treatment,1,1,1,1,36.96,1,1,1
U109917,2026-03-24,2026-03,treatment,1,0,0,0,0.0,0,0,0
U109918,2026-01-31,2026-01,treatment,1,1,1,1,51.71,1,1,1
U109919,2026-04-29,2026-04,control,1,0,0,0,0.0,1,1,1
U109920,2026-04-05,2026-04,control,1,1,0,0,0.0,0,0,0
U109921,2026-06-17,2026-06,treatment,1,0,0,0,0.0,0,0,0
U109922,2026-05-21,2026-05,control,1,1,0,0,0.0,0,0,0
U109923,2026-05-22,2026-05,control,1,1,1,1,102.4,0,0,0
U109924,2026-05-12,2026-05,treatment,1,0,0,0,0.0,0,0,0
U109925,2026-02-24,2026-02,control,1,1,0,0,0.0,1,1,1
U109926,2026-05-01,2026-05,control,1,1,1,0,0.0,0,0,0
U109927,2026-06-29,2026-06,treatment,1,1,1,0,0.0,1,1,1
U109928,2026-06-14,2026-06,control,1,1,0,0,0.0,0,0,0
U109929,2026-06-20,2026-06,control,1,0,0,0,0.0,0,0,0
U109930,2026-06-13,2026-06,treatment,1,0,0,0,0.0,0,0,0
U109931,2026-02-27,2026-02,treatment,1,0,0,0,0.0,1,1,1
U109932,2026-03-27,2026-03,control,1,1,1,0,0.0,0,0,0
U109933,2026-01-11,2026-01,treatment,1,0,0,0,0.0,1,1,1
U109934,2026-04-10,2026-04,treatment,1,0,0,0,0.0,1,1,1
U109935,2026-03-01,2026-03,control,1,0,0,0,0.0,0,0,0
U109936,2026-05-04,2026-05,control,1,0,0,0,0.0,0,0,0
U109937,2026-05-29,2026-05,control,1,1,0,0,0.0,0,0,0
U109938,2026-06-18,2026-06,treatment,1,0,0,0,0.0,0,0,0
U109939,2026-06-05,2026-06,treatment,1,1,1,1,46.93,1,1,1
U109940,2026-06-24,2026-06,control,1,0,0,0,0.0,0,0,0
U109941,2026-02-11,2026-02,treatment,1,1,0,0,0.0,0,0,0
U109942,2026-01-20,2026-01,treatment,1,0,0,0,0.0,0,0,0
U109943,2026-05-27,2026-05,control,1,0,0,0,0.0,1,1,1
U109944,2026-04-07,2026-04,treatment,1,0,0,0,0.0,0,0,0
U109945,2026-04-01,2026-04,control,1,0,0,0,0.0,0,0,0
U109946,2026-04-14,2026-04,treatment,1,0,0,0,0.0,0,0,0
U109947,2026-04-04,2026-04,treatment,1,0,0,0,0.0,1,1,1
U109948,2026-05-09,2026-05,treatment,1,0,0,0,0.0,0,0,0
U109949,2026-04-30,2026-04,treatment,1,0,0,0,0.0,1,1,1
U109950,2026-05-09,2026-05,treatment,1,1,0,0,0.0,0,0,0
U109951,2026-05-28,2026-05,treatment,1,0,0,0,0.0,0,0,0
U109952,2026-04-22,2026-04,treatment,1,1,0,0,0.0,1,1,1
U109953,2026-04-01,2026-04,treatment,1,1,1,1,29.75,0,0,0
U109954,2026-03-15,2026-03,treatment,1,0,0,0,0.0,0,0,0
U109955,2026-04-17,2026-04,control,1,0,0,0,0.0,0,0,0
U109956,2026-06-05,2026-06,treatment,1,0,0,0,0.0,0,0,0
U109957,2026-06-06,2026-06,treatment,1,0,0,0,0.0,0,0,0
U109958,2026-05-27,2026-05,treatment,1,1,1,0,0.0,1,1,1
U109959,2026-03-29,2026-03,treatment,1,0,0,0,0.0,1,1,1
U109960,2026-05-19,2026-05,control,1,0,0,0,0.0,0,0,0
U109961,2026-05-16,2026-05,control,1,0,0,0,0.0,1,1,1
U109962,2026-05-06,2026-05,control,1,1,0,0,0.0,0,0,0
U109963,2026-05-14,2026-05,treatment,1,1,0,0,0.0,0,0,0
U109964,2026-05-07,2026-05,treatment,1,1,1,0,0.0,0,0,0
U109965,2026-05-16,2026-05,treatment,1,1,1,0,0.0,0,0,0
U109966,2026-06-02,2026-06,control,1,0,0,0,0.0,0,0,0
U109967,2026-03-01,2026-03,treatment,1,0,0,0,0.0,1,1,1
U109968,2026-06-05,2026-06,treatment,1,0,0,0,0.0,0,0,0
U109969,2026-03-08,2026-03,treatment,1,0,0,0,0.0,0,0,0
U109970,2026-02-16,2026-02,control,1,0,0,0,0.0,1,1,1
U109971,2026-06-27,2026-06,treatment,1,0,0,0,0.0,0,0,0
U109972,2026-06-26,2026-06,treatment,1,0,0,0,0.0,0,0,0
U109973,2026-02-14,2026-02,treatment,1,0,0,0,0.0,1,1,1
U109974,2026-04-30,2026-04,treatment,1,1,1,0,0.0,0,0,0
U109975,2026-03-19,2026-03,treatment,1,1,0,0,0.0,0,0,0
U109976,2026-05-06,2026-05,control,1,0,0,0,0.0,0,0,0
U109977,2026-06-14,2026-06,control,1,0,0,0,0.0,0,0,0
U109978,2026-06-25,2026-06,treatment,1,0,0,0,0.0,0,0,0
U109979,2026-05-24,2026-05,control,1,1,0,0,0.0,0,0,0
U109980,2026-04-18,2026-04,control,1,1,1,1,37.02,0,0,0
U109981,2026-05-20,2026-05,control,1,0,0,0,0.0,1,1,1
U109982,2026-04-11,2026-04,treatment,1,0,0,0,0.0,1,1,1
U109983,2026-06-21,2026-06,treatment,1,0,0,0,0.0,0,0,0
U109984,2026-06-17,2026-06,control,1,0,0,0,0.0,0,0,0
U109985,2026-05-15,2026-05,treatment,1,1,0,0,0.0,1,1,1
U109986,2026-04-13,2026-04,treatment,1,0,0,0,0.0,0,0,0
U109987,2026-04-08,2026-04,control,1,1,0,0,0.0,1,1,1
U109988,2026-02-02,2026-02,control,1,0,0,0,0.0,0,0,0
U109989,2026-06-12,2026-06,treatment,1,1,1,0,0.0,0,0,0
U109990,2026-05-01,2026-05,treatment,1,0,0,0,0.0,0,0,0
U109991,2026-04-13,2026-04,control,1,0,0,0,0.0,1,1,1
U109992,2026-05-04,2026-05,control,1,1,0,0,0.0,0,0,0
U109993,2026-06-12,2026-06,control,1,1,0,0,0.0,0,0,0
U109994,2026-03-05,2026-03,control,1,1,1,0,0.0,0,0,0
U109995,2026-06-16,2026-06,control,1,1,0,0,0.0,0,0,0
U109996,2026-06-20,2026-06,treatment,1,1,1,1,43.96,0,0,0
U109997,2026-06-25,2026-06,treatment,1,0,0,0,0.0,1,1,1
U109998,2026-04-24,2026-04,treatment,1,1,0,0,0.0,0,0,0
U109999,2026-03-25,2026-03,control,1,1,0,0,0.0,0,0,0
U110000,2026-04-21,2026-04,treatment,1,0,0,0,0.0,0,0,0
U110001,2026-04-14,2026-04,control,1,0,0,0,0.0,0,0,0
U110002,2026-03-17,2026-03,control,1,1,1,1,45.17,1,1,1
U110003,2026-05-21,2026-05,treatment,1,1,1,1,46.23,0,0,0
U110004,2026-05-05,2026-05,treatment,1,0,0,0,0.0,1,1,1
U110005,2026-06-17,2026-06,control,1,1,1,1,53.31,0,0,0
U110006,2026-02-02,2026-02,treatment,1,1,1,0,0.0,0,0,0
U110007,2026-05-25,2026-05,treatment,1,0,0,0,0.0,0,0,0
U110008,2026-06-07,2026-06,treatment,1,1,1,0,0.0,1,1,1
U110009,2026-06-06,2026-06,treatment,1,0,0,0,0.0,1,1,1
U110010,2026-06-19,2026-06,treatment,1,0,0,0,0.0,0,0,0
U110011,2026-06-03,2026-06,treatment,1,0,0,0,0.0,0,0,0
U110012,2026-06-23,2026-06,treatment,1,1,1,1,70.94,1,1,1
U110013,2026-04-14,2026-04,control,1,0,0,0,0.0,0,0,0
U110014,2026-05-08,2026-05,control,1,1,0,0,0.0,0,0,0
U110015,2026-01-22,2026-01,treatment,1,0,0,0,0.0,0,0,0
U110016,2026-01-16,2026-01,treatment,1,1,0,0,0.0,0,0,0
U110017,2026-03-30,2026-03,control,1,1,1,1,56.94,0,0,0
U110018,2026-02-27,2026-02,treatment,1,1,0,0,0.0,0,0,0
U110019,2026-04-02,2026-04,control,1,1,0,0,0.0,1,1,1
U110020,2026-03-17,2026-03,treatment,1,1,1,0,0.0,0,0,0
U110021,2026-01-31,2026-01,control,1,0,0,0,0.0,1,1,1
U110022,2026-06-21,2026-06,control,1,0,0,0,0.0,1,1,1
U110023,2026-01-17,2026-01,treatment,1,0,0,0,0.0,0,0,0
U110024,2026-06-04,2026-06,control,1,1,1,0,0.0,1,1,1
U110025,2026-03-12,2026-03,control,1,0,0,0,0.0,1,1,1
U110026,2026-06-21,2026-06,treatment,1,0,0,0,0.0,1,1,1
U110027,2026-06-20,2026-06,treatment,1,1,1,0,0.0,0,0,0
U110028,2026-05-26,2026-05,treatment,1,1,1,1,42.0,1,1,1
U110029,2026-05-28,2026-05,treatment,1,1,0,0,0.0,1,1,1
U110030,2026-01-14,2026-01,control,1,0,0,0,0.0,0,0,0
U110031,2026-06-28,2026-06,treatment,1,0,0,0,0.0,0,0,0
U110032,2026-06-18,2026-06,treatment,1,0,0,0,0.0,1,1,1
U110033,2026-06-20,2026-06,treatment,1,0,0,0,0.0,0,0,0
U110034,2026-05-27,2026-05,treatment,1,0,0,0,0.0,1,1,1
U110035,2026-04-16,2026-04,treatment,1,0,0,0,0.0,1,1,1
U110036,2026-06-20,2026-06,treatment,1,0,0,0,0.0,0,0,0
U110037,2026-04-08,2026-04,control,1,0,0,0,0.0,1,1,1
U110038,2026-05-16,2026-05,control,1,0,0,0,0.0,0,0,0
U110039,2026-02-26,2026-02,treatment,1,0,0,0,0.0,0,0,0
U110040,2026-06-22,2026-06,treatment,1,1,0,0,0.0,1,1,1
U110041,2026-03-09,2026-03,treatment,1,1,1,0,0.0,0,0,0
U110042,2026-03-27,2026-03,treatment,1,1,1,0,0.0,0,0,0
U110043,2026-05-15,2026-05,control,1,0,0,0,0.0,1,1,1
U110044,2026-06-07,2026-06,treatment,1,1,0,0,0.0,0,0,0
U110045,2026-05-22,2026-05,control,1,1,1,1,39.29,1,1,1
U110046,2026-03-28,2026-03,control,1,0,0,0,0.0,1,1,1
U110047,2026-01-06,2026-01,control,1,0,0,0,0.0,0,0,0
U110048,2026-06-06,2026-06,treatment,1,0,0,0,0.0,0,0,0
U110049,2026-06-28,2026-06,control,1,1,1,0,0.0,0,0,0
U110050,2026-06-11,2026-06,treatment,1,0,0,0,0.0,1,1,1
U110051,2026-05-03,2026-05,control,1,1,0,0,0.0,0,0,0
U110052,2026-06-21,2026-06,control,1,0,0,0,0.0,0,0,0
U110053,2026-04-26,2026-04,treatment,1,1,1,1,78.4,0,0,0
U110054,2026-05-11,2026-05,treatment,1,1,1,0,0.0,1,1,1
U110055,2026-05-05,2026-05,control,1,1,0,0,0.0,0,0,0
U110056,2026-05-01,2026-05,control,1,0,0,0,0.0,0,0,0
U110057,2026-06-08,2026-06,treatment,1,0,0,0,0.0,0,0,0
U110058,2026-05-11,2026-05,control,1,1,0,0,0.0,1,1,1
U110059,2026-04-12,2026-04,treatment,1,1,1,1,80.0,0,0,0
U110060,2026-04-02,2026-04,control,1,0,0,0,0.0,1,1,1
U110061,2026-02-04,2026-02,control,1,1,0,0,0.0,0,0,0
U110062,2026-05-18,2026-05,control,1,0,0,0,0.0,0,0,0
U110063,2026-03-28,2026-03,treatment,1,0,0,0,0.0,0,0,0
U110064,2026-03-11,2026-03,treatment,1,0,0,0,0.0,0,0,0
U110065,2026-05-26,2026-05,control,1,1,1,1,14.48,0,0,0
U110066,2026-05-29,2026-05,treatment,1,0,0,0,0.0,0,0,0
U110067,2026-06-06,2026-06,treatment,1,1,1,1,32.24,0,0,0
U110068,2026-05-08,2026-05,treatment,1,0,0,0,0.0,1,1,1
U110069,2026-06-20,2026-06,control,1,1,1,1,32.76,1,1,1
U110070,2026-06-24,2026-06,control,1,1,1,1,34.99,0,0,0
U110071,2026-06-11,2026-06,treatment,1,0,0,0,0.0,0,0,0
U110072,2026-05-24,2026-05,control,1,0,0,0,0.0,0,0,0
U110073,2026-04-10,2026-04,control,1,1,1,1,87.77,1,1,1
U110074,2026-06-28,2026-06,treatment,1,1,0,0,0.0,0,0,0
U110075,2026-04-05,2026-04,control,1,0,0,0,0.0,0,0,0
U110076,2026-03-23,2026-03,control,1,0,0,0,0.0,0,0,0
U110077,2026-04-30,2026-04,control,1,0,0,0,0.0,1,1,1
U110078,2026-02-12,2026-02,treatment,1,0,0,0,0.0,1,1,1
U110079,2026-06-28,2026-06,control,1,0,0,0,0.0,0,0,0
U110080,2026-05-19,2026-05,treatment,1,1,0,0,0.0,0,0,0
U110081,2026-05-15,2026-05,treatment,1,0,0,0,0.0,1,1,1
U110082,2026-05-26,2026-05,treatment,1,0,0,0,0.0,0,0,0
U110083,2026-05-07,2026-05,control,1,1,0,0,0.0,0,0,0
U110084,2026-02-02,2026-02,control,1,0,0,0,0.0,0,0,0
U110085,2026-05-21,2026-05,treatment,1,1,1,1,46.27,0,0,0
U110086,2026-06-02,2026-06,control,1,1,1,1,43.81,0,0,0
U110087,2026-04-27,2026-04,treatment,1,0,0,0,0.0,0,0,0
U110088,2026-06-06,2026-06,control,1,0,0,0,0.0,0,0,0
U110089,2026-03-27,2026-03,treatment,1,0,0,0,0.0,0,0,0
U110090,2026-03-26,2026-03,control,1,0,0,0,0.0,0,0,0
U110091,2026-03-14,2026-03,treatment,1,0,0,0,0.0,1,1,1
U110092,2026-04-20,2026-04,control,1,1,1,1,113.17,0,0,0
U110093,2026-06-15,2026-06,control,1,0,0,0,0.0,0,0,0
U110094,2026-06-13,2026-06,treatment,1,1,1,1,80.73,0,0,0
U110095,2026-04-22,2026-04,treatment,1,0,0,0,0.0,1,1,1
U110096,2026-05-19,2026-05,treatment,1,1,1,1,46.59,1,1,1
U110097,2026-06-02,2026-06,treatment,1,1,0,0,0.0,1,1,1
U110098,2026-03-30,2026-03,treatment,1,1,0,0,0.0,0,0,0
U110099,2026-03-15,2026-03,control,1,0,0,0,0.0,0,0,0
U110100,2026-06-27,2026-06,control,1,0,0,0,0.0,0,0,0
U110101,2026-05-22,2026-05,treatment,1,1,1,1,75.83,0,0,0
U110102,2026-06-28,2026-06,control,1,1,0,0,0.0,0,0,0
U110103,2026-04-15,2026-04,treatment,1,1,1,1,77.22,1,1,1
U110104,2026-05-31,2026-05,control,1,0,0,0,0.0,0,0,0
U110105,2026-03-26,2026-03,control,1,1,1,1,64.13,0,0,0
U110106,2026-04-02,2026-04,control,1,1,1,0,0.0,0,0,0
U110107,2026-05-09,2026-05,treatment,1,1,1,0,0.0,0,0,0
U110108,2026-04-12,2026-04,treatment,1,0,0,0,0.0,0,0,0
U110109,2026-03-15,2026-03,control,1,1,1,1,183.8,0,0,0
U110110,2026-04-03,2026-04,control,1,0,0,0,0.0,1,1,1
U110111,2026-02-04,2026-02,treatment,1,1,1,1,127.45,1,1,1
U110112,2026-06-01,2026-06,control,1,1,1,1,109.47,1,1,1
U110113,2026-05-07,2026-05,treatment,1,0,0,0,0.0,1,1,1
U110114,2026-02-25,2026-02,treatment,1,1,1,1,101.35,1,1,1
U110115,2026-03-16,2026-03,treatment,1,0,0,0,0.0,1,1,1
U110116,2026-02-27,2026-02,treatment,1,1,0,0,0.0,0,0,0
U110117,2026-05-21,2026-05,control,1,0,0,0,0.0,0,0,0
U110118,2026-02-25,2026-02,treatment,1,0,0,0,0.0,1,1,1
U110119,2026-06-06,2026-06,treatment,1,1,1,1,20.04,0,0,0
U110120,2026-01-26,2026-01,treatment,1,0,0,0,0.0,1,1,1
U110121,2026-03-31,2026-03,control,1,1,1,0,0.0,1,1,1
U110122,2026-06-19,2026-06,treatment,1,0,0,0,0.0,0,0,0
U110123,2026-06-02,2026-06,treatment,1,0,0,0,0.0,1,1,1
U110124,2026-02-18,2026-02,treatment,1,1,1,1,47.66,0,0,0
U110125,2026-06-13,2026-06,control,1,0,0,0,0.0,1,1,1
U110126,2026-05-07,2026-05,control,1,1,1,0,0.0,1,1,1
U110127,2026-06-15,2026-06,treatment,1,0,0,0,0.0,0,0,0
U110128,2026-05-20,2026-05,treatment,1,0,0,0,0.0,0,0,0
U110129,2026-05-29,2026-05,control,1,0,0,0,0.0,0,0,0
U110130,2026-06-29,2026-06,treatment,1,1,1,0,0.0,0,0,0
U110131,2026-03-28,2026-03,control,1,0,0,0,0.0,0,0,0
U110132,2026-05-23,2026-05,control,1,0,0,0,0.0,0,0,0
U110133,2026-05-03,2026-05,control,1,1,0,0,0.0,0,0,0
U110134,2026-02-05,2026-02,control,1,0,0,0,0.0,1,1,1
U110135,2026-01-22,2026-01,control,1,0,0,0,0.0,1,1,1
U110136,2026-03-04,2026-03,control,1,0,0,0,0.0,1,1,1
U110137,2026-05-26,2026-05,control,1,0,0,0,0.0,0,0,0
U110138,2026-05-16,2026-05,treatment,1,0,0,0,0.0,1,1,1
U110139,2026-05-14,2026-05,treatment,1,0,0,0,0.0,1,1,1
U110140,2026-02-02,2026-02,treatment,1,0,0,0,0.0,1,1,1
U110141,2026-05-04,2026-05,control,1,0,0,0,0.0,1,1,1
U110142,2026-06-23,2026-06,control,1,0,0,0,0.0,0,0,0
U110143,2026-04-24,2026-04,treatment,1,1,0,0,0.0,0,0,0
U110144,2026-05-23,2026-05,treatment,1,1,1,1,28.1,1,1,1
U110145,2026-06-08,2026-06,control,1,0,0,0,0.0,0,0,0
U110146,2026-06-09,2026-06,control,1,1,0,0,0.0,0,0,0
U110147,2026-05-10,2026-05,treatment,1,1,0,0,0.0,0,0,0
U110148,2026-06-16,2026-06,treatment,1,1,1,1,27.59,1,1,1
U110149,2026-04-23,2026-04,control,1,0,0,0,0.0,1,1,1
U110150,2026-06-19,2026-06,treatment,1,1,1,1,56.25,0,0,0
U110151,2026-03-30,2026-03,treatment,1,0,0,0,0.0,0,0,0
U110152,2026-04-06,2026-04,treatment,1,1,0,0,0.0,0,0,0
U110153,2026-02-11,2026-02,control,1,0,0,0,0.0,1,1,1
U110154,2026-06-10,2026-06,treatment,1,0,0,0,0.0,0,0,0
U110155,2026-04-27,2026-04,control,1,0,0,0,0.0,0,0,0
U110156,2026-03-28,2026-03,treatment,1,1,1,1,60.63,0,0,0
U110157,2026-03-28,2026-03,treatment,1,0,0,0,0.0,1,1,1
U110158,2026-06-20,2026-06,control,1,0,0,0,0.0,0,0,0
U110159,2026-06-14,2026-06,treatment,1,0,0,0,0.0,1,1,1
U110160,2026-05-14,2026-05,control,1,1,1,0,0.0,0,0,0
U110161,2026-05-22,2026-05,control,1,1,1,1,28.14,0,0,0
U110162,2026-05-04,2026-05,control,1,0,0,0,0.0,0,0,0
U110163,2026-04-23,2026-04,treatment,1,0,0,0,0.0,0,0,0
U110164,2026-06-22,2026-06,control,1,0,0,0,0.0,0,0,0
U110165,2026-03-05,2026-03,treatment,1,0,0,0,0.0,1,1,1
U110166,2026-04-27,2026-04,control,1,0,0,0,0.0,0,0,0
U110167,2026-04-16,2026-04,control,1,0,0,0,0.0,1,1,1
U110168,2026-05-08,2026-05,control,1,1,1,0,0.0,0,0,0
U110169,2026-05-02,2026-05,treatment,1,0,0,0,0.0,1,1,1
U110170,2026-05-10,2026-05,control,1,0,0,0,0.0,1,1,1
U110171,2026-03-09,2026-03,control,1,0,0,0,0.0,0,0,0
U110172,2026-05-09,2026-05,control,1,0,0,0,0.0,1,1,1
U110173,2026-03-30,2026-03,control,1,1,0,0,0.0,0,0,0
U110174,2026-03-19,2026-03,treatment,1,0,0,0,0.0,0,0,0
U110175,2026-02-15,2026-02,treatment,1,0,0,0,0.0,0,0,0
U110176,2026-06-07,2026-06,control,1,1,1,1,27.18,1,1,1
U110177,2026-04-28,2026-04,control,1,0,0,0,0.0,0,0,0
U110178,2026-05-23,2026-05,treatment,1,0,0,0,0.0,0,0,0
U110179,2026-06-03,2026-06,control,1,0,0,0,0.0,0,0,0
U110180,2026-05-29,2026-05,treatment,1,0,0,0,0.0,0,0,0
U110181,2026-05-04,2026-05,control,1,0,0,0,0.0,0,0,0
U110182,2026-04-23,2026-04,control,1,1,1,0,0.0,0,0,0
U110183,2026-04-21,2026-04,treatment,1,0,0,0,0.0,1,1,1
U110184,2026-05-25,2026-05,treatment,1,0,0,0,0.0,0,0,0
U110185,2026-05-07,2026-05,control,1,1,0,0,0.0,0,0,0
U110186,2026-06-15,2026-06,control,1,0,0,0,0.0,0,0,0
U110187,2026-06-18,2026-06,control,1,1,0,0,0.0,0,0,0
U110188,2026-03-16,2026-03,treatment,1,0,0,0,0.0,1,1,1
U110189,2026-03-08,2026-03,treatment,1,1,1,0,0.0,0,0,0
U110190,2026-05-23,2026-05,control,1,1,0,0,0.0,0,0,0
U110191,2026-04-09,2026-04,control,1,1,1,1,24.07,1,1,1
U110192,2026-01-25,2026-01,control,1,0,0,0,0.0,0,0,0
U110193,2026-06-19,2026-06,control,1,0,0,0,0.0,0,0,0
U110194,2026-03-27,2026-03,control,1,0,0,0,0.0,0,0,0
U110195,2026-06-23,2026-06,treatment,1,1,0,0,0.0,1,1,1
U110196,2026-06-02,2026-06,control,1,0,0,0,0.0,0,0,0
U110197,2026-06-07,2026-06,control,1,1,0,0,0.0,0,0,0
U110198,2026-03-22,2026-03,treatment,1,0,0,0,0.0,0,0,0
U110199,2026-03-29,2026-03,control,1,0,0,0,0.0,0,0,0
U110200,2026-05-10,2026-05,control,1,0,0,0,0.0,0,0,0
U110201,2026-03-16,2026-03,control,1,0,0,0,0.0,0,0,0
U110202,2026-04-10,2026-04,control,1,1,0,0,0.0,0,0,0
U110203,2026-04-13,2026-04,treatment,1,0,0,0,0.0,0,0,0
U110204,2026-03-13,2026-03,treatment,1,1,1,1,29.16,1,1,1
U110205,2026-03-23,2026-03,control,1,0,0,0,0.0,0,0,0
U110206,2026-06-09,2026-06,control,1,1,0,0,0.0,0,0,0
U110207,2026-03-15,2026-03,control,1,1,0,0,0.0,0,0,0
U110208,2026-01-31,2026-01,treatment,1,0,0,0,0.0,0,0,0
U110209,2026-05-23,2026-05,treatment,1,0,0,0,0.0,0,0,0
U110210,2026-06-27,2026-06,control,1,0,0,0,0.0,0,0,0
U110211,2026-04-14,2026-04,control,1,0,0,0,0.0,0,0,0
U110212,2026-03-04,2026-03,control,1,1,1,0,0.0,1,1,1
U110213,2026-05-16,2026-05,treatment,1,1,1,1,26.58,1,1,1
U110214,2026-06-21,2026-06,treatment,1,1,1,1,97.51,0,0,0
U110215,2026-06-09,2026-06,treatment,1,1,1,1,59.6,0,0,0
U110216,2026-05-23,2026-05,control,1,0,0,0,0.0,0,0,0
U110217,2026-04-12,2026-04,treatment,1,0,0,0,0.0,0,0,0
U110218,2026-05-13,2026-05,treatment,1,1,0,0,0.0,0,0,0
U110219,2026-02-24,2026-02,treatment,1,0,0,0,0.0,0,0,0
U110220,2026-05-29,2026-05,control,1,1,1,0,0.0,0,0,0
U110221,2026-06-03,2026-06,treatment,1,1,1,1,28.36,0,0,0
U110222,2026-06-26,2026-06,control,1,0,0,0,0.0,0,0,0
U110223,2026-04-02,2026-04,treatment,1,0,0,0,0.0,1,1,1
U110224,2026-01-25,2026-01,control,1,1,0,0,0.0,0,0,0
U110225,2026-05-13,2026-05,treatment,1,0,0,0,0.0,0,0,0
U110226,2026-06-01,2026-06,treatment,1,1,1,0,0.0,0,0,0
U110227,2026-06-10,2026-06,control,1,0,0,0,0.0,0,0,0
U110228,2026-03-21,2026-03,treatment,1,0,0,0,0.0,0,0,0
U110229,2026-04-03,2026-04,control,1,0,0,0,0.0,1,1,1
U110230,2026-05-09,2026-05,control,1,1,0,0,0.0,0,0,0
U110231,2026-04-14,2026-04,control,1,0,0,0,0.0,1,1,1
U110232,2026-06-16,2026-06,control,1,0,0,0,0.0,0,0,0
U110233,2026-05-04,2026-05,treatment,1,0,0,0,0.0,0,0,0
U110234,2026-06-10,2026-06,control,1,0,0,0,0.0,1,1,1
U110235,2026-05-18,2026-05,treatment,1,0,0,0,0.0,0,0,0
U110236,2026-06-08,2026-06,treatment,1,0,0,0,0.0,1,1,1
U110237,2026-04-14,2026-04,treatment,1,0,0,0,0.0,1,1,1
U110238,2026-06-14,2026-06,treatment,1,0,0,0,0.0,0,0,0
U110239,2026-04-05,2026-04,control,1,0,0,0,0.0,1,1,1
U110240,2026-05-14,2026-05,treatment,1,0,0,0,0.0,0,0,0
U110241,2026-03-25,2026-03,control,1,0,0,0,0.0,0,0,0
U110242,2026-05-05,2026-05,treatment,1,0,0,0,0.0,0,0,0
U110243,2026-04-12,2026-04,treatment,1,0,0,0,0.0,0,0,0
U110244,2026-04-03,2026-04,treatment,1,1,1,1,88.18,1,1,1
U110245,2026-06-27,2026-06,control,1,0,0,0,0.0,1,1,1
U110246,2026-03-14,2026-03,treatment,1,1,1,1,57.39,0,0,0
U110247,2026-06-09,2026-06,treatment,1,0,0,0,0.0,0,0,0
U110248,2026-06-28,2026-06,treatment,1,1,1,1,87.51,0,0,0
U110249,2026-01-26,2026-01,control,1,1,0,0,0.0,1,1,1
U110250,2026-05-31,2026-05,treatment,1,0,0,0,0.0,1,1,1
U110251,2026-04-01,2026-04,control,1,1,0,0,0.0,1,1,1
U110252,2026-02-06,2026-02,treatment,1,0,0,0,0.0,0,0,0
U110253,2026-04-25,2026-04,treatment,1,0,0,0,0.0,0,0,0
U110254,2026-06-24,2026-06,control,1,0,0,0,0.0,0,0,0
U110255,2026-01-20,2026-01,control,1,0,0,0,0.0,0,0,0
U110256,2026-05-19,2026-05,treatment,1,0,0,0,0.0,0,0,0
U110257,2026-05-08,2026-05,control,1,0,0,0,0.0,1,1,1
U110258,2026-06-18,2026-06,control,1,0,0,0,0.0,0,0,0
U110259,2026-02-22,2026-02,treatment,1,1,0,0,0.0,0,0,0
U110260,2026-05-29,2026-05,treatment,1,0,0,0,0.0,1,1,1
U110261,2026-05-29,2026-05,treatment,1,0,0,0,0.0,1,1,1
U110262,2026-05-28,2026-05,control,1,0,0,0,0.0,1,1,1
U110263,2026-06-24,2026-06,control,1,0,0,0,0.0,0,0,0
U110264,2026-06-13,2026-06,treatment,1,0,0,0,0.0,1,1,1
U110265,2026-02-06,2026-02,treatment,1,0,0,0,0.0,1,1,1
U110266,2026-05-04,2026-05,treatment,1,0,0,0,0.0,0,0,0
U110267,2026-04-24,2026-04,treatment,1,0,0,0,0.0,1,1,1
U110268,2026-04-11,2026-04,control,1,1,1,1,55.77,0,0,0
U110269,2026-05-01,2026-05,control,1,0,0,0,0.0,1,1,1
U110270,2026-04-22,2026-04,treatment,1,0,0,0,0.0,0,0,0
U110271,2026-04-29,2026-04,treatment,1,0,0,0,0.0,0,0,0
U110272,2026-06-28,2026-06,treatment,1,1,1,1,36.3,0,0,0
U110273,2026-02-23,2026-02,treatment,1,1,1,0,0.0,1,1,1
U110274,2026-06-22,2026-06,treatment,1,0,0,0,0.0,0,0,0
U110275,2026-05-05,2026-05,treatment,1,0,0,0,0.0,0,0,0
U110276,2026-05-23,2026-05,control,1,0,0,0,0.0,0,0,0
U110277,2026-06-14,2026-06,treatment,1,0,0,0,0.0,0,0,0
U110278,2026-04-19,2026-04,treatment,1,1,0,0,0.0,0,0,0
U110279,2026-04-29,2026-04,control,1,0,0,0,0.0,1,1,1
U110280,2026-04-26,2026-04,treatment,1,0,0,0,0.0,0,0,0
U110281,2026-04-21,2026-04,control,1,0,0,0,0.0,0,0,0
U110282,2026-06-23,2026-06,treatment,1,1,0,0,0.0,1,1,1
U110283,2026-06-13,2026-06,control,1,0,0,0,0.0,0,0,0
U110284,2026-03-01,2026-03,treatment,1,1,1,0,0.0,1,1,1
U110285,2026-03-01,2026-03,treatment,1,0,0,0,0.0,1,1,1
U110286,2026-04-28,2026-04,treatment,1,1,0,0,0.0,0,0,0
U110287,2026-02-26,2026-02,treatment,1,0,0,0,0.0,1,1,1
U110288,2026-05-22,2026-05,treatment,1,0,0,0,0.0,1,1,1
U110289,2026-03-10,2026-03,control,1,1,1,1,84.78,0,0,0
U110290,2026-05-11,2026-05,control,1,1,1,0,0.0,0,0,0
U110291,2026-01-16,2026-01,treatment,1,0,0,0,0.0,1,1,1
U110292,2026-04-12,2026-04,control,1,1,1,0,0.0,0,0,0
U110293,2026-05-29,2026-05,control,1,1,0,0,0.0,0,0,0
U110294,2026-05-06,2026-05,control,1,0,0,0,0.0,0,0,0
U110295,2026-06-28,2026-06,control,1,1,0,0,0.0,0,0,0
U110296,2026-06-18,2026-06,treatment,1,0,0,0,0.0,0,0,0
U110297,2026-04-18,2026-04,treatment,1,1,0,0,0.0,0,0,0
U110298,2026-02-08,2026-02,control,1,0,0,0,0.0,0,0,0
U110299,2026-06-15,2026-06,treatment,1,0,0,0,0.0,0,0,0
U110300,2026-06-21,2026-06,control,1,1,1,1,75.65,0,0,0
U110301,2026-06-13,2026-06,treatment,1,0,0,0,0.0,0,0,0
U110302,2026-03-06,2026-03,control,1,0,0,0,0.0,0,0,0
U110303,2026-06-29,2026-06,treatment,1,1,0,0,0.0,0,0,0
U110304,2026-04-02,2026-04,control,1,1,1,1,35.63,0,0,0
U110305,2026-06-03,2026-06,control,1,0,0,0,0.0,1,1,1
U110306,2026-06-21,2026-06,treatment,1,0,0,0,0.0,1,1,1
U110307,2026-03-29,2026-03,control,1,1,0,0,0.0,0,0,0
U110308,2026-06-21,2026-06,treatment,1,0,0,0,0.0,1,1,1
U110309,2026-04-11,2026-04,treatment,1,0,0,0,0.0,0,0,0
U110310,2026-06-27,2026-06,control,1,0,0,0,0.0,1,1,1
U110311,2026-04-06,2026-04,treatment,1,1,1,1,24.69,1,1,1
U110312,2026-06-25,2026-06,control,1,0,0,0,0.0,1,1,1
U110313,2026-02-11,2026-02,treatment,1,1,1,0,0.0,0,0,0
U110314,2026-06-01,2026-06,treatment,1,1,1,0,0.0,0,0,0
U110315,2026-05-12,2026-05,control,1,0,0,0,0.0,0,0,0
U110316,2026-05-05,2026-05,treatment,1,0,0,0,0.0,0,0,0
U110317,2026-03-27,2026-03,control,1,0,0,0,0.0,1,1,1
U110318,2026-06-01,2026-06,treatment,1,0,0,0,0.0,1,1,1
U110319,2026-03-20,2026-03,control,1,0,0,0,0.0,0,0,0
U110320,2026-05-14,2026-05,control,1,1,1,0,0.0,0,0,0
U110321,2026-04-01,2026-04,treatment,1,0,0,0,0.0,0,0,0
U110322,2026-06-25,2026-06,control,1,1,1,0,0.0,1,1,1
U110323,2026-01-31,2026-01,treatment,1,1,0,0,0.0,1,1,1
U110324,2026-03-22,2026-03,treatment,1,0,0,0,0.0,1,1,1
U110325,2026-03-30,2026-03,treatment,1,0,0,0,0.0,1,1,1
U110326,2026-04-26,2026-04,treatment,1,1,1,1,79.22,0,0,0
U110327,2026-03-28,2026-03,treatment,1,1,1,0,0.0,0,0,0
U110328,2026-05-07,2026-05,control,1,1,0,0,0.0,0,0,0
U110329,2026-06-18,2026-06,treatment,1,0,0,0,0.0,1,1,1
U110330,2026-06-01,2026-06,treatment,1,1,1,0,0.0,0,0,0
U110331,2026-05-18,2026-05,control,1,0,0,0,0.0,1,1,1
U110332,2026-02-23,2026-02,control,1,0,0,0,0.0,0,0,0
U110333,2026-05-30,2026-05,treatment,1,0,0,0,0.0,1,1,1
U110334,2026-03-15,2026-03,treatment,1,0,0,0,0.0,1,1,1
U110335,2026-06-09,2026-06,treatment,1,1,1,1,59.56,0,0,0
U110336,2026-04-01,2026-04,treatment,1,0,0,0,0.0,1,1,1
U110337,2026-04-27,2026-04,control,1,1,0,0,0.0,1,1,1
U110338,2026-04-17,2026-04,treatment,1,0,0,0,0.0,0,0,0
U110339,2026-06-16,2026-06,treatment,1,1,1,1,23.49,1,1,1
U110340,2026-03-06,2026-03,control,1,0,0,0,0.0,0,0,0
U110341,2026-05-16,2026-05,control,1,1,1,1,87.32,0,0,0
U110342,2026-03-09,2026-03,control,1,0,0,0,0.0,0,0,0
U110343,2026-06-01,2026-06,treatment,1,0,0,0,0.0,0,0,0
U110344,2026-06-21,2026-06,control,1,1,1,0,0.0,0,0,0
U110345,2026-04-29,2026-04,control,1,0,0,0,0.0,0,0,0
U110346,2026-05-06,2026-05,control,1,0,0,0,0.0,0,0,0
U110347,2026-06-23,2026-06,control,1,1,0,0,0.0,0,0,0
U110348,2026-05-10,2026-05,control,1,0,0,0,0.0,0,0,0
U110349,2026-05-06,2026-05,treatment,1,0,0,0,0.0,1,1,1
U110350,2026-05-17,2026-05,control,1,0,0,0,0.0,0,0,0
U110351,2026-05-30,2026-05,treatment,1,0,0,0,0.0,0,0,0
U110352,2026-02-28,2026-02,treatment,1,1,1,0,0.0,1,1,1
U110353,2026-06-13,2026-06,treatment,1,0,0,0,0.0,0,0,0
U110354,2026-04-29,2026-04,treatment,1,1,0,0,0.0,0,0,0
U110355,2026-02-18,2026-02,control,1,1,0,0,0.0,1,1,1
U110356,2026-06-09,2026-06,control,1,1,1,0,0.0,1,1,1
U110357,2026-04-21,2026-04,control,1,1,0,0,0.0,0,0,0
U110358,2026-02-27,2026-02,treatment,1,0,0,0,0.0,1,1,1
U110359,2026-05-24,2026-05,control,1,0,0,0,0.0,0,0,0
U110360,2026-06-18,2026-06,treatment,1,0,0,0,0.0,0,0,0
U110361,2026-06-19,2026-06,treatment,1,0,0,0,0.0,0,0,0
U110362,2026-06-26,2026-06,treatment,1,0,0,0,0.0,1,1,1
U110363,2026-06-17,2026-06,treatment,1,1,0,0,0.0,0,0,0
U110364,2026-01-09,2026-01,treatment,1,1,1,0,0.0,0,0,0
U110365,2026-04-21,2026-04,control,1,0,0,0,0.0,0,0,0
U110366,2026-06-12,2026-06,treatment,1,0,0,0,0.0,1,1,1
U110367,2026-04-19,2026-04,control,1,0,0,0,0.0,0,0,0
U110368,2026-05-20,2026-05,treatment,1,1,1,1,50.84,0,0,0
U110369,2026-05-21,2026-05,treatment,1,1,1,0,0.0,1,1,1
U110370,2026-04-19,2026-04,control,1,0,0,0,0.0,1,1,1
U110371,2026-06-21,2026-06,treatment,1,1,0,0,0.0,0,0,0
U110372,2026-05-08,2026-05,control,1,0,0,0,0.0,0,0,0
U110373,2026-05-03,2026-05,treatment,1,0,0,0,0.0,0,0,0
U110374,2026-06-29,2026-06,treatment,1,0,0,0,0.0,1,1,1
U110375,2026-05-07,2026-05,treatment,1,0,0,0,0.0,0,0,0
U110376,2026-03-18,2026-03,control,1,0,0,0,0.0,0,0,0
U110377,2026-05-09,2026-05,control,1,0,0,0,0.0,1,1,1
U110378,2026-06-12,2026-06,treatment,1,0,0,0,0.0,1,1,1
U110379,2026-06-08,2026-06,treatment,1,0,0,0,0.0,0,0,0
U110380,2026-06-09,2026-06,control,1,1,0,0,0.0,1,1,1
U110381,2026-06-01,2026-06,control,1,0,0,0,0.0,0,0,0
U110382,2026-04-01,2026-04,control,1,1,1,1,93.09,0,0,0
U110383,2026-06-17,2026-06,treatment,1,0,0,0,0.0,0,0,0
U110384,2026-06-20,2026-06,control,1,0,0,0,0.0,1,1,1
U110385,2026-03-21,2026-03,control,1,0,0,0,0.0,1,1,1
U110386,2026-03-07,2026-03,treatment,1,0,0,0,0.0,1,1,1
U110387,2026-06-27,2026-06,control,1,0,0,0,0.0,0,0,0
U110388,2026-06-17,2026-06,treatment,1,0,0,0,0.0,0,0,0
U110389,2026-06-20,2026-06,control,1,1,1,1,37.97,1,1,1
U110390,2026-06-19,2026-06,control,1,1,1,1,50.78,1,1,1
U110391,2026-05-13,2026-05,treatment,1,1,0,0,0.0,0,0,0
U110392,2026-05-25,2026-05,control,1,0,0,0,0.0,0,0,0
U110393,2026-05-13,2026-05,control,1,0,0,0,0.0,1,1,1
U110394,2026-02-10,2026-02,control,1,0,0,0,0.0,0,0,0
U110395,2026-06-05,2026-06,control,1,1,0,0,0.0,0,0,0
U110396,2026-05-08,2026-05,treatment,1,1,1,1,88.36,1,1,1
U110397,2026-05-25,2026-05,control,1,1,0,0,0.0,1,1,1
U110398,2026-05-08,2026-05,treatment,1,0,0,0,0.0,0,0,0
U110399,2026-05-07,2026-05,treatment,1,0,0,0,0.0,0,0,0
U110400,2026-03-16,2026-03,control,1,0,0,0,0.0,1,1,1
U110401,2026-04-06,2026-04,control,1,0,0,0,0.0,0,0,0
U110402,2026-03-13,2026-03,treatment,1,0,0,0,0.0,1,1,1
U110403,2026-03-21,2026-03,control,1,0,0,0,0.0,0,0,0
U110404,2026-06-27,2026-06,control,1,0,0,0,0.0,0,0,0
U110405,2026-03-12,2026-03,control,1,0,0,0,0.0,1,1,1
U110406,2026-04-04,2026-04,treatment,1,0,0,0,0.0,0,0,0
U110407,2026-05-19,2026-05,treatment,1,1,1,1,75.76,0,0,0
U110408,2026-05-21,2026-05,control,1,0,0,0,0.0,1,1,1
U110409,2026-03-12,2026-03,treatment,1,0,0,0,0.0,0,0,0
U110410,2026-06-10,2026-06,treatment,1,1,1,0,0.0,0,0,0
U110411,2026-06-09,2026-06,control,1,0,0,0,0.0,1,1,1
U110412,2026-03-29,2026-03,treatment,1,0,0,0,0.0,1,1,1
U110413,2026-04-07,2026-04,treatment,1,1,1,1,65.89,1,1,1
U110414,2026-06-24,2026-06,treatment,1,0,0,0,0.0,0,0,0
U110415,2026-06-13,2026-06,control,1,0,0,0,0.0,0,0,0
U110416,2026-05-31,2026-05,treatment,1,0,0,0,0.0,1,1,1
U110417,2026-02-21,2026-02,treatment,1,0,0,0,0.0,0,0,0
U110418,2026-04-27,2026-04,treatment,1,0,0,0,0.0,0,0,0
U110419,2026-05-15,2026-05,treatment,1,0,0,0,0.0,0,0,0
U110420,2026-03-19,2026-03,control,1,0,0,0,0.0,0,0,0
U110421,2026-05-01,2026-05,treatment,1,1,0,0,0.0,0,0,0
U110422,2026-05-20,2026-05,treatment,1,0,0,0,0.0,0,0,0
U110423,2026-04-13,2026-04,control,1,1,0,0,0.0,0,0,0
U110424,2026-06-09,2026-06,control,1,0,0,0,0.0,1,1,1
U110425,2026-06-15,2026-06,control,1,0,0,0,0.0,0,0,0
U110426,2026-04-13,2026-04,treatment,1,0,0,0,0.0,1,1,1
U110427,2026-06-14,2026-06,treatment,1,1,1,1,53.28,0,0,0
U110428,2026-02-27,2026-02,control,1,1,1,0,0.0,0,0,0
U110429,2026-06-14,2026-06,control,1,0,0,0,0.0,1,1,1
U110430,2026-03-12,2026-03,treatment,1,0,0,0,0.0,0,0,0
U110431,2026-02-21,2026-02,treatment,1,1,1,0,0.0,1,1,1
U110432,2026-05-25,2026-05,control,1,1,0,0,0.0,1,1,1
U110433,2026-05-04,2026-05,control,1,0,0,0,0.0,0,0,0
U110434,2026-06-21,2026-06,control,1,0,0,0,0.0,0,0,0
U110435,2026-04-19,2026-04,treatment,1,1,1,0,0.0,0,0,0
U110436,2026-04-07,2026-04,treatment,1,0,0,0,0.0,1,1,1
U110437,2026-05-08,2026-05,treatment,1,1,0,0,0.0,1,1,1
U110438,2026-05-02,2026-05,control,1,0,0,0,0.0,1,1,1
U110439,2026-04-16,2026-04,treatment,1,1,1,0,0.0,1,1,1
U110440,2026-05-30,2026-05,treatment,1,0,0,0,0.0,1,1,1
U110441,2026-06-06,2026-06,control,1,0,0,0,0.0,0,0,0
U110442,2026-06-16,2026-06,control,1,0,0,0,0.0,0,0,0
U110443,2026-06-27,2026-06,treatment,1,1,1,1,73.96,1,1,1
U110444,2026-04-03,2026-04,treatment,1,1,0,0,0.0,1,1,1
U110445,2026-06-02,2026-06,control,1,1,0,0,0.0,0,0,0
U110446,2026-04-24,2026-04,control,1,1,1,0,0.0,1,1,1
U110447,2026-05-29,2026-05,treatment,1,0,0,0,0.0,0,0,0
U110448,2026-05-05,2026-05,treatment,1,0,0,0,0.0,0,0,0
U110449,2026-06-29,2026-06,treatment,1,1,0,0,0.0,0,0,0
U110450,2026-06-03,2026-06,control,1,1,1,0,0.0,1,1,1
U110451,2026-06-25,2026-06,control,1,0,0,0,0.0,0,0,0
U110452,2026-06-14,2026-06,control,1,0,0,0,0.0,1,1,1
U110453,2026-06-21,2026-06,treatment,1,0,0,0,0.0,0,0,0
U110454,2026-06-12,2026-06,treatment,1,0,0,0,0.0,1,1,1
U110455,2026-05-02,2026-05,treatment,1,1,1,1,30.38,0,0,0
U110456,2026-04-01,2026-04,control,1,1,1,1,78.26,0,0,0
U110457,2026-04-20,2026-04,treatment,1,1,1,1,60.46,0,0,0
U110458,2026-01-26,2026-01,treatment,1,1,0,0,0.0,1,1,1
U110459,2026-05-11,2026-05,treatment,1,0,0,0,0.0,0,0,0
U110460,2026-05-08,2026-05,treatment,1,0,0,0,0.0,1,1,1
U110461,2026-05-11,2026-05,treatment,1,1,1,1,77.43,1,1,1
U110462,2026-06-27,2026-06,treatment,1,0,0,0,0.0,0,0,0
U110463,2026-06-21,2026-06,control,1,0,0,0,0.0,0,0,0
U110464,2026-03-14,2026-03,treatment,1,1,0,0,0.0,0,0,0
U110465,2026-04-20,2026-04,control,1,1,0,0,0.0,0,0,0
U110466,2026-04-28,2026-04,treatment,1,1,0,0,0.0,1,1,1
U110467,2026-04-19,2026-04,treatment,1,1,1,1,17.81,0,0,0
U110468,2026-06-10,2026-06,control,1,0,0,0,0.0,0,0,0
U110469,2026-05-11,2026-05,treatment,1,0,0,0,0.0,0,0,0
U110470,2026-05-17,2026-05,treatment,1,1,0,0,0.0,0,0,0
U110471,2026-06-16,2026-06,treatment,1,1,1,0,0.0,0,0,0
U110472,2026-06-11,2026-06,treatment,1,0,0,0,0.0,0,0,0
U110473,2026-03-07,2026-03,treatment,1,0,0,0,0.0,0,0,0
U110474,2026-06-02,2026-06,treatment,1,1,1,0,0.0,0,0,0
U110475,2026-04-29,2026-04,control,1,0,0,0,0.0,0,0,0
U110476,2026-04-08,2026-04,control,1,1,1,1,47.73,0,0,0
U110477,2026-02-10,2026-02,control,1,0,0,0,0.0,1,1,1
U110478,2026-05-06,2026-05,treatment,1,0,0,0,0.0,1,1,1
U110479,2026-04-18,2026-04,control,1,1,0,0,0.0,0,0,0
U110480,2026-04-01,2026-04,treatment,1,0,0,0,0.0,0,0,0
U110481,2026-05-31,2026-05,control,1,0,0,0,0.0,0,0,0
U110482,2026-06-07,2026-06,treatment,1,1,1,1,79.97,0,0,0
U110483,2026-03-31,2026-03,control,1,1,0,0,0.0,0,0,0
U110484,2026-02-10,2026-02,treatment,1,0,0,0,0.0,1,1,1
U110485,2026-06-15,2026-06,treatment,1,0,0,0,0.0,0,0,0
U110486,2026-01-18,2026-01,treatment,1,0,0,0,0.0,0,0,0
U110487,2026-06-24,2026-06,treatment,1,0,0,0,0.0,0,0,0
U110488,2026-05-23,2026-05,treatment,1,0,0,0,0.0,0,0,0
U110489,2026-04-13,2026-04,treatment,1,0,0,0,0.0,0,0,0
U110490,2026-03-31,2026-03,treatment,1,0,0,0,0.0,0,0,0
U110491,2026-01-18,2026-01,control,1,0,0,0,0.0,1,1,1
U110492,2026-03-29,2026-03,treatment,1,0,0,0,0.0,1,1,1
U110493,2026-03-08,2026-03,treatment,1,0,0,0,0.0,0,0,0
U110494,2026-05-21,2026-05,control,1,1,1,0,0.0,0,0,0
U110495,2026-03-15,2026-03,treatment,1,1,0,0,0.0,1,1,1
U110496,2026-05-11,2026-05,treatment,1,0,0,0,0.0,1,1,1
U110497,2026-05-19,2026-05,treatment,1,1,0,0,0.0,1,1,1
U110498,2026-04-09,2026-04,treatment,1,1,1,1,36.61,0,0,0
U110499,2026-02-03,2026-02,control,1,0,0,0,0.0,0,0,0
U110500,2026-02-04,2026-02,control,1,0,0,0,0.0,0,0,0
U110501,2026-01-30,2026-01,control,1,0,0,0,0.0,1,1,1
U110502,2026-06-04,2026-06,control,1,0,0,0,0.0,0,0,0
U110503,2026-04-12,2026-04,treatment,1,0,0,0,0.0,1,1,1
U110504,2026-06-10,2026-06,control,1,1,1,0,0.0,0,0,0
U110505,2026-04-29,2026-04,treatment,1,1,1,0,0.0,0,0,0
U110506,2026-05-02,2026-05,treatment,1,1,1,0,0.0,0,0,0
U110507,2026-05-09,2026-05,treatment,1,1,0,0,0.0,0,0,0
U110508,2026-06-01,2026-06,control,1,1,0,0,0.0,0,0,0
U110509,2026-04-05,2026-04,control,1,0,0,0,0.0,0,0,0
U110510,2026-03-04,2026-03,control,1,0,0,0,0.0,0,0,0
U110511,2026-05-15,2026-05,control,1,0,0,0,0.0,1,1,1
U110512,2026-04-13,2026-04,treatment,1,1,1,1,30.59,0,0,0
U110513,2026-04-30,2026-04,treatment,1,0,0,0,0.0,1,1,1
U110514,2026-05-25,2026-05,control,1,1,1,1,123.64,0,0,0
U110515,2026-05-07,2026-05,treatment,1,1,1,0,0.0,1,1,1
U110516,2026-05-22,2026-05,control,1,0,0,0,0.0,0,0,0
U110517,2026-05-13,2026-05,treatment,1,0,0,0,0.0,1,1,1
U110518,2026-06-04,2026-06,control,1,1,0,0,0.0,0,0,0
U110519,2026-06-01,2026-06,treatment,1,0,0,0,0.0,0,0,0
U110520,2026-05-12,2026-05,control,1,0,0,0,0.0,0,0,0
U110521,2026-05-29,2026-05,control,1,1,1,1,193.69,0,0,0
U110522,2026-06-18,2026-06,control,1,1,1,1,82.31,0,0,0
U110523,2026-04-29,2026-04,control,1,0,0,0,0.0,0,0,0
U110524,2026-04-26,2026-04,treatment,1,1,0,0,0.0,0,0,0
U110525,2026-06-07,2026-06,control,1,0,0,0,0.0,0,0,0
U110526,2026-05-18,2026-05,treatment,1,1,1,1,44.88,0,0,0
U110527,2026-02-17,2026-02,treatment,1,1,0,0,0.0,0,0,0
U110528,2026-06-20,2026-06,treatment,1,0,0,0,0.0,1,1,1
U110529,2026-02-01,2026-02,treatment,1,0,0,0,0.0,0,0,0
U110530,2026-06-05,2026-06,control,1,1,1,0,0.0,0,0,0
U110531,2026-06-06,2026-06,treatment,1,0,0,0,0.0,0,0,0
U110532,2026-06-25,2026-06,treatment,1,0,0,0,0.0,0,0,0
U110533,2026-02-11,2026-02,treatment,1,0,0,0,0.0,0,0,0
U110534,2026-05-20,2026-05,treatment,1,0,0,0,0.0,0,0,0
U110535,2026-04-28,2026-04,treatment,1,1,0,0,0.0,0,0,0
U110536,2026-04-14,2026-04,control,1,0,0,0,0.0,1,1,1
U110537,2026-02-24,2026-02,treatment,1,1,1,1,64.84,0,0,0
U110538,2026-05-16,2026-05,treatment,1,0,0,0,0.0,0,0,0
U110539,2026-05-05,2026-05,control,1,1,1,0,0.0,0,0,0
U110540,2026-02-28,2026-02,treatment,1,1,1,1,79.65,1,1,1
U110541,2026-05-21,2026-05,control,1,0,0,0,0.0,1,1,1
U110542,2026-06-04,2026-06,control,1,1,1,1,82.0,0,0,0
U110543,2026-06-07,2026-06,treatment,1,0,0,0,0.0,1,1,1
U110544,2026-06-21,2026-06,treatment,1,0,0,0,0.0,0,0,0
U110545,2026-04-26,2026-04,treatment,1,1,0,0,0.0,1,1,1
U110546,2026-06-25,2026-06,treatment,1,1,1,1,46.18,0,0,0
U110547,2026-06-17,2026-06,control,1,1,0,0,0.0,0,0,0
U110548,2026-04-09,2026-04,treatment,1,0,0,0,0.0,0,0,0
U110549,2026-03-13,2026-03,control,1,0,0,0,0.0,0,0,0
U110550,2026-04-29,2026-04,control,1,0,0,0,0.0,1,1,1
U110551,2026-04-25,2026-04,control,1,1,0,0,0.0,0,0,0
U110552,2026-05-17,2026-05,treatment,1,1,1,1,36.12,0,0,0
U110553,2026-05-18,2026-05,treatment,1,0,0,0,0.0,0,0,0
U110554,2026-06-05,2026-06,treatment,1,0,0,0,0.0,0,0,0
U110555,2026-05-09,2026-05,treatment,1,0,0,0,0.0,0,0,0
U110556,2026-02-28,2026-02,control,1,0,0,0,0.0,0,0,0
U110557,2026-06-16,2026-06,treatment,1,0,0,0,0.0,1,1,1
U110558,2026-04-11,2026-04,control,1,1,0,0,0.0,0,0,0
U110559,2026-06-27,2026-06,control,1,1,0,0,0.0,1,1,1
U110560,2026-03-03,2026-03,treatment,1,1,0,0,0.0,0,0,0
U110561,2026-06-26,2026-06,treatment,1,1,1,1,73.5,0,0,0
U110562,2026-02-24,2026-02,treatment,1,1,1,1,19.8,0,0,0
U110563,2026-03-28,2026-03,treatment,1,1,1,1,68.25,1,1,1
U110564,2026-02-08,2026-02,treatment,1,0,0,0,0.0,0,0,0
U110565,2026-06-01,2026-06,treatment,1,0,0,0,0.0,0,0,0
U110566,2026-06-15,2026-06,control,1,0,0,0,0.0,0,0,0
U110567,2026-04-29,2026-04,control,1,1,1,1,31.26,1,1,1
U110568,2026-06-23,2026-06,control,1,1,1,0,0.0,0,0,0
U110569,2026-05-19,2026-05,control,1,0,0,0,0.0,0,0,0
U110570,2026-05-23,2026-05,control,1,1,0,0,0.0,0,0,0
U110571,2026-06-15,2026-06,treatment,1,0,0,0,0.0,0,0,0
U110572,2026-04-09,2026-04,treatment,1,1,1,1,65.35,1,1,1
U110573,2026-04-18,2026-04,treatment,1,1,1,1,70.64,0,0,0
U110574,2026-06-21,2026-06,control,1,1,0,0,0.0,0,0,0
U110575,2026-06-20,2026-06,control,1,1,1,1,41.79,1,1,1
U110576,2026-06-27,2026-06,control,1,0,0,0,0.0,0,0,0
U110577,2026-06-20,2026-06,treatment,1,0,0,0,0.0,0,0,0
U110578,2026-03-06,2026-03,control,1,0,0,0,0.0,0,0,0
U110579,2026-06-13,2026-06,treatment,1,0,0,0,0.0,0,0,0
U110580,2026-04-26,2026-04,treatment,1,1,1,0,0.0,0,0,0
U110581,2026-06-29,2026-06,treatment,1,0,0,0,0.0,1,1,1
U110582,2026-05-04,2026-05,control,1,1,0,0,0.0,1,1,1
U110583,2026-05-14,2026-05,treatment,1,1,0,0,0.0,0,0,0
U110584,2026-05-12,2026-05,treatment,1,0,0,0,0.0,0,0,0
U110585,2026-04-13,2026-04,treatment,1,0,0,0,0.0,0,0,0
U110586,2026-02-19,2026-02,control,1,0,0,0,0.0,0,0,0
U110587,2026-06-20,2026-06,control,1,0,0,0,0.0,0,0,0
U110588,2026-06-11,2026-06,control,1,0,0,0,0.0,0,0,0
U110589,2026-03-09,2026-03,treatment,1,0,0,0,0.0,0,0,0
U110590,2026-06-08,2026-06,control,1,0,0,0,0.0,0,0,0
U110591,2026-05-23,2026-05,treatment,1,1,1,0,0.0,0,0,0
U110592,2026-04-26,2026-04,control,1,1,0,0,0.0,1,1,1
U110593,2026-04-01,2026-04,control,1,1,1,0,0.0,1,1,1
U110594,2026-06-16,2026-06,treatment,1,0,0,0,0.0,1,1,1
U110595,2026-05-31,2026-05,control,1,1,1,0,0.0,0,0,0
U110596,2026-05-14,2026-05,treatment,1,1,1,1,50.75,0,0,0
U110597,2026-05-21,2026-05,treatment,1,1,1,0,0.0,1,1,1
U110598,2026-02-24,2026-02,treatment,1,0,0,0,0.0,0,0,0
U110599,2026-05-04,2026-05,treatment,1,1,0,0,0.0,0,0,0
U110600,2026-03-21,2026-03,treatment,1,1,0,0,0.0,0,0,0
U110601,2026-03-24,2026-03,treatment,1,0,0,0,0.0,1,1,1
U110602,2026-05-27,2026-05,control,1,0,0,0,0.0,0,0,0
U110603,2026-06-21,2026-06,treatment,1,1,1,1,72.27,1,1,1
U110604,2026-04-25,2026-04,treatment,1,0,0,0,0.0,0,0,0
U110605,2026-03-24,2026-03,treatment,1,0,0,0,0.0,0,0,0
U110606,2026-05-25,2026-05,treatment,1,0,0,0,0.0,1,1,1
U110607,2026-06-18,2026-06,treatment,1,1,1,1,34.08,0,0,0
U110608,2026-06-05,2026-06,treatment,1,1,1,1,32.17,0,0,0
U110609,2026-06-17,2026-06,control,1,0,0,0,0.0,0,0,0
U110610,2026-05-12,2026-05,treatment,1,1,0,0,0.0,0,0,0
U110611,2026-06-06,2026-06,treatment,1,0,0,0,0.0,0,0,0
U110612,2026-03-09,2026-03,treatment,1,1,1,1,46.98,0,0,0
U110613,2026-04-17,2026-04,control,1,0,0,0,0.0,1,1,1
U110614,2026-04-23,2026-04,treatment,1,1,1,1,31.13,0,0,0
U110615,2026-05-09,2026-05,control,1,0,0,0,0.0,1,1,1
U110616,2026-06-23,2026-06,treatment,1,0,0,0,0.0,1,1,1
U110617,2026-06-18,2026-06,control,1,0,0,0,0.0,1,1,1
U110618,2026-03-08,2026-03,treatment,1,1,1,0,0.0,1,1,1
U110619,2026-03-16,2026-03,control,1,1,1,0,0.0,0,0,0
U110620,2026-04-18,2026-04,control,1,0,0,0,0.0,0,0,0
U110621,2026-04-08,2026-04,treatment,1,0,0,0,0.0,0,0,0
U110622,2026-05-22,2026-05,control,1,1,0,0,0.0,0,0,0
U110623,2026-06-21,2026-06,control,1,1,0,0,0.0,0,0,0
U110624,2026-06-26,2026-06,control,1,0,0,0,0.0,1,1,1
U110625,2026-05-26,2026-05,treatment,1,0,0,0,0.0,0,0,0
U110626,2026-06-14,2026-06,treatment,1,0,0,0,0.0,1,1,1
U110627,2026-05-11,2026-05,control,1,0,0,0,0.0,0,0,0
U110628,2026-03-24,2026-03,treatment,1,0,0,0,0.0,0,0,0
U110629,2026-05-11,2026-05,control,1,0,0,0,0.0,1,1,1
U110630,2026-05-15,2026-05,treatment,1,0,0,0,0.0,0,0,0
U110631,2026-06-05,2026-06,treatment,1,1,1,0,0.0,1,1,1
U110632,2026-03-26,2026-03,treatment,1,1,1,1,37.9,0,0,0
U110633,2026-04-20,2026-04,treatment,1,1,1,1,52.92,1,1,1
U110634,2026-04-19,2026-04,control,1,1,0,0,0.0,0,0,0
U110635,2026-06-26,2026-06,control,1,1,0,0,0.0,1,1,1
U110636,2026-04-30,2026-04,treatment,1,0,0,0,0.0,0,0,0
U110637,2026-06-06,2026-06,control,1,1,1,0,0.0,1,1,1
U110638,2026-06-05,2026-06,control,1,0,0,0,0.0,1,1,1
U110639,2026-04-03,2026-04,control,1,1,1,0,0.0,0,0,0
U110640,2026-05-17,2026-05,control,1,1,0,0,0.0,0,0,0
U110641,2026-06-20,2026-06,treatment,1,1,1,0,0.0,1,1,1
U110642,2026-05-05,2026-05,control,1,0,0,0,0.0,1,1,1
U110643,2026-06-24,2026-06,control,1,1,1,1,97.6,0,0,0
U110644,2026-03-25,2026-03,treatment,1,1,0,0,0.0,0,0,0
U110645,2026-02-19,2026-02,control,1,0,0,0,0.0,0,0,0
U110646,2026-06-19,2026-06,treatment,1,1,1,0,0.0,0,0,0
U110647,2026-06-15,2026-06,control,1,0,0,0,0.0,1,1,1
U110648,2026-06-29,2026-06,treatment,1,1,1,1,66.55,1,1,1
U110649,2026-05-29,2026-05,control,1,0,0,0,0.0,0,0,0
U110650,2026-06-24,2026-06,control,1,0,0,0,0.0,0,0,0
U110651,2026-06-13,2026-06,control,1,1,1,1,181.82,0,0,0
U110652,2026-06-15,2026-06,treatment,1,0,0,0,0.0,0,0,0
U110653,2026-05-16,2026-05,treatment,1,0,0,0,0.0,0,0,0
U110654,2026-04-22,2026-04,treatment,1,0,0,0,0.0,0,0,0
U110655,2026-06-24,2026-06,control,1,1,0,0,0.0,0,0,0
U110656,2026-04-29,2026-04,control,1,0,0,0,0.0,0,0,0
U110657,2026-05-13,2026-05,control,1,1,1,0,0.0,1,1,1
U110658,2026-05-01,2026-05,control,1,1,0,0,0.0,1,1,1
U110659,2026-05-16,2026-05,control,1,0,0,0,0.0,0,0,0
U110660,2026-05-04,2026-05,treatment,1,1,1,1,37.17,1,1,1
U110661,2026-02-09,2026-02,treatment,1,0,0,0,0.0,0,0,0
U110662,2026-06-19,2026-06,treatment,1,0,0,0,0.0,1,1,1
U110663,2026-04-30,2026-04,treatment,1,0,0,0,0.0,0,0,0
U110664,2026-05-19,2026-05,treatment,1,0,0,0,0.0,0,0,0
U110665,2026-03-09,2026-03,control,1,0,0,0,0.0,0,0,0
U110666,2026-01-11,2026-01,treatment,1,0,0,0,0.0,1,1,1
U110667,2026-03-31,2026-03,treatment,1,1,1,0,0.0,1,1,1
U110668,2026-06-01,2026-06,control,1,0,0,0,0.0,0,0,0
U110669,2026-02-26,2026-02,control,1,1,0,0,0.0,0,0,0
U110670,2026-06-21,2026-06,treatment,1,0,0,0,0.0,1,1,1
U110671,2026-03-25,2026-03,treatment,1,0,0,0,0.0,1,1,1
U110672,2026-03-23,2026-03,control,1,0,0,0,0.0,1,1,1
U110673,2026-03-18,2026-03,treatment,1,0,0,0,0.0,1,1,1
U110674,2026-01-22,2026-01,control,1,1,1,1,71.13,0,0,0
U110675,2026-06-08,2026-06,control,1,0,0,0,0.0,1,1,1
U110676,2026-06-18,2026-06,control,1,0,0,0,0.0,0,0,0
U110677,2026-05-22,2026-05,control,1,0,0,0,0.0,1,1,1
U110678,2026-03-20,2026-03,treatment,1,0,0,0,0.0,0,0,0
U110679,2026-04-07,2026-04,treatment,1,0,0,0,0.0,0,0,0
U110680,2026-05-05,2026-05,treatment,1,0,0,0,0.0,0,0,0
U110681,2026-06-25,2026-06,control,1,0,0,0,0.0,1,1,1
U110682,2026-03-31,2026-03,treatment,1,0,0,0,0.0,0,0,0
U110683,2026-06-03,2026-06,control,1,0,0,0,0.0,1,1,1
U110684,2026-04-30,2026-04,control,1,1,1,0,0.0,0,0,0
U110685,2026-04-09,2026-04,treatment,1,0,0,0,0.0,0,0,0
U110686,2026-05-02,2026-05,control,1,0,0,0,0.0,1,1,1
U110687,2026-02-18,2026-02,control,1,0,0,0,0.0,0,0,0
U110688,2026-06-10,2026-06,control,1,0,0,0,0.0,1,1,1
U110689,2026-03-30,2026-03,control,1,0,0,0,0.0,0,0,0
U110690,2026-06-03,2026-06,treatment,1,0,0,0,0.0,0,0,0
U110691,2026-02-17,2026-02,treatment,1,0,0,0,0.0,1,1,1
U110692,2026-06-25,2026-06,treatment,1,0,0,0,0.0,1,1,1
U110693,2026-03-21,2026-03,treatment,1,1,1,0,0.0,0,0,0
U110694,2026-06-19,2026-06,treatment,1,1,0,0,0.0,0,0,0
U110695,2026-06-11,2026-06,treatment,1,0,0,0,0.0,1,1,1
U110696,2026-06-27,2026-06,control,1,0,0,0,0.0,1,1,1
U110697,2026-05-05,2026-05,treatment,1,1,0,0,0.0,0,0,0
U110698,2026-06-03,2026-06,control,1,1,1,1,44.9,1,1,1
U110699,2026-04-20,2026-04,treatment,1,1,1,0,0.0,0,0,0
U110700,2026-03-19,2026-03,control,1,0,0,0,0.0,0,0,0
U110701,2026-04-30,2026-04,treatment,1,0,0,0,0.0,0,0,0
U110702,2026-03-15,2026-03,treatment,1,1,1,1,71.62,0,0,0
U110703,2026-06-28,2026-06,treatment,1,1,1,0,0.0,0,0,0
U110704,2026-02-25,2026-02,treatment,1,0,0,0,0.0,0,0,0
U110705,2026-05-19,2026-05,control,1,1,0,0,0.0,1,1,1
U110706,2026-05-23,2026-05,treatment,1,0,0,0,0.0,0,0,0
U110707,2026-05-13,2026-05,control,1,0,0,0,0.0,0,0,0
U110708,2026-05-27,2026-05,control,1,0,0,0,0.0,0,0,0
U110709,2026-03-03,2026-03,control,1,0,0,0,0.0,1,1,1
U110710,2026-05-15,2026-05,control,1,1,0,0,0.0,1,1,1
U110711,2026-04-07,2026-04,treatment,1,1,1,1,43.3,0,0,0
U110712,2026-06-24,2026-06,treatment,1,1,0,0,0.0,0,0,0
U110713,2026-06-07,2026-06,treatment,1,0,0,0,0.0,0,0,0
U110714,2026-06-27,2026-06,control,1,0,0,0,0.0,0,0,0
U110715,2026-02-04,2026-02,control,1,0,0,0,0.0,0,0,0
U110716,2026-04-07,2026-04,control,1,0,0,0,0.0,0,0,0
U110717,2026-03-21,2026-03,control,1,1,0,0,0.0,0,0,0
U110718,2026-01-20,2026-01,control,1,0,0,0,0.0,0,0,0
U110719,2026-03-30,2026-03,control,1,0,0,0,0.0,0,0,0
U110720,2026-05-29,2026-05,treatment,1,0,0,0,0.0,0,0,0
U110721,2026-03-28,2026-03,treatment,1,0,0,0,0.0,1,1,1
U110722,2026-05-09,2026-05,treatment,1,1,0,0,0.0,0,0,0
U110723,2026-06-19,2026-06,control,1,0,0,0,0.0,0,0,0
U110724,2026-05-30,2026-05,treatment,1,1,0,0,0.0,0,0,0
U110725,2026-04-24,2026-04,treatment,1,1,0,0,0.0,0,0,0
U110726,2026-04-20,2026-04,control,1,0,0,0,0.0,1,1,1
U110727,2026-05-02,2026-05,control,1,0,0,0,0.0,0,0,0
U110728,2026-03-17,2026-03,control,1,1,0,0,0.0,0,0,0
U110729,2026-05-24,2026-05,control,1,0,0,0,0.0,0,0,0
U110730,2026-04-19,2026-04,control,1,1,0,0,0.0,0,0,0
U110731,2026-06-16,2026-06,control,1,0,0,0,0.0,0,0,0
U110732,2026-06-06,2026-06,control,1,0,0,0,0.0,0,0,0
U110733,2026-05-21,2026-05,control,1,1,1,1,120.34,0,0,0
U110734,2026-04-19,2026-04,treatment,1,0,0,0,0.0,1,1,1
U110735,2026-03-24,2026-03,control,1,0,0,0,0.0,1,1,1
U110736,2026-06-08,2026-06,treatment,1,0,0,0,0.0,1,1,1
U110737,2026-05-06,2026-05,control,1,0,0,0,0.0,0,0,0
U110738,2026-03-27,2026-03,control,1,0,0,0,0.0,0,0,0
U110739,2026-03-21,2026-03,treatment,1,0,0,0,0.0,1,1,1
U110740,2026-03-15,2026-03,treatment,1,0,0,0,0.0,0,0,0
U110741,2026-06-08,2026-06,control,1,1,0,0,0.0,1,1,1
U110742,2026-03-28,2026-03,treatment,1,0,0,0,0.0,1,1,1
U110743,2026-05-11,2026-05,treatment,1,0,0,0,0.0,1,1,1
U110744,2026-05-01,2026-05,control,1,0,0,0,0.0,0,0,0
U110745,2026-05-18,2026-05,control,1,0,0,0,0.0,0,0,0
U110746,2026-06-18,2026-06,treatment,1,0,0,0,0.0,0,0,0
U110747,2026-06-17,2026-06,control,1,0,0,0,0.0,0,0,0
U110748,2026-05-01,2026-05,control,1,1,1,1,33.9,1,1,1
U110749,2026-01-23,2026-01,control,1,0,0,0,0.0,0,0,0
U110750,2026-04-28,2026-04,treatment,1,0,0,0,0.0,0,0,0
U110751,2026-05-21,2026-05,treatment,1,1,1,1,20.01,0,0,0
U110752,2026-05-15,2026-05,treatment,1,0,0,0,0.0,0,0,0
U110753,2026-05-26,2026-05,treatment,1,1,0,0,0.0,1,1,1
U110754,2026-03-12,2026-03,treatment,1,0,0,0,0.0,1,1,1
U110755,2026-05-25,2026-05,treatment,1,1,0,0,0.0,1,1,1
U110756,2026-03-18,2026-03,treatment,1,1,0,0,0.0,1,1,1
U110757,2026-06-05,2026-06,treatment,1,1,0,0,0.0,0,0,0
U110758,2026-04-15,2026-04,control,1,0,0,0,0.0,1,1,1
U110759,2026-06-01,2026-06,treatment,1,1,1,0,0.0,0,0,0
U110760,2026-02-09,2026-02,treatment,1,0,0,0,0.0,0,0,0
U110761,2026-04-25,2026-04,treatment,1,1,1,0,0.0,1,1,1
U110762,2026-06-01,2026-06,treatment,1,0,0,0,0.0,0,0,0
U110763,2026-03-27,2026-03,treatment,1,0,0,0,0.0,0,0,0
U110764,2026-06-10,2026-06,treatment,1,0,0,0,0.0,0,0,0
U110765,2026-05-23,2026-05,treatment,1,0,0,0,0.0,0,0,0
U110766,2026-05-18,2026-05,control,1,0,0,0,0.0,1,1,1
U110767,2026-04-18,2026-04,control,1,1,0,0,0.0,0,0,0
U110768,2026-05-06,2026-05,treatment,1,0,0,0,0.0,0,0,0
U110769,2026-05-20,2026-05,control,1,1,0,0,0.0,1,1,1
U110770,2026-05-04,2026-05,control,1,0,0,0,0.0,1,1,1
U110771,2026-05-31,2026-05,control,1,0,0,0,0.0,0,0,0
U110772,2026-04-29,2026-04,treatment,1,0,0,0,0.0,1,1,1
U110773,2026-03-22,2026-03,control,1,0,0,0,0.0,0,0,0
U110774,2026-03-25,2026-03,treatment,1,0,0,0,0.0,0,0,0
U110775,2026-01-14,2026-01,treatment,1,1,1,0,0.0,1,1,1
U110776,2026-04-09,2026-04,control,1,0,0,0,0.0,0,0,0
U110777,2026-06-05,2026-06,control,1,1,1,1,82.76,0,0,0
U110778,2026-06-10,2026-06,treatment,1,0,0,0,0.0,0,0,0
U110779,2026-03-22,2026-03,treatment,1,1,0,0,0.0,1,1,1
U110780,2026-06-26,2026-06,control,1,0,0,0,0.0,1,1,1
U110781,2026-05-08,2026-05,control,1,1,0,0,0.0,0,0,0
U110782,2026-06-22,2026-06,control,1,0,0,0,0.0,0,0,0
U110783,2026-06-01,2026-06,control,1,0,0,0,0.0,1,1,1
U110784,2026-06-02,2026-06,control,1,0,0,0,0.0,1,1,1
U110785,2026-02-22,2026-02,control,1,0,0,0,0.0,1,1,1
U110786,2026-03-26,2026-03,treatment,1,0,0,0,0.0,1,1,1
U110787,2026-01-17,2026-01,treatment,1,0,0,0,0.0,0,0,0
U110788,2026-06-02,2026-06,treatment,1,1,1,0,0.0,1,1,1
U110789,2026-04-16,2026-04,treatment,1,0,0,0,0.0,1,1,1
U110790,2026-06-09,2026-06,treatment,1,0,0,0,0.0,0,0,0
U110791,2026-04-15,2026-04,treatment,1,0,0,0,0.0,1,1,1
U110792,2026-06-12,2026-06,control,1,1,1,1,32.65,1,1,1
U110793,2026-03-07,2026-03,control,1,0,0,0,0.0,0,0,0
U110794,2026-03-16,2026-03,treatment,1,1,0,0,0.0,1,1,1
U110795,2026-04-16,2026-04,treatment,1,0,0,0,0.0,0,0,0
U110796,2026-04-26,2026-04,control,1,0,0,0,0.0,1,1,1
U110797,2026-04-17,2026-04,control,1,0,0,0,0.0,1,1,1
U110798,2026-06-07,2026-06,treatment,1,1,0,0,0.0,1,1,1
U110799,2026-02-26,2026-02,control,1,0,0,0,0.0,0,0,0
U110800,2026-04-17,2026-04,control,1,0,0,0,0.0,1,1,1
U110801,2026-06-14,2026-06,treatment,1,1,1,0,0.0,0,0,0
U110802,2026-02-16,2026-02,treatment,1,0,0,0,0.0,1,1,1
U110803,2026-06-24,2026-06,treatment,1,1,1,1,26.05,0,0,0
U110804,2026-06-28,2026-06,treatment,1,1,1,0,0.0,0,0,0
U110805,2026-02-23,2026-02,treatment,1,1,1,0,0.0,0,0,0
U110806,2026-04-08,2026-04,treatment,1,0,0,0,0.0,0,0,0
U110807,2026-04-20,2026-04,control,1,0,0,0,0.0,0,0,0
U110808,2026-06-08,2026-06,control,1,1,1,1,36.29,0,0,0
U110809,2026-05-19,2026-05,treatment,1,0,0,0,0.0,1,1,1
U110810,2026-05-25,2026-05,control,1,0,0,0,0.0,1,1,1
U110811,2026-06-06,2026-06,control,1,0,0,0,0.0,0,0,0
U110812,2026-03-03,2026-03,control,1,0,0,0,0.0,1,1,1
U110813,2026-06-14,2026-06,control,1,1,1,0,0.0,0,0,0
U110814,2026-06-01,2026-06,control,1,1,1,0,0.0,0,0,0
U110815,2026-05-17,2026-05,treatment,1,0,0,0,0.0,1,1,1
U110816,2026-06-19,2026-06,control,1,1,0,0,0.0,0,0,0
U110817,2026-05-31,2026-05,control,1,0,0,0,0.0,0,0,0
U110818,2026-03-22,2026-03,treatment,1,1,1,0,0.0,0,0,0
U110819,2026-04-28,2026-04,treatment,1,0,0,0,0.0,1,1,1
U110820,2026-05-07,2026-05,control,1,0,0,0,0.0,0,0,0
U110821,2026-02-12,2026-02,treatment,1,0,0,0,0.0,0,0,0
U110822,2026-06-25,2026-06,treatment,1,0,0,0,0.0,0,0,0
U110823,2026-03-06,2026-03,treatment,1,0,0,0,0.0,0,0,0
U110824,2026-05-31,2026-05,control,1,0,0,0,0.0,1,1,1
U110825,2026-05-09,2026-05,treatment,1,1,1,1,49.55,1,1,1
U110826,2026-01-29,2026-01,treatment,1,1,1,1,37.42,0,0,0
U110827,2026-06-23,2026-06,treatment,1,1,0,0,0.0,0,0,0
U110828,2026-06-16,2026-06,control,1,1,1,1,19.36,0,0,0
U110829,2026-05-11,2026-05,treatment,1,1,1,0,0.0,0,0,0
U110830,2026-03-28,2026-03,treatment,1,1,1,1,38.94,0,0,0
U110831,2026-03-04,2026-03,control,1,0,0,0,0.0,1,1,1
U110832,2026-04-19,2026-04,control,1,1,0,0,0.0,1,1,1
U110833,2026-04-01,2026-04,treatment,1,0,0,0,0.0,0,0,0
U110834,2026-05-09,2026-05,control,1,0,0,0,0.0,0,0,0
U110835,2026-06-26,2026-06,treatment,1,0,0,0,0.0,0,0,0
U110836,2026-05-17,2026-05,control,1,0,0,0,0.0,1,1,1
U110837,2026-06-19,2026-06,control,1,1,1,0,0.0,0,0,0
U110838,2026-05-26,2026-05,treatment,1,1,1,1,148.79,1,1,1
U110839,2026-05-05,2026-05,control,1,1,1,1,73.11,1,1,1
U110840,2026-06-16,2026-06,treatment,1,1,1,0,0.0,1,1,1
U110841,2026-05-04,2026-05,treatment,1,0,0,0,0.0,1,1,1
U110842,2026-06-17,2026-06,treatment,1,1,1,1,46.46,0,0,0
U110843,2026-04-08,2026-04,treatment,1,0,0,0,0.0,1,1,1
U110844,2026-03-06,2026-03,treatment,1,0,0,0,0.0,0,0,0
U110845,2026-06-16,2026-06,control,1,1,0,0,0.0,1,1,1
U110846,2026-05-18,2026-05,treatment,1,1,1,0,0.0,1,1,1
U110847,2026-06-19,2026-06,control,1,1,0,0,0.0,1,1,1
U110848,2026-06-24,2026-06,control,1,0,0,0,0.0,1,1,1
U110849,2026-02-11,2026-02,treatment,1,1,1,1,98.65,0,0,0
U110850,2026-05-08,2026-05,treatment,1,0,0,0,0.0,0,0,0
U110851,2026-04-21,2026-04,control,1,0,0,0,0.0,0,0,0
U110852,2026-05-23,2026-05,control,1,0,0,0,0.0,0,0,0
U110853,2026-06-10,2026-06,treatment,1,0,0,0,0.0,1,1,1
U110854,2026-04-06,2026-04,control,1,0,0,0,0.0,0,0,0
U110855,2026-05-15,2026-05,treatment,1,0,0,0,0.0,1,1,1
U110856,2026-06-01,2026-06,treatment,1,1,1,0,0.0,1,1,1
U110857,2026-03-07,2026-03,control,1,0,0,0,0.0,0,0,0
U110858,2026-06-12,2026-06,control,1,0,0,0,0.0,1,1,1
U110859,2026-05-21,2026-05,treatment,1,0,0,0,0.0,1,1,1
U110860,2026-06-25,2026-06,control,1,1,1,0,0.0,0,0,0
U110861,2026-04-15,2026-04,control,1,1,1,1,50.85,1,1,1
U110862,2026-03-01,2026-03,control,1,0,0,0,0.0,0,0,0
U110863,2026-05-09,2026-05,control,1,0,0,0,0.0,0,0,0
U110864,2026-02-22,2026-02,control,1,0,0,0,0.0,1,1,1
U110865,2026-06-27,2026-06,treatment,1,0,0,0,0.0,1,1,1
U110866,2026-02-05,2026-02,treatment,1,0,0,0,0.0,0,0,0
U110867,2026-06-06,2026-06,treatment,1,0,0,0,0.0,1,1,1
U110868,2026-05-11,2026-05,treatment,1,0,0,0,0.0,0,0,0
U110869,2026-04-20,2026-04,control,1,1,1,1,47.98,0,0,0
U110870,2026-02-16,2026-02,control,1,0,0,0,0.0,0,0,0
U110871,2026-05-22,2026-05,treatment,1,0,0,0,0.0,1,1,1
U110872,2026-05-18,2026-05,treatment,1,1,0,0,0.0,0,0,0
U110873,2026-04-06,2026-04,treatment,1,1,1,0,0.0,0,0,0
U110874,2026-06-21,2026-06,treatment,1,1,0,0,0.0,0,0,0
U110875,2026-04-10,2026-04,treatment,1,0,0,0,0.0,0,0,0
U110876,2026-05-01,2026-05,control,1,0,0,0,0.0,0,0,0
U110877,2026-05-13,2026-05,treatment,1,0,0,0,0.0,0,0,0
U110878,2026-02-26,2026-02,treatment,1,0,0,0,0.0,0,0,0
U110879,2026-06-23,2026-06,treatment,1,0,0,0,0.0,1,1,1
U110880,2026-04-21,2026-04,treatment,1,1,0,0,0.0,0,0,0
U110881,2026-02-21,2026-02,treatment,1,1,1,1,88.85,0,0,0
U110882,2026-04-23,2026-04,treatment,1,1,1,1,43.51,1,1,1
U110883,2026-05-20,2026-05,treatment,1,1,0,0,0.0,1,1,1
U110884,2026-05-10,2026-05,treatment,1,1,0,0,0.0,0,0,0
U110885,2026-05-31,2026-05,treatment,1,1,1,1,145.45,1,1,1
U110886,2026-02-12,2026-02,treatment,1,1,0,0,0.0,0,0,0
U110887,2026-04-07,2026-04,control,1,1,1,0,0.0,0,0,0
U110888,2026-06-12,2026-06,treatment,1,0,0,0,0.0,0,0,0
U110889,2026-02-20,2026-02,treatment,1,0,0,0,0.0,0,0,0
U110890,2026-06-16,2026-06,treatment,1,1,1,1,33.46,1,1,1
U110891,2026-02-24,2026-02,control,1,0,0,0,0.0,1,1,1
U110892,2026-06-14,2026-06,treatment,1,1,1,0,0.0,0,0,0
U110893,2026-04-19,2026-04,control,1,1,1,0,0.0,0,0,0
U110894,2026-05-21,2026-05,treatment,1,1,1,0,0.0,1,1,1
U110895,2026-03-12,2026-03,control,1,0,0,0,0.0,0,0,0
U110896,2026-02-16,2026-02,treatment,1,0,0,0,0.0,0,0,0
U110897,2026-03-25,2026-03,control,1,0,0,0,0.0,1,1,1
U110898,2026-03-06,2026-03,control,1,1,0,0,0.0,1,1,1
U110899,2026-04-11,2026-04,treatment,1,0,0,0,0.0,0,0,0
U110900,2026-05-10,2026-05,control,1,1,1,0,0.0,0,0,0
U110901,2026-05-19,2026-05,treatment,1,1,0,0,0.0,0,0,0
U110902,2026-06-09,2026-06,treatment,1,1,0,0,0.0,0,0,0
U110903,2026-05-26,2026-05,treatment,1,1,1,1,25.81,0,0,0
U110904,2026-05-21,2026-05,control,1,1,0,0,0.0,0,0,0
U110905,2026-04-26,2026-04,treatment,1,0,0,0,0.0,1,1,1
U110906,2026-05-04,2026-05,control,1,1,1,0,0.0,0,0,0
U110907,2026-04-26,2026-04,treatment,1,0,0,0,0.0,1,1,1
U110908,2026-06-15,2026-06,treatment,1,0,0,0,0.0,0,0,0
U110909,2026-03-28,2026-03,control,1,0,0,0,0.0,0,0,0
U110910,2026-01-14,2026-01,control,1,1,1,0,0.0,0,0,0
U110911,2026-05-26,2026-05,control,1,0,0,0,0.0,0,0,0
U110912,2026-03-22,2026-03,treatment,1,1,0,0,0.0,1,1,1
U110913,2026-06-19,2026-06,control,1,1,1,1,61.07,0,0,0
U110914,2026-06-16,2026-06,treatment,1,1,0,0,0.0,0,0,0
U110915,2026-02-19,2026-02,treatment,1,0,0,0,0.0,0,0,0
U110916,2026-02-28,2026-02,treatment,1,1,1,0,0.0,0,0,0
U110917,2026-05-07,2026-05,treatment,1,0,0,0,0.0,1,1,1
U110918,2026-05-21,2026-05,control,1,0,0,0,0.0,1,1,1
U110919,2026-04-05,2026-04,treatment,1,1,1,1,31.72,0,0,0
U110920,2026-06-02,2026-06,treatment,1,0,0,0,0.0,1,1,1
U110921,2026-05-19,2026-05,treatment,1,0,0,0,0.0,0,0,0
U110922,2026-04-13,2026-04,control,1,1,1,1,64.9,1,1,1
U110923,2026-01-29,2026-01,control,1,0,0,0,0.0,1,1,1
U110924,2026-06-05,2026-06,control,1,0,0,0,0.0,0,0,0
U110925,2026-03-25,2026-03,control,1,1,1,1,61.44,0,0,0
U110926,2026-06-14,2026-06,control,1,0,0,0,0.0,0,0,0
U110927,2026-04-27,2026-04,control,1,0,0,0,0.0,0,0,0
U110928,2026-05-17,2026-05,treatment,1,1,1,0,0.0,0,0,0
U110929,2026-06-18,2026-06,control,1,1,1,1,54.75,0,0,0
U110930,2026-06-17,2026-06,treatment,1,1,1,0,0.0,0,0,0
U110931,2026-04-20,2026-04,control,1,1,1,1,45.79,0,0,0
U110932,2026-03-24,2026-03,treatment,1,0,0,0,0.0,0,0,0
U110933,2026-06-08,2026-06,treatment,1,1,1,1,67.68,1,1,1
U110934,2026-04-29,2026-04,treatment,1,1,0,0,0.0,0,0,0
U110935,2026-03-20,2026-03,treatment,1,0,0,0,0.0,1,1,1
U110936,2026-06-21,2026-06,control,1,1,1,1,91.0,0,0,0
U110937,2026-03-22,2026-03,treatment,1,1,1,1,32.29,1,1,1
U110938,2026-01-29,2026-01,control,1,0,0,0,0.0,0,0,0
U110939,2026-01-26,2026-01,control,1,1,1,1,77.16,0,0,0
U110940,2026-05-22,2026-05,control,1,1,0,0,0.0,0,0,0
U110941,2026-05-27,2026-05,treatment,1,0,0,0,0.0,1,1,1
U110942,2026-04-11,2026-04,control,1,1,0,0,0.0,1,1,1
U110943,2026-04-12,2026-04,treatment,1,1,1,1,33.99,0,0,0
U110944,2026-04-15,2026-04,control,1,1,1,1,70.32,0,0,0
U110945,2026-05-29,2026-05,treatment,1,0,0,0,0.0,0,0,0
U110946,2026-02-13,2026-02,treatment,1,0,0,0,0.0,1,1,1
U110947,2026-06-23,2026-06,control,1,0,0,0,0.0,0,0,0
U110948,2026-03-26,2026-03,control,1,1,0,0,0.0,0,0,0
U110949,2026-06-29,2026-06,treatment,1,1,1,1,79.34,0,0,0
U110950,2026-03-16,2026-03,control,1,0,0,0,0.0,1,1,1
U110951,2026-06-08,2026-06,treatment,1,0,0,0,0.0,0,0,0
U110952,2026-03-27,2026-03,treatment,1,0,0,0,0.0,1,1,1
U110953,2026-02-21,2026-02,control,1,1,0,0,0.0,0,0,0
U110954,2026-06-18,2026-06,control,1,1,1,1,163.86,0,0,0
U110955,2026-06-16,2026-06,control,1,0,0,0,0.0,0,0,0
U110956,2026-04-25,2026-04,control,1,0,0,0,0.0,1,1,1
U110957,2026-05-31,2026-05,control,1,0,0,0,0.0,0,0,0
U110958,2026-05-15,2026-05,control,1,0,0,0,0.0,0,0,0
U110959,2026-06-16,2026-06,control,1,1,0,0,0.0,1,1,1
U110960,2026-04-12,2026-04,control,1,0,0,0,0.0,0,0,0
U110961,2026-05-11,2026-05,treatment,1,0,0,0,0.0,1,1,1
U110962,2026-05-06,2026-05,treatment,1,1,1,0,0.0,1,1,1
U110963,2026-04-18,2026-04,treatment,1,1,1,1,68.69,0,0,0
U110964,2026-06-19,2026-06,control,1,1,0,0,0.0,0,0,0
U110965,2026-03-15,2026-03,control,1,1,0,0,0.0,1,1,1
U110966,2026-03-11,2026-03,treatment,1,1,1,0,0.0,0,0,0
U110967,2026-05-17,2026-05,treatment,1,1,1,0,0.0,0,0,0
U110968,2026-05-26,2026-05,control,1,1,1,0,0.0,1,1,1
U110969,2026-03-21,2026-03,control,1,1,1,1,70.77,0,0,0
U110970,2026-04-23,2026-04,treatment,1,1,0,0,0.0,0,0,0
U110971,2026-06-25,2026-06,treatment,1,0,0,0,0.0,1,1,1
U110972,2026-03-31,2026-03,control,1,0,0,0,0.0,0,0,0
U110973,2026-05-28,2026-05,treatment,1,0,0,0,0.0,0,0,0
U110974,2026-06-04,2026-06,treatment,1,1,1,1,78.88,0,0,0
U110975,2026-05-01,2026-05,treatment,1,1,1,0,0.0,0,0,0
U110976,2026-06-24,2026-06,treatment,1,1,1,0,0.0,1,1,1
U110977,2026-06-04,2026-06,control,1,0,0,0,0.0,1,1,1
U110978,2026-05-02,2026-05,treatment,1,0,0,0,0.0,1,1,1
U110979,2026-05-16,2026-05,treatment,1,1,1,1,142.38,1,1,1
U110980,2026-05-30,2026-05,treatment,1,0,0,0,0.0,1,1,1
U110981,2026-05-19,2026-05,treatment,1,0,0,0,0.0,1,1,1
U110982,2026-06-18,2026-06,treatment,1,1,1,1,45.64,1,1,1
U110983,2026-04-18,2026-04,control,1,0,0,0,0.0,0,0,0
U110984,2026-04-09,2026-04,control,1,0,0,0,0.0,0,0,0
U110985,2026-03-25,2026-03,treatment,1,0,0,0,0.0,0,0,0
U110986,2026-02-04,2026-02,control,1,0,0,0,0.0,0,0,0
U110987,2026-02-07,2026-02,control,1,0,0,0,0.0,1,1,1
U110988,2026-06-17,2026-06,control,1,0,0,0,0.0,1,1,1
U110989,2026-05-29,2026-05,treatment,1,0,0,0,0.0,0,0,0
U110990,2026-05-27,2026-05,control,1,0,0,0,0.0,0,0,0
U110991,2026-05-22,2026-05,treatment,1,1,1,0,0.0,1,1,1
U110992,2026-06-15,2026-06,control,1,0,0,0,0.0,1,1,1
U110993,2026-05-05,2026-05,control,1,0,0,0,0.0,0,0,0
U110994,2026-06-17,2026-06,control,1,0,0,0,0.0,0,0,0
U110995,2026-04-18,2026-04,control,1,0,0,0,0.0,0,0,0
U110996,2026-06-23,2026-06,treatment,1,0,0,0,0.0,1,1,1
U110997,2026-05-31,2026-05,treatment,1,0,0,0,0.0,1,1,1
U110998,2026-04-02,2026-04,treatment,1,1,0,0,0.0,0,0,0
U110999,2026-05-16,2026-05,control,1,1,1,0,0.0,0,0,0
U111000,2026-05-12,2026-05,treatment,1,1,1,1,17.14,0,0,0
U111001,2026-03-08,2026-03,control,1,0,0,0,0.0,0,0,0
U111002,2026-05-19,2026-05,control,1,1,0,0,0.0,1,1,1
U111003,2026-04-11,2026-04,treatment,1,0,0,0,0.0,1,1,1
U111004,2026-02-11,2026-02,treatment,1,1,0,0,0.0,1,1,1
U111005,2026-06-25,2026-06,control,1,0,0,0,0.0,1,1,1
U111006,2026-05-25,2026-05,control,1,1,0,0,0.0,0,0,0
U111007,2026-06-18,2026-06,treatment,1,1,1,0,0.0,0,0,0
U111008,2026-05-29,2026-05,control,1,0,0,0,0.0,0,0,0
U111009,2026-04-18,2026-04,treatment,1,0,0,0,0.0,0,0,0
U111010,2026-05-09,2026-05,treatment,1,1,1,0,0.0,1,1,1
U111011,2026-05-28,2026-05,treatment,1,0,0,0,0.0,1,1,1
U111012,2026-06-26,2026-06,control,1,1,1,1,30.29,0,0,0
U111013,2026-04-01,2026-04,treatment,1,0,0,0,0.0,0,0,0
U111014,2026-06-18,2026-06,control,1,0,0,0,0.0,0,0,0
U111015,2026-06-23,2026-06,control,1,1,0,0,0.0,0,0,0
U111016,2026-05-28,2026-05,treatment,1,0,0,0,0.0,0,0,0
U111017,2026-06-23,2026-06,control,1,0,0,0,0.0,0,0,0
U111018,2026-04-24,2026-04,control,1,0,0,0,0.0,1,1,1
U111019,2026-06-25,2026-06,treatment,1,1,0,0,0.0,1,1,1
U111020,2026-05-31,2026-05,treatment,1,0,0,0,0.0,0,0,0
U111021,2026-02-06,2026-02,control,1,1,1,0,0.0,0,0,0
U111022,2026-06-21,2026-06,control,1,0,0,0,0.0,0,0,0
U111023,2026-05-06,2026-05,control,1,0,0,0,0.0,1,1,1
U111024,2026-05-03,2026-05,control,1,0,0,0,0.0,0,0,0
U111025,2026-05-16,2026-05,treatment,1,1,0,0,0.0,0,0,0
U111026,2026-03-11,2026-03,treatment,1,0,0,0,0.0,1,1,1
U111027,2026-05-04,2026-05,treatment,1,0,0,0,0.0,0,0,0
U111028,2026-06-14,2026-06,control,1,1,0,0,0.0,0,0,0
U111029,2026-01-23,2026-01,control,1,1,0,0,0.0,1,1,1
U111030,2026-04-05,2026-04,control,1,1,1,1,74.16,1,1,1
U111031,2026-01-09,2026-01,control,1,0,0,0,0.0,1,1,1
U111032,2026-04-27,2026-04,control,1,0,0,0,0.0,0,0,0
U111033,2026-06-03,2026-06,control,1,0,0,0,0.0,1,1,1
U111034,2026-06-10,2026-06,control,1,1,1,0,0.0,0,0,0
U111035,2026-06-24,2026-06,treatment,1,0,0,0,0.0,0,0,0
U111036,2026-05-21,2026-05,treatment,1,0,0,0,0.0,0,0,0
U111037,2026-04-01,2026-04,treatment,1,0,0,0,0.0,1,1,1
U111038,2026-06-23,2026-06,control,1,0,0,0,0.0,1,1,1
U111039,2026-06-08,2026-06,treatment,1,1,1,0,0.0,0,0,0
U111040,2026-05-17,2026-05,treatment,1,1,1,0,0.0,1,1,1
U111041,2026-05-31,2026-05,control,1,1,0,0,0.0,0,0,0
U111042,2026-06-23,2026-06,treatment,1,0,0,0,0.0,0,0,0
U111043,2026-06-01,2026-06,treatment,1,1,0,0,0.0,0,0,0
U111044,2026-04-20,2026-04,treatment,1,0,0,0,0.0,0,0,0
U111045,2026-06-01,2026-06,control,1,0,0,0,0.0,1,1,1
U111046,2026-02-06,2026-02,control,1,0,0,0,0.0,0,0,0
U111047,2026-04-22,2026-04,treatment,1,0,0,0,0.0,0,0,0
U111048,2026-04-25,2026-04,control,1,0,0,0,0.0,0,0,0
U111049,2026-03-15,2026-03,treatment,1,0,0,0,0.0,0,0,0
U111050,2026-01-28,2026-01,treatment,1,1,0,0,0.0,0,0,0
U111051,2026-03-07,2026-03,control,1,1,0,0,0.0,0,0,0
U111052,2026-05-26,2026-05,treatment,1,0,0,0,0.0,1,1,1
U111053,2026-06-11,2026-06,treatment,1,0,0,0,0.0,1,1,1
U111054,2026-06-28,2026-06,control,1,0,0,0,0.0,1,1,1
U111055,2026-04-16,2026-04,control,1,0,0,0,0.0,0,0,0
U111056,2026-05-20,2026-05,treatment,1,0,0,0,0.0,0,0,0
U111057,2026-06-24,2026-06,treatment,1,0,0,0,0.0,0,0,0
U111058,2026-03-15,2026-03,control,1,1,1,0,0.0,0,0,0
U111059,2026-06-02,2026-06,control,1,0,0,0,0.0,0,0,0
U111060,2026-06-06,2026-06,treatment,1,0,0,0,0.0,0,0,0
U111061,2026-02-23,2026-02,treatment,1,1,1,1,89.73,0,0,0
U111062,2026-06-17,2026-06,control,1,1,1,1,42.3,0,0,0
U111063,2026-06-12,2026-06,treatment,1,0,0,0,0.0,0,0,0
U111064,2026-02-02,2026-02,control,1,0,0,0,0.0,0,0,0
U111065,2026-02-24,2026-02,control,1,1,1,1,29.89,0,0,0
U111066,2026-02-09,2026-02,treatment,1,1,1,1,84.92,1,1,1
U111067,2026-04-15,2026-04,control,1,0,0,0,0.0,0,0,0
U111068,2026-05-09,2026-05,treatment,1,1,1,1,29.74,0,0,0
U111069,2026-05-12,2026-05,control,1,0,0,0,0.0,0,0,0
U111070,2026-04-04,2026-04,treatment,1,1,1,1,48.77,1,1,1
U111071,2026-06-21,2026-06,control,1,0,0,0,0.0,0,0,0
U111072,2026-04-20,2026-04,control,1,0,0,0,0.0,0,0,0
U111073,2026-02-08,2026-02,treatment,1,1,1,1,64.3,0,0,0
U111074,2026-04-09,2026-04,control,1,1,1,1,45.87,1,1,1
U111075,2026-05-12,2026-05,treatment,1,0,0,0,0.0,0,0,0
U111076,2026-04-26,2026-04,treatment,1,0,0,0,0.0,0,0,0
U111077,2026-04-05,2026-04,treatment,1,0,0,0,0.0,0,0,0
U111078,2026-03-07,2026-03,treatment,1,0,0,0,0.0,1,1,1
U111079,2026-06-12,2026-06,treatment,1,0,0,0,0.0,0,0,0
U111080,2026-06-29,2026-06,treatment,1,1,0,0,0.0,0,0,0
U111081,2026-04-14,2026-04,treatment,1,0,0,0,0.0,0,0,0
U111082,2026-04-22,2026-04,treatment,1,1,1,0,0.0,0,0,0
U111083,2026-05-22,2026-05,control,1,1,0,0,0.0,0,0,0
U111084,2026-06-02,2026-06,treatment,1,0,0,0,0.0,1,1,1
U111085,2026-04-23,2026-04,control,1,1,1,1,123.95,0,0,0
U111086,2026-06-21,2026-06,control,1,1,1,1,44.0,1,1,1
U111087,2026-05-15,2026-05,control,1,0,0,0,0.0,1,1,1
U111088,2026-05-01,2026-05,treatment,1,1,1,0,0.0,1,1,1
U111089,2026-05-25,2026-05,treatment,1,1,1,0,0.0,0,0,0
U111090,2026-06-25,2026-06,treatment,1,1,0,0,0.0,0,0,0
U111091,2026-06-10,2026-06,control,1,0,0,0,0.0,0,0,0
U111092,2026-02-06,2026-02,control,1,1,0,0,0.0,0,0,0
U111093,2026-04-14,2026-04,treatment,1,0,0,0,0.0,0,0,0
U111094,2026-05-04,2026-05,control,1,1,1,1,50.62,0,0,0
U111095,2026-04-11,2026-04,control,1,1,1,1,70.76,0,0,0
U111096,2026-05-31,2026-05,control,1,0,0,0,0.0,0,0,0
U111097,2026-06-13,2026-06,treatment,1,0,0,0,0.0,1,1,1
U111098,2026-06-03,2026-06,control,1,0,0,0,0.0,0,0,0
U111099,2026-06-29,2026-06,control,1,0,0,0,0.0,0,0,0
U111100,2026-04-04,2026-04,treatment,1,1,0,0,0.0,1,1,1
U111101,2026-06-18,2026-06,control,1,0,0,0,0.0,0,0,0
U111102,2026-06-07,2026-06,treatment,1,0,0,0,0.0,0,0,0
U111103,2026-04-19,2026-04,control,1,0,0,0,0.0,0,0,0
U111104,2026-06-04,2026-06,control,1,1,1,1,110.98,1,1,1
U111105,2026-02-28,2026-02,treatment,1,0,0,0,0.0,1,1,1
U111106,2026-06-09,2026-06,treatment,1,1,1,1,45.51,0,0,0
U111107,2026-05-12,2026-05,treatment,1,1,1,0,0.0,0,0,0
U111108,2026-04-08,2026-04,treatment,1,1,1,1,58.31,1,1,1
U111109,2026-05-26,2026-05,control,1,0,0,0,0.0,0,0,0
U111110,2026-05-25,2026-05,control,1,0,0,0,0.0,0,0,0
U111111,2026-03-24,2026-03,control,1,0,0,0,0.0,0,0,0
U111112,2026-02-01,2026-02,treatment,1,0,0,0,0.0,0,0,0
U111113,2026-04-29,2026-04,treatment,1,1,0,0,0.0,0,0,0
U111114,2026-05-16,2026-05,treatment,1,0,0,0,0.0,0,0,0
U111115,2026-06-18,2026-06,control,1,0,0,0,0.0,1,1,1
U111116,2026-06-23,2026-06,treatment,1,1,1,1,78.01,1,1,1
U111117,2026-05-11,2026-05,treatment,1,0,0,0,0.0,1,1,1
U111118,2026-06-06,2026-06,treatment,1,0,0,0,0.0,0,0,0
U111119,2026-04-30,2026-04,treatment,1,0,0,0,0.0,0,0,0
U111120,2026-06-05,2026-06,treatment,1,1,1,0,0.0,0,0,0
U111121,2026-03-23,2026-03,control,1,0,0,0,0.0,0,0,0
U111122,2026-04-20,2026-04,control,1,1,1,1,28.83,1,1,1
U111123,2026-05-24,2026-05,control,1,0,0,0,0.0,1,1,1
U111124,2026-01-25,2026-01,control,1,0,0,0,0.0,1,1,1
U111125,2026-06-02,2026-06,control,1,1,0,0,0.0,0,0,0
U111126,2026-06-14,2026-06,control,1,1,1,1,72.95,0,0,0
U111127,2026-04-24,2026-04,control,1,0,0,0,0.0,1,1,1
U111128,2026-05-01,2026-05,treatment,1,1,1,0,0.0,0,0,0
U111129,2026-06-16,2026-06,treatment,1,0,0,0,0.0,1,1,1
U111130,2026-06-08,2026-06,treatment,1,1,1,0,0.0,0,0,0
U111131,2026-04-07,2026-04,control,1,1,0,0,0.0,1,1,1
U111132,2026-04-13,2026-04,control,1,0,0,0,0.0,1,1,1
U111133,2026-05-29,2026-05,control,1,1,1,1,46.44,0,0,0
U111134,2026-05-16,2026-05,treatment,1,0,0,0,0.0,0,0,0
U111135,2026-03-14,2026-03,treatment,1,1,0,0,0.0,1,1,1
U111136,2026-04-11,2026-04,control,1,1,1,0,0.0,1,1,1
U111137,2026-06-20,2026-06,treatment,1,0,0,0,0.0,1,1,1
U111138,2026-05-30,2026-05,control,1,0,0,0,0.0,1,1,1
U111139,2026-06-28,2026-06,treatment,1,1,0,0,0.0,1,1,1
U111140,2026-06-07,2026-06,control,1,0,0,0,0.0,1,1,1
U111141,2026-06-24,2026-06,control,1,1,0,0,0.0,0,0,0
U111142,2026-03-25,2026-03,treatment,1,0,0,0,0.0,0,0,0
U111143,2026-06-08,2026-06,treatment,1,1,1,0,0.0,1,1,1
U111144,2026-01-26,2026-01,treatment,1,0,0,0,0.0,0,0,0
U111145,2026-05-28,2026-05,treatment,1,0,0,0,0.0,0,0,0
U111146,2026-05-04,2026-05,control,1,1,1,1,48.49,0,0,0
U111147,2026-04-16,2026-04,control,1,1,1,0,0.0,1,1,1
U111148,2026-06-17,2026-06,treatment,1,0,0,0,0.0,0,0,0
U111149,2026-06-16,2026-06,treatment,1,0,0,0,0.0,0,0,0
U111150,2026-01-27,2026-01,treatment,1,1,0,0,0.0,1,1,1
U111151,2026-05-21,2026-05,control,1,1,0,0,0.0,0,0,0
U111152,2026-04-20,2026-04,treatment,1,1,1,0,0.0,0,0,0
U111153,2026-04-27,2026-04,control,1,1,1,1,32.7,1,1,1
U111154,2026-06-14,2026-06,treatment,1,0,0,0,0.0,0,0,0
U111155,2026-04-11,2026-04,treatment,1,1,1,1,65.43,0,0,0
U111156,2026-06-24,2026-06,treatment,1,1,0,0,0.0,1,1,1
U111157,2026-03-18,2026-03,control,1,0,0,0,0.0,0,0,0
U111158,2026-05-27,2026-05,control,1,0,0,0,0.0,0,0,0
U111159,2026-05-28,2026-05,control,1,0,0,0,0.0,1,1,1
U111160,2026-04-01,2026-04,treatment,1,1,0,0,0.0,0,0,0
U111161,2026-04-13,2026-04,control,1,1,0,0,0.0,1,1,1
U111162,2026-06-14,2026-06,treatment,1,1,1,1,38.84,0,0,0
U111163,2026-06-07,2026-06,treatment,1,0,0,0,0.0,0,0,0
U111164,2026-04-14,2026-04,treatment,1,1,1,0,0.0,1,1,1
U111165,2026-05-12,2026-05,treatment,1,1,0,0,0.0,0,0,0
U111166,2026-02-14,2026-02,treatment,1,0,0,0,0.0,0,0,0
U111167,2026-03-24,2026-03,treatment,1,0,0,0,0.0,1,1,1
U111168,2026-05-06,2026-05,control,1,1,1,1,53.43,1,1,1
U111169,2026-02-22,2026-02,treatment,1,1,1,0,0.0,0,0,0
U111170,2026-06-15,2026-06,treatment,1,0,0,0,0.0,0,0,0
U111171,2026-06-02,2026-06,control,1,0,0,0,0.0,0,0,0
U111172,2026-06-24,2026-06,treatment,1,0,0,0,0.0,1,1,1
U111173,2026-05-30,2026-05,treatment,1,0,0,0,0.0,0,0,0
U111174,2026-06-24,2026-06,treatment,1,0,0,0,0.0,0,0,0
U111175,2026-05-15,2026-05,control,1,0,0,0,0.0,0,0,0
U111176,2026-05-20,2026-05,treatment,1,1,1,0,0.0,0,0,0
U111177,2026-06-27,2026-06,control,1,1,1,0,0.0,0,0,0
U111178,2026-05-25,2026-05,treatment,1,0,0,0,0.0,0,0,0
U111179,2026-02-01,2026-02,control,1,1,0,0,0.0,0,0,0
U111180,2026-06-03,2026-06,treatment,1,1,0,0,0.0,1,1,1
U111181,2026-06-21,2026-06,control,1,0,0,0,0.0,0,0,0
U111182,2026-06-10,2026-06,control,1,0,0,0,0.0,0,0,0
U111183,2026-05-18,2026-05,control,1,1,1,1,49.65,0,0,0
U111184,2026-05-28,2026-05,control,1,1,1,0,0.0,1,1,1
U111185,2026-06-29,2026-06,treatment,1,0,0,0,0.0,0,0,0
U111186,2026-02-24,2026-02,treatment,1,0,0,0,0.0,1,1,1
U111187,2026-05-28,2026-05,control,1,1,0,0,0.0,0,0,0
U111188,2026-04-06,2026-04,control,1,0,0,0,0.0,0,0,0
U111189,2026-05-25,2026-05,control,1,1,1,1,23.09,0,0,0
U111190,2026-05-21,2026-05,treatment,1,1,1,1,53.61,0,0,0
U111191,2026-03-12,2026-03,control,1,0,0,0,0.0,1,1,1
U111192,2026-03-23,2026-03,control,1,0,0,0,0.0,0,0,0
U111193,2026-05-22,2026-05,control,1,0,0,0,0.0,0,0,0
U111194,2026-03-06,2026-03,control,1,0,0,0,0.0,0,0,0
U111195,2026-04-03,2026-04,control,1,0,0,0,0.0,0,0,0
U111196,2026-06-14,2026-06,control,1,1,0,0,0.0,0,0,0
U111197,2026-04-13,2026-04,treatment,1,1,1,0,0.0,0,0,0
U111198,2026-05-06,2026-05,treatment,1,1,1,0,0.0,1,1,1
U111199,2026-06-24,2026-06,control,1,1,1,0,0.0,0,0,0
U111200,2026-03-27,2026-03,treatment,1,1,1,1,78.6,1,1,1
U111201,2026-04-23,2026-04,control,1,1,1,1,56.71,0,0,0
U111202,2026-05-21,2026-05,treatment,1,0,0,0,0.0,0,0,0
U111203,2026-06-06,2026-06,control,1,0,0,0,0.0,0,0,0
U111204,2026-06-20,2026-06,treatment,1,0,0,0,0.0,0,0,0
U111205,2026-06-22,2026-06,treatment,1,0,0,0,0.0,0,0,0
U111206,2026-06-08,2026-06,control,1,1,1,0,0.0,1,1,1
U111207,2026-03-28,2026-03,treatment,1,0,0,0,0.0,0,0,0
U111208,2026-01-29,2026-01,control,1,1,0,0,0.0,0,0,0
U111209,2026-04-22,2026-04,treatment,1,0,0,0,0.0,1,1,1
U111210,2026-03-09,2026-03,control,1,0,0,0,0.0,0,0,0
U111211,2026-06-01,2026-06,control,1,1,0,0,0.0,0,0,0
U111212,2026-05-27,2026-05,treatment,1,0,0,0,0.0,1,1,1
U111213,2026-02-07,2026-02,control,1,0,0,0,0.0,0,0,0
U111214,2026-06-14,2026-06,control,1,0,0,0,0.0,0,0,0
U111215,2026-03-31,2026-03,control,1,1,0,0,0.0,0,0,0
U111216,2026-04-29,2026-04,treatment,1,0,0,0,0.0,1,1,1
U111217,2026-05-28,2026-05,control,1,0,0,0,0.0,0,0,0
U111218,2026-04-28,2026-04,control,1,1,1,1,27.96,0,0,0
U111219,2026-04-30,2026-04,treatment,1,1,1,1,86.43,1,1,1
U111220,2026-02-16,2026-02,control,1,1,0,0,0.0,0,0,0
U111221,2026-04-25,2026-04,control,1,0,0,0,0.0,0,0,0
U111222,2026-06-07,2026-06,control,1,1,1,1,55.54,0,0,0
U111223,2026-06-22,2026-06,control,1,1,1,0,0.0,0,0,0
U111224,2026-04-26,2026-04,control,1,0,0,0,0.0,0,0,0
U111225,2026-04-28,2026-04,treatment,1,0,0,0,0.0,1,1,1
U111226,2026-05-31,2026-05,control,1,1,1,0,0.0,0,0,0
U111227,2026-06-24,2026-06,control,1,1,1,1,50.69,1,1,1
U111228,2026-04-04,2026-04,control,1,1,0,0,0.0,0,0,0
U111229,2026-04-30,2026-04,control,1,1,0,0,0.0,0,0,0
U111230,2026-06-10,2026-06,treatment,1,0,0,0,0.0,1,1,1
U111231,2026-05-21,2026-05,control,1,0,0,0,0.0,0,0,0
U111232,2026-03-01,2026-03,control,1,0,0,0,0.0,0,0,0
U111233,2026-05-23,2026-05,control,1,0,0,0,0.0,1,1,1
U111234,2026-03-19,2026-03,treatment,1,0,0,0,0.0,0,0,0
U111235,2026-05-09,2026-05,control,1,0,0,0,0.0,1,1,1
U111236,2026-05-11,2026-05,control,1,1,0,0,0.0,1,1,1
U111237,2026-06-18,2026-06,treatment,1,0,0,0,0.0,0,0,0
U111238,2026-05-03,2026-05,control,1,0,0,0,0.0,1,1,1
U111239,2026-04-06,2026-04,treatment,1,1,0,0,0.0,0,0,0
U111240,2026-03-28,2026-03,treatment,1,1,1,0,0.0,1,1,1
U111241,2026-06-18,2026-06,control,1,0,0,0,0.0,1,1,1
U111242,2026-03-16,2026-03,treatment,1,1,1,0,0.0,0,0,0
U111243,2026-04-28,2026-04,treatment,1,1,1,1,78.74,0,0,0
U111244,2026-03-19,2026-03,treatment,1,0,0,0,0.0,1,1,1
U111245,2026-06-08,2026-06,treatment,1,0,0,0,0.0,1,1,1
U111246,2026-05-04,2026-05,control,1,0,0,0,0.0,1,1,1
U111247,2026-04-17,2026-04,control,1,1,0,0,0.0,0,0,0
U111248,2026-04-19,2026-04,treatment,1,0,0,0,0.0,0,0,0
U111249,2026-06-16,2026-06,control,1,0,0,0,0.0,0,0,0
U111250,2026-05-14,2026-05,treatment,1,1,0,0,0.0,1,1,1
U111251,2026-06-02,2026-06,control,1,0,0,0,0.0,0,0,0
U111252,2026-06-20,2026-06,treatment,1,0,0,0,0.0,1,1,1
U111253,2026-06-20,2026-06,control,1,0,0,0,0.0,1,1,1
U111254,2026-04-14,2026-04,control,1,0,0,0,0.0,1,1,1
U111255,2026-06-25,2026-06,treatment,1,1,1,1,32.71,0,0,0
U111256,2026-01-29,2026-01,control,1,1,1,1,47.31,1,1,1
U111257,2026-04-21,2026-04,control,1,0,0,0,0.0,0,0,0
U111258,2026-06-20,2026-06,control,1,0,0,0,0.0,0,0,0
U111259,2026-04-05,2026-04,treatment,1,0,0,0,0.0,1,1,1
U111260,2026-04-05,2026-04,treatment,1,1,0,0,0.0,1,1,1
U111261,2026-04-10,2026-04,control,1,1,1,0,0.0,0,0,0
U111262,2026-05-21,2026-05,control,1,0,0,0,0.0,1,1,1
U111263,2026-04-30,2026-04,control,1,0,0,0,0.0,0,0,0
U111264,2026-06-03,2026-06,treatment,1,0,0,0,0.0,1,1,1
U111265,2026-06-20,2026-06,control,1,0,0,0,0.0,1,1,1
U111266,2026-05-28,2026-05,control,1,1,1,1,55.16,0,0,0
U111267,2026-03-23,2026-03,control,1,1,1,0,0.0,0,0,0
U111268,2026-06-23,2026-06,treatment,1,1,0,0,0.0,0,0,0
U111269,2026-04-03,2026-04,treatment,1,1,1,0,0.0,0,0,0
U111270,2026-03-11,2026-03,treatment,1,0,0,0,0.0,0,0,0
U111271,2026-02-23,2026-02,control,1,0,0,0,0.0,0,0,0
U111272,2026-05-16,2026-05,treatment,1,0,0,0,0.0,0,0,0
U111273,2026-03-02,2026-03,treatment,1,0,0,0,0.0,1,1,1
U111274,2026-03-09,2026-03,control,1,0,0,0,0.0,0,0,0
U111275,2026-04-09,2026-04,control,1,0,0,0,0.0,1,1,1
U111276,2026-04-06,2026-04,control,1,0,0,0,0.0,1,1,1
U111277,2026-05-20,2026-05,treatment,1,1,0,0,0.0,1,1,1
U111278,2026-06-12,2026-06,treatment,1,1,1,0,0.0,0,0,0
U111279,2026-06-07,2026-06,treatment,1,0,0,0,0.0,0,0,0
U111280,2026-04-03,2026-04,control,1,0,0,0,0.0,1,1,1
U111281,2026-03-31,2026-03,control,1,0,0,0,0.0,0,0,0
U111282,2026-06-26,2026-06,treatment,1,1,1,0,0.0,0,0,0
U111283,2026-01-17,2026-01,control,1,1,1,0,0.0,1,1,1
U111284,2026-06-18,2026-06,treatment,1,1,1,0,0.0,1,1,1
U111285,2026-03-22,2026-03,treatment,1,1,1,1,30.97,0,0,0
U111286,2026-06-25,2026-06,control,1,0,0,0,0.0,1,1,1
U111287,2026-04-16,2026-04,control,1,0,0,0,0.0,0,0,0
U111288,2026-04-30,2026-04,treatment,1,0,0,0,0.0,0,0,0
U111289,2026-06-01,2026-06,control,1,1,0,0,0.0,0,0,0
U111290,2026-05-18,2026-05,treatment,1,0,0,0,0.0,0,0,0
U111291,2026-04-12,2026-04,control,1,1,0,0,0.0,0,0,0
U111292,2026-05-14,2026-05,treatment,1,1,1,1,64.36,0,0,0
U111293,2026-06-03,2026-06,treatment,1,0,0,0,0.0,1,1,1
U111294,2026-02-07,2026-02,treatment,1,1,1,1,112.85,0,0,0
U111295,2026-01-20,2026-01,control,1,0,0,0,0.0,0,0,0
U111296,2026-05-02,2026-05,treatment,1,1,0,0,0.0,1,1,1
U111297,2026-03-07,2026-03,control,1,1,0,0,0.0,1,1,1
U111298,2026-05-27,2026-05,control,1,0,0,0,0.0,0,0,0
U111299,2026-03-25,2026-03,control,1,0,0,0,0.0,0,0,0
U111300,2026-04-29,2026-04,control,1,0,0,0,0.0,1,1,1
U111301,2026-03-22,2026-03,control,1,1,1,0,0.0,0,0,0
U111302,2026-05-14,2026-05,control,1,0,0,0,0.0,0,0,0
U111303,2026-03-03,2026-03,treatment,1,1,0,0,0.0,0,0,0
U111304,2026-01-28,2026-01,treatment,1,0,0,0,0.0,1,1,1
U111305,2026-02-10,2026-02,control,1,1,1,1,49.95,1,1,1
U111306,2026-06-25,2026-06,treatment,1,1,0,0,0.0,0,0,0
U111307,2026-03-09,2026-03,control,1,1,1,0,0.0,1,1,1
U111308,2026-06-01,2026-06,control,1,0,0,0,0.0,0,0,0
U111309,2026-02-16,2026-02,treatment,1,1,1,0,0.0,0,0,0
U111310,2026-03-01,2026-03,control,1,0,0,0,0.0,1,1,1
U111311,2026-05-09,2026-05,treatment,1,0,0,0,0.0,0,0,0
U111312,2026-05-03,2026-05,control,1,0,0,0,0.0,0,0,0
U111313,2026-06-25,2026-06,control,1,0,0,0,0.0,0,0,0
U111314,2026-06-24,2026-06,control,1,1,1,0,0.0,0,0,0
U111315,2026-06-08,2026-06,treatment,1,0,0,0,0.0,1,1,1
U111316,2026-05-20,2026-05,treatment,1,1,1,1,86.31,0,0,0
U111317,2026-05-02,2026-05,treatment,1,0,0,0,0.0,0,0,0
U111318,2026-04-18,2026-04,treatment,1,0,0,0,0.0,1,1,1
U111319,2026-06-25,2026-06,control,1,0,0,0,0.0,1,1,1
U111320,2026-05-20,2026-05,treatment,1,0,0,0,0.0,1,1,1
U111321,2026-05-17,2026-05,control,1,0,0,0,0.0,0,0,0
U111322,2026-03-28,2026-03,control,1,1,1,0,0.0,1,1,1
U111323,2026-02-08,2026-02,treatment,1,1,0,0,0.0,1,1,1
U111324,2026-06-24,2026-06,control,1,0,0,0,0.0,1,1,1
U111325,2026-04-11,2026-04,control,1,0,0,0,0.0,0,0,0
U111326,2026-04-30,2026-04,treatment,1,0,0,0,0.0,1,1,1
U111327,2026-03-02,2026-03,treatment,1,1,0,0,0.0,0,0,0
U111328,2026-06-14,2026-06,treatment,1,1,1,1,62.02,0,0,0
U111329,2026-01-30,2026-01,control,1,1,1,0,0.0,0,0,0
U111330,2026-06-14,2026-06,control,1,0,0,0,0.0,1,1,1
U111331,2026-03-09,2026-03,treatment,1,0,0,0,0.0,0,0,0
U111332,2026-06-19,2026-06,treatment,1,0,0,0,0.0,0,0,0
U111333,2026-06-03,2026-06,treatment,1,1,0,0,0.0,0,0,0
U111334,2026-03-15,2026-03,treatment,1,0,0,0,0.0,0,0,0
U111335,2026-05-16,2026-05,treatment,1,1,1,1,69.15,0,0,0
U111336,2026-04-11,2026-04,control,1,0,0,0,0.0,1,1,1
U111337,2026-03-17,2026-03,treatment,1,0,0,0,0.0,1,1,1
U111338,2026-06-16,2026-06,treatment,1,0,0,0,0.0,0,0,0
U111339,2026-04-25,2026-04,treatment,1,1,1,1,129.82,0,0,0
U111340,2026-04-24,2026-04,control,1,0,0,0,0.0,1,1,1
U111341,2026-03-16,2026-03,treatment,1,1,1,1,38.07,1,1,1
U111342,2026-04-22,2026-04,treatment,1,0,0,0,0.0,0,0,0
U111343,2026-06-18,2026-06,treatment,1,0,0,0,0.0,0,0,0
U111344,2026-04-19,2026-04,treatment,1,0,0,0,0.0,1,1,1
U111345,2026-06-25,2026-06,control,1,1,0,0,0.0,0,0,0
U111346,2026-06-25,2026-06,control,1,0,0,0,0.0,0,0,0
U111347,2026-03-10,2026-03,control,1,0,0,0,0.0,1,1,1
U111348,2026-03-17,2026-03,control,1,0,0,0,0.0,0,0,0
U111349,2026-06-17,2026-06,treatment,1,0,0,0,0.0,1,1,1
U111350,2026-04-23,2026-04,control,1,1,1,0,0.0,1,1,1
U111351,2026-01-12,2026-01,treatment,1,0,0,0,0.0,0,0,0
U111352,2026-04-05,2026-04,control,1,1,0,0,0.0,1,1,1
U111353,2026-05-20,2026-05,control,1,1,1,0,0.0,1,1,1
U111354,2026-06-10,2026-06,control,1,1,1,0,0.0,1,1,1
U111355,2026-03-07,2026-03,treatment,1,0,0,0,0.0,1,1,1
U111356,2026-03-01,2026-03,control,1,0,0,0,0.0,0,0,0
U111357,2026-06-22,2026-06,control,1,1,0,0,0.0,0,0,0
U111358,2026-06-06,2026-06,treatment,1,1,0,0,0.0,0,0,0
U111359,2026-05-19,2026-05,treatment,1,0,0,0,0.0,0,0,0
U111360,2026-06-07,2026-06,treatment,1,0,0,0,0.0,0,0,0
U111361,2026-04-28,2026-04,control,1,1,1,1,29.92,0,0,0
U111362,2026-06-06,2026-06,control,1,0,0,0,0.0,0,0,0
U111363,2026-04-20,2026-04,treatment,1,1,1,1,81.6,0,0,0
U111364,2026-03-30,2026-03,treatment,1,0,0,0,0.0,0,0,0
U111365,2026-06-03,2026-06,treatment,1,0,0,0,0.0,0,0,0
U111366,2026-04-27,2026-04,control,1,0,0,0,0.0,0,0,0
U111367,2026-06-28,2026-06,control,1,0,0,0,0.0,1,1,1
U111368,2026-04-17,2026-04,control,1,0,0,0,0.0,1,1,1
U111369,2026-06-22,2026-06,treatment,1,1,1,1,21.12,0,0,0
U111370,2026-06-23,2026-06,control,1,1,1,0,0.0,1,1,1
U111371,2026-03-30,2026-03,treatment,1,1,1,1,67.21,1,1,1
U111372,2026-06-10,2026-06,control,1,1,1,0,0.0,0,0,0
U111373,2026-04-29,2026-04,treatment,1,0,0,0,0.0,1,1,1
U111374,2026-06-22,2026-06,control,1,0,0,0,0.0,1,1,1
U111375,2026-05-01,2026-05,treatment,1,1,1,1,46.97,0,0,0
U111376,2026-06-05,2026-06,control,1,0,0,0,0.0,0,0,0
U111377,2026-05-04,2026-05,treatment,1,0,0,0,0.0,1,1,1
U111378,2026-03-27,2026-03,treatment,1,1,1,1,94.54,0,0,0
U111379,2026-03-22,2026-03,control,1,0,0,0,0.0,0,0,0
U111380,2026-04-28,2026-04,treatment,1,1,0,0,0.0,1,1,1
U111381,2026-06-06,2026-06,treatment,1,1,0,0,0.0,1,1,1
U111382,2026-05-21,2026-05,treatment,1,0,0,0,0.0,0,0,0
U111383,2026-05-30,2026-05,treatment,1,0,0,0,0.0,1,1,1
U111384,2026-04-06,2026-04,treatment,1,1,0,0,0.0,1,1,1
U111385,2026-05-05,2026-05,control,1,0,0,0,0.0,0,0,0
U111386,2026-02-07,2026-02,control,1,0,0,0,0.0,0,0,0
U111387,2026-06-12,2026-06,treatment,1,0,0,0,0.0,1,1,1
U111388,2026-06-29,2026-06,control,1,1,0,0,0.0,0,0,0
U111389,2026-04-25,2026-04,control,1,1,0,0,0.0,0,0,0
U111390,2026-01-19,2026-01,treatment,1,1,1,1,69.42,0,0,0
U111391,2026-03-16,2026-03,control,1,1,1,0,0.0,1,1,1
U111392,2026-05-26,2026-05,treatment,1,1,0,0,0.0,0,0,0
U111393,2026-05-21,2026-05,treatment,1,0,0,0,0.0,0,0,0
U111394,2026-06-09,2026-06,treatment,1,1,1,1,44.08,1,1,1
U111395,2026-04-01,2026-04,control,1,0,0,0,0.0,0,0,0
U111396,2026-06-07,2026-06,control,1,0,0,0,0.0,0,0,0
U111397,2026-05-30,2026-05,control,1,1,0,0,0.0,0,0,0
U111398,2026-04-13,2026-04,control,1,0,0,0,0.0,0,0,0
U111399,2026-05-13,2026-05,control,1,1,0,0,0.0,0,0,0
U111400,2026-03-11,2026-03,control,1,0,0,0,0.0,0,0,0
U111401,2026-05-02,2026-05,treatment,1,1,0,0,0.0,1,1,1
U111402,2026-06-18,2026-06,treatment,1,0,0,0,0.0,0,0,0
U111403,2026-04-27,2026-04,treatment,1,0,0,0,0.0,1,1,1
U111404,2026-06-14,2026-06,treatment,1,0,0,0,0.0,1,1,1
U111405,2026-05-19,2026-05,control,1,0,0,0,0.0,1,1,1
U111406,2026-03-20,2026-03,treatment,1,0,0,0,0.0,0,0,0
U111407,2026-05-18,2026-05,treatment,1,1,1,1,190.16,0,0,0
U111408,2026-05-09,2026-05,control,1,1,0,0,0.0,1,1,1
U111409,2026-04-24,2026-04,treatment,1,0,0,0,0.0,0,0,0
U111410,2026-03-04,2026-03,control,1,0,0,0,0.0,0,0,0
U111411,2026-04-27,2026-04,control,1,0,0,0,0.0,0,0,0
U111412,2026-02-18,2026-02,treatment,1,0,0,0,0.0,0,0,0
U111413,2026-02-26,2026-02,treatment,1,1,1,1,55.78,1,1,1
U111414,2026-04-27,2026-04,treatment,1,0,0,0,0.0,1,1,1
U111415,2026-04-10,2026-04,treatment,1,1,1,1,75.96,1,1,1
U111416,2026-06-23,2026-06,treatment,1,0,0,0,0.0,0,0,0
U111417,2026-04-21,2026-04,treatment,1,0,0,0,0.0,1,1,1
U111418,2026-06-06,2026-06,control,1,1,1,1,97.95,0,0,0
U111419,2026-05-12,2026-05,treatment,1,0,0,0,0.0,1,1,1
U111420,2026-06-01,2026-06,control,1,1,1,0,0.0,0,0,0
U111421,2026-04-02,2026-04,control,1,1,0,0,0.0,1,1,1
U111422,2026-06-24,2026-06,control,1,1,0,0,0.0,1,1,1
U111423,2026-05-12,2026-05,treatment,1,0,0,0,0.0,0,0,0
U111424,2026-06-14,2026-06,treatment,1,1,0,0,0.0,0,0,0
U111425,2026-04-19,2026-04,treatment,1,1,0,0,0.0,1,1,1
U111426,2026-02-26,2026-02,control,1,0,0,0,0.0,1,1,1
U111427,2026-05-28,2026-05,treatment,1,0,0,0,0.0,0,0,0
U111428,2026-01-16,2026-01,control,1,0,0,0,0.0,1,1,1
U111429,2026-05-05,2026-05,control,1,0,0,0,0.0,1,1,1
U111430,2026-03-21,2026-03,treatment,1,1,1,1,40.45,0,0,0
U111431,2026-05-23,2026-05,control,1,0,0,0,0.0,1,1,1
U111432,2026-06-28,2026-06,treatment,1,1,1,1,51.1,0,0,0
U111433,2026-05-03,2026-05,control,1,0,0,0,0.0,0,0,0
U111434,2026-06-12,2026-06,control,1,0,0,0,0.0,0,0,0
U111435,2026-05-09,2026-05,treatment,1,1,1,0,0.0,1,1,1
U111436,2026-05-07,2026-05,control,1,0,0,0,0.0,0,0,0
U111437,2026-06-23,2026-06,control,1,0,0,0,0.0,0,0,0
U111438,2026-06-19,2026-06,control,1,1,1,0,0.0,1,1,1
U111439,2026-06-09,2026-06,treatment,1,1,0,0,0.0,0,0,0
U111440,2026-04-08,2026-04,treatment,1,1,1,0,0.0,0,0,0
U111441,2026-05-13,2026-05,treatment,1,1,1,1,35.95,0,0,0
U111442,2026-03-27,2026-03,treatment,1,1,1,1,53.32,0,0,0
U111443,2026-04-30,2026-04,treatment,1,0,0,0,0.0,1,1,1
U111444,2026-05-06,2026-05,treatment,1,1,0,0,0.0,0,0,0
U111445,2026-06-14,2026-06,treatment,1,1,1,0,0.0,1,1,1
U111446,2026-06-20,2026-06,treatment,1,0,0,0,0.0,0,0,0
U111447,2026-04-26,2026-04,control,1,0,0,0,0.0,0,0,0
U111448,2026-01-24,2026-01,treatment,1,0,0,0,0.0,0,0,0
U111449,2026-06-17,2026-06,control,1,1,1,1,222.9,0,0,0
U111450,2026-03-17,2026-03,control,1,0,0,0,0.0,0,0,0
U111451,2026-05-22,2026-05,treatment,1,1,1,1,52.71,1,1,1
U111452,2026-01-29,2026-01,control,1,0,0,0,0.0,1,1,1
U111453,2026-04-24,2026-04,treatment,1,1,1,1,80.55,0,0,0
U111454,2026-06-28,2026-06,treatment,1,0,0,0,0.0,0,0,0
U111455,2026-02-27,2026-02,control,1,0,0,0,0.0,1,1,1
U111456,2026-04-28,2026-04,treatment,1,1,1,1,21.83,1,1,1
U111457,2026-04-10,2026-04,treatment,1,1,1,1,72.74,1,1,1
U111458,2026-06-21,2026-06,control,1,0,0,0,0.0,0,0,0
U111459,2026-06-17,2026-06,treatment,1,0,0,0,0.0,1,1,1
U111460,2026-03-29,2026-03,treatment,1,0,0,0,0.0,1,1,1
U111461,2026-02-21,2026-02,control,1,0,0,0,0.0,1,1,1
U111462,2026-05-23,2026-05,control,1,1,0,0,0.0,1,1,1
U111463,2026-04-15,2026-04,control,1,1,0,0,0.0,0,0,0
U111464,2026-05-28,2026-05,control,1,1,1,0,0.0,1,1,1
U111465,2026-02-02,2026-02,control,1,0,0,0,0.0,0,0,0
U111466,2026-03-07,2026-03,treatment,1,0,0,0,0.0,0,0,0
U111467,2026-05-30,2026-05,control,1,0,0,0,0.0,1,1,1
U111468,2026-03-24,2026-03,treatment,1,1,1,0,0.0,0,0,0
U111469,2026-06-16,2026-06,control,1,0,0,0,0.0,0,0,0
U111470,2026-02-13,2026-02,control,1,1,0,0,0.0,0,0,0
U111471,2026-03-25,2026-03,treatment,1,0,0,0,0.0,1,1,1
U111472,2026-06-29,2026-06,treatment,1,0,0,0,0.0,1,1,1
U111473,2026-04-29,2026-04,treatment,1,0,0,0,0.0,0,0,0
U111474,2026-05-31,2026-05,control,1,1,0,0,0.0,0,0,0
U111475,2026-03-18,2026-03,treatment,1,0,0,0,0.0,0,0,0
U111476,2026-05-21,2026-05,control,1,0,0,0,0.0,1,1,1
U111477,2026-06-03,2026-06,control,1,1,1,0,0.0,1,1,1
U111478,2026-04-11,2026-04,control,1,1,0,0,0.0,0,0,0
U111479,2026-06-13,2026-06,treatment,1,0,0,0,0.0,1,1,1
U111480,2026-05-20,2026-05,control,1,0,0,0,0.0,0,0,0
U111481,2026-04-23,2026-04,treatment,1,0,0,0,0.0,1,1,1
U111482,2026-05-15,2026-05,treatment,1,1,1,1,71.98,0,0,0
U111483,2026-05-17,2026-05,treatment,1,1,1,1,26.89,1,1,1
U111484,2026-03-15,2026-03,control,1,0,0,0,0.0,0,0,0
U111485,2026-04-25,2026-04,control,1,1,1,0,0.0,1,1,1
U111486,2026-04-16,2026-04,control,1,0,0,0,0.0,1,1,1
U111487,2026-04-24,2026-04,control,1,0,0,0,0.0,1,1,1
U111488,2026-06-07,2026-06,treatment,1,1,1,1,39.69,0,0,0
U111489,2026-05-06,2026-05,treatment,1,0,0,0,0.0,0,0,0
U111490,2026-06-24,2026-06,treatment,1,1,1,1,26.67,0,0,0
U111491,2026-04-08,2026-04,treatment,1,1,1,1,66.98,1,1,1
U111492,2026-04-27,2026-04,treatment,1,0,0,0,0.0,0,0,0
U111493,2026-06-09,2026-06,control,1,0,0,0,0.0,1,1,1
U111494,2026-05-14,2026-05,treatment,1,0,0,0,0.0,0,0,0
U111495,2026-05-14,2026-05,control,1,1,1,0,0.0,0,0,0
U111496,2026-02-11,2026-02,treatment,1,0,0,0,0.0,1,1,1
U111497,2026-04-24,2026-04,treatment,1,0,0,0,0.0,1,1,1
U111498,2026-04-04,2026-04,treatment,1,0,0,0,0.0,0,0,0
U111499,2026-06-29,2026-06,control,1,1,1,1,28.1,0,0,0
U111500,2026-04-10,2026-04,treatment,1,0,0,0,0.0,1,1,1
U111501,2026-06-19,2026-06,treatment,1,0,0,0,0.0,1,1,1
U111502,2026-05-29,2026-05,treatment,1,1,0,0,0.0,1,1,1
U111503,2026-04-16,2026-04,treatment,1,0,0,0,0.0,0,0,0
U111504,2026-05-13,2026-05,control,1,0,0,0,0.0,0,0,0
U111505,2026-06-15,2026-06,control,1,1,1,0,0.0,0,0,0
U111506,2026-06-19,2026-06,treatment,1,1,0,0,0.0,0,0,0
U111507,2026-03-14,2026-03,treatment,1,0,0,0,0.0,0,0,0
U111508,2026-04-15,2026-04,treatment,1,0,0,0,0.0,1,1,1
U111509,2026-04-15,2026-04,control,1,0,0,0,0.0,0,0,0
U111510,2026-02-06,2026-02,control,1,0,0,0,0.0,1,1,1
U111511,2026-05-20,2026-05,control,1,1,0,0,0.0,1,1,1
U111512,2026-06-16,2026-06,control,1,0,0,0,0.0,0,0,0
U111513,2026-04-22,2026-04,control,1,1,0,0,0.0,0,0,0
U111514,2026-06-04,2026-06,control,1,0,0,0,0.0,0,0,0
U111515,2026-05-23,2026-05,treatment,1,1,0,0,0.0,0,0,0
U111516,2026-04-21,2026-04,treatment,1,0,0,0,0.0,0,0,0
U111517,2026-03-09,2026-03,control,1,1,1,1,30.94,0,0,0
U111518,2026-06-01,2026-06,treatment,1,0,0,0,0.0,0,0,0
U111519,2026-06-16,2026-06,treatment,1,1,1,1,16.84,0,0,0
U111520,2026-05-30,2026-05,control,1,0,0,0,0.0,1,1,1
U111521,2026-01-25,2026-01,treatment,1,0,0,0,0.0,0,0,0
U111522,2026-03-25,2026-03,treatment,1,1,0,0,0.0,0,0,0
U111523,2026-02-17,2026-02,control,1,0,0,0,0.0,0,0,0
U111524,2026-05-16,2026-05,control,1,0,0,0,0.0,0,0,0
U111525,2026-06-06,2026-06,control,1,1,1,1,49.02,0,0,0
U111526,2026-03-01,2026-03,treatment,1,1,1,0,0.0,0,0,0
U111527,2026-06-14,2026-06,control,1,0,0,0,0.0,1,1,1
U111528,2026-05-15,2026-05,control,1,0,0,0,0.0,0,0,0
U111529,2026-05-30,2026-05,treatment,1,0,0,0,0.0,0,0,0
U111530,2026-06-27,2026-06,control,1,1,0,0,0.0,1,1,1
U111531,2026-02-22,2026-02,treatment,1,0,0,0,0.0,0,0,0
U111532,2026-06-20,2026-06,control,1,1,0,0,0.0,0,0,0
U111533,2026-03-05,2026-03,treatment,1,0,0,0,0.0,1,1,1
U111534,2026-04-23,2026-04,control,1,0,0,0,0.0,0,0,0
U111535,2026-06-16,2026-06,control,1,0,0,0,0.0,1,1,1
U111536,2026-06-21,2026-06,control,1,1,0,0,0.0,1,1,1
U111537,2026-05-09,2026-05,treatment,1,0,0,0,0.0,0,0,0
U111538,2026-05-19,2026-05,control,1,0,0,0,0.0,0,0,0
U111539,2026-06-01,2026-06,treatment,1,0,0,0,0.0,0,0,0
U111540,2026-06-14,2026-06,treatment,1,0,0,0,0.0,0,0,0
U111541,2026-03-04,2026-03,treatment,1,0,0,0,0.0,1,1,1
U111542,2026-06-12,2026-06,control,1,0,0,0,0.0,0,0,0
U111543,2026-05-05,2026-05,treatment,1,1,1,1,110.2,1,1,1
U111544,2026-05-01,2026-05,treatment,1,0,0,0,0.0,1,1,1
U111545,2026-04-28,2026-04,control,1,0,0,0,0.0,0,0,0
U111546,2026-05-09,2026-05,treatment,1,1,1,0,0.0,1,1,1
U111547,2026-06-24,2026-06,treatment,1,0,0,0,0.0,1,1,1
U111548,2026-05-14,2026-05,treatment,1,1,1,0,0.0,0,0,0
U111549,2026-06-25,2026-06,control,1,0,0,0,0.0,1,1,1
U111550,2026-03-18,2026-03,treatment,1,0,0,0,0.0,0,0,0
U111551,2026-06-03,2026-06,control,1,0,0,0,0.0,0,0,0
U111552,2026-06-12,2026-06,control,1,0,0,0,0.0,0,0,0
U111553,2026-05-29,2026-05,control,1,0,0,0,0.0,1,1,1
U111554,2026-05-21,2026-05,control,1,0,0,0,0.0,1,1,1
U111555,2026-05-16,2026-05,treatment,1,1,0,0,0.0,0,0,0
U111556,2026-06-17,2026-06,treatment,1,0,0,0,0.0,0,0,0
U111557,2026-06-13,2026-06,control,1,0,0,0,0.0,0,0,0
U111558,2026-03-04,2026-03,control,1,0,0,0,0.0,0,0,0
U111559,2026-06-15,2026-06,control,1,1,1,0,0.0,0,0,0
U111560,2026-04-26,2026-04,treatment,1,0,0,0,0.0,0,0,0
U111561,2026-04-01,2026-04,treatment,1,0,0,0,0.0,0,0,0
U111562,2026-06-17,2026-06,control,1,1,1,1,52.17,1,1,1
U111563,2026-04-29,2026-04,treatment,1,1,0,0,0.0,1,1,1
U111564,2026-06-11,2026-06,control,1,0,0,0,0.0,0,0,0
U111565,2026-04-03,2026-04,treatment,1,1,0,0,0.0,1,1,1
U111566,2026-01-12,2026-01,treatment,1,0,0,0,0.0,0,0,0
U111567,2026-05-07,2026-05,control,1,1,1,1,55.43,0,0,0
U111568,2026-02-26,2026-02,treatment,1,1,1,1,23.15,0,0,0
U111569,2026-06-06,2026-06,control,1,1,1,0,0.0,0,0,0
U111570,2026-04-05,2026-04,control,1,1,0,0,0.0,1,1,1
U111571,2026-04-30,2026-04,treatment,1,0,0,0,0.0,1,1,1
U111572,2026-02-23,2026-02,treatment,1,0,0,0,0.0,1,1,1
U111573,2026-04-07,2026-04,control,1,0,0,0,0.0,0,0,0
U111574,2026-06-09,2026-06,treatment,1,0,0,0,0.0,0,0,0
U111575,2026-03-12,2026-03,treatment,1,0,0,0,0.0,1,1,1
U111576,2026-05-25,2026-05,control,1,1,1,1,52.22,1,1,1
U111577,2026-06-22,2026-06,control,1,0,0,0,0.0,0,0,0
U111578,2026-05-29,2026-05,treatment,1,0,0,0,0.0,0,0,0
U111579,2026-06-12,2026-06,treatment,1,0,0,0,0.0,1,1,1
U111580,2026-03-01,2026-03,control,1,1,1,1,74.42,1,1,1
U111581,2026-04-01,2026-04,treatment,1,0,0,0,0.0,0,0,0
U111582,2026-06-20,2026-06,treatment,1,0,0,0,0.0,0,0,0
U111583,2026-06-02,2026-06,control,1,1,0,0,0.0,0,0,0
U111584,2026-05-24,2026-05,treatment,1,1,1,0,0.0,1,1,1
U111585,2026-05-27,2026-05,control,1,1,1,1,50.24,0,0,0
U111586,2026-04-26,2026-04,control,1,1,1,0,0.0,0,0,0
U111587,2026-02-07,2026-02,treatment,1,0,0,0,0.0,0,0,0
U111588,2026-06-09,2026-06,treatment,1,1,1,1,107.57,1,1,1
U111589,2026-05-29,2026-05,control,1,0,0,0,0.0,0,0,0
U111590,2026-05-04,2026-05,treatment,1,0,0,0,0.0,0,0,0
U111591,2026-06-20,2026-06,treatment,1,0,0,0,0.0,1,1,1
U111592,2026-04-15,2026-04,control,1,0,0,0,0.0,1,1,1
U111593,2026-04-08,2026-04,control,1,0,0,0,0.0,1,1,1
U111594,2026-06-18,2026-06,treatment,1,0,0,0,0.0,0,0,0
U111595,2026-06-10,2026-06,treatment,1,1,0,0,0.0,0,0,0
U111596,2026-05-10,2026-05,control,1,0,0,0,0.0,0,0,0
U111597,2026-03-07,2026-03,control,1,1,0,0,0.0,0,0,0
U111598,2026-03-25,2026-03,control,1,0,0,0,0.0,0,0,0
U111599,2026-05-26,2026-05,control,1,1,1,1,121.75,0,0,0
U111600,2026-04-22,2026-04,treatment,1,0,0,0,0.0,1,1,1
U111601,2026-06-14,2026-06,control,1,1,0,0,0.0,0,0,0
U111602,2026-06-25,2026-06,control,1,1,0,0,0.0,0,0,0
U111603,2026-06-11,2026-06,treatment,1,1,1,1,52.65,0,0,0
U111604,2026-04-21,2026-04,control,1,0,0,0,0.0,0,0,0
U111605,2026-06-09,2026-06,control,1,0,0,0,0.0,0,0,0
U111606,2026-04-17,2026-04,treatment,1,0,0,0,0.0,0,0,0
U111607,2026-03-15,2026-03,treatment,1,0,0,0,0.0,0,0,0
U111608,2026-02-02,2026-02,treatment,1,0,0,0,0.0,0,0,0
U111609,2026-04-22,2026-04,control,1,1,1,1,52.47,1,1,1
U111610,2026-06-21,2026-06,control,1,0,0,0,0.0,1,1,1
U111611,2026-03-29,2026-03,treatment,1,0,0,0,0.0,0,0,0
U111612,2026-03-23,2026-03,treatment,1,0,0,0,0.0,1,1,1
U111613,2026-06-27,2026-06,control,1,0,0,0,0.0,0,0,0
U111614,2026-01-29,2026-01,control,1,1,1,1,61.97,0,0,0
U111615,2026-06-09,2026-06,treatment,1,1,1,1,36.73,0,0,0
U111616,2026-04-13,2026-04,control,1,0,0,0,0.0,1,1,1
U111617,2026-02-04,2026-02,control,1,0,0,0,0.0,0,0,0
U111618,2026-06-22,2026-06,control,1,1,1,0,0.0,0,0,0
U111619,2026-03-09,2026-03,treatment,1,0,0,0,0.0,0,0,0
U111620,2026-05-14,2026-05,treatment,1,1,0,0,0.0,0,0,0
U111621,2026-04-05,2026-04,treatment,1,1,1,0,0.0,0,0,0
U111622,2026-02-15,2026-02,control,1,0,0,0,0.0,0,0,0
U111623,2026-02-10,2026-02,control,1,0,0,0,0.0,0,0,0
U111624,2026-03-03,2026-03,control,1,0,0,0,0.0,1,1,1
U111625,2026-02-18,2026-02,treatment,1,1,1,0,0.0,0,0,0
U111626,2026-06-06,2026-06,treatment,1,0,0,0,0.0,0,0,0
U111627,2026-05-06,2026-05,treatment,1,0,0,0,0.0,1,1,1
U111628,2026-04-16,2026-04,control,1,1,1,1,17.5,1,1,1
U111629,2026-04-27,2026-04,treatment,1,1,1,1,42.75,0,0,0
U111630,2026-06-23,2026-06,treatment,1,0,0,0,0.0,1,1,1
U111631,2026-06-21,2026-06,control,1,0,0,0,0.0,1,1,1
U111632,2026-06-02,2026-06,control,1,0,0,0,0.0,0,0,0
U111633,2026-06-19,2026-06,treatment,1,0,0,0,0.0,1,1,1
U111634,2026-04-12,2026-04,treatment,1,0,0,0,0.0,0,0,0
U111635,2026-04-22,2026-04,control,1,1,1,0,0.0,0,0,0
U111636,2026-05-22,2026-05,treatment,1,0,0,0,0.0,0,0,0
U111637,2026-05-23,2026-05,treatment,1,0,0,0,0.0,0,0,0
U111638,2026-05-05,2026-05,control,1,0,0,0,0.0,1,1,1
U111639,2026-04-24,2026-04,control,1,0,0,0,0.0,1,1,1
U111640,2026-06-28,2026-06,control,1,1,0,0,0.0,0,0,0
U111641,2026-06-13,2026-06,control,1,1,1,1,42.95,0,0,0
U111642,2026-04-29,2026-04,control,1,1,1,0,0.0,1,1,1
U111643,2026-06-03,2026-06,control,1,1,0,0,0.0,0,0,0
U111644,2026-04-04,2026-04,treatment,1,1,1,1,23.41,0,0,0
U111645,2026-02-26,2026-02,treatment,1,0,0,0,0.0,0,0,0
U111646,2026-04-17,2026-04,treatment,1,0,0,0,0.0,0,0,0
U111647,2026-04-25,2026-04,control,1,1,1,1,50.3,0,0,0
U111648,2026-01-24,2026-01,control,1,0,0,0,0.0,0,0,0
U111649,2026-06-12,2026-06,control,1,0,0,0,0.0,0,0,0
U111650,2026-04-18,2026-04,treatment,1,0,0,0,0.0,0,0,0
U111651,2026-05-18,2026-05,control,1,0,0,0,0.0,0,0,0
U111652,2026-02-18,2026-02,control,1,0,0,0,0.0,1,1,1
U111653,2026-03-17,2026-03,treatment,1,1,1,1,22.5,0,0,0
U111654,2026-06-19,2026-06,treatment,1,0,0,0,0.0,0,0,0
U111655,2026-05-21,2026-05,treatment,1,1,0,0,0.0,0,0,0
U111656,2026-06-25,2026-06,control,1,0,0,0,0.0,0,0,0
U111657,2026-06-29,2026-06,control,1,0,0,0,0.0,0,0,0
U111658,2026-04-20,2026-04,treatment,1,0,0,0,0.0,1,1,1
U111659,2026-04-09,2026-04,treatment,1,0,0,0,0.0,1,1,1
U111660,2026-06-16,2026-06,control,1,1,1,1,112.37,1,1,1
U111661,2026-06-29,2026-06,control,1,0,0,0,0.0,0,0,0
U111662,2026-05-23,2026-05,treatment,1,0,0,0,0.0,1,1,1
U111663,2026-06-10,2026-06,treatment,1,0,0,0,0.0,1,1,1
U111664,2026-06-09,2026-06,treatment,1,0,0,0,0.0,0,0,0
U111665,2026-04-18,2026-04,treatment,1,0,0,0,0.0,1,1,1
U111666,2026-05-17,2026-05,treatment,1,0,0,0,0.0,0,0,0
U111667,2026-06-14,2026-06,control,1,0,0,0,0.0,1,1,1
U111668,2026-05-30,2026-05,control,1,1,0,0,0.0,1,1,1
U111669,2026-01-27,2026-01,treatment,1,1,1,0,0.0,0,0,0
U111670,2026-04-15,2026-04,control,1,0,0,0,0.0,1,1,1
U111671,2026-03-10,2026-03,treatment,1,0,0,0,0.0,1,1,1
U111672,2026-03-28,2026-03,treatment,1,1,0,0,0.0,1,1,1
U111673,2026-06-21,2026-06,treatment,1,1,1,1,25.86,0,0,0
U111674,2026-02-04,2026-02,treatment,1,0,0,0,0.0,0,0,0
U111675,2026-03-26,2026-03,control,1,0,0,0,0.0,0,0,0
U111676,2026-04-11,2026-04,control,1,0,0,0,0.0,1,1,1
U111677,2026-05-22,2026-05,control,1,0,0,0,0.0,0,0,0
U111678,2026-05-12,2026-05,treatment,1,0,0,0,0.0,1,1,1
U111679,2026-03-26,2026-03,control,1,0,0,0,0.0,0,0,0
U111680,2026-03-14,2026-03,treatment,1,1,1,0,0.0,0,0,0
U111681,2026-03-29,2026-03,treatment,1,0,0,0,0.0,0,0,0
U111682,2026-05-08,2026-05,treatment,1,0,0,0,0.0,0,0,0
U111683,2026-04-04,2026-04,control,1,1,1,0,0.0,0,0,0
U111684,2026-06-25,2026-06,control,1,1,1,0,0.0,1,1,1
U111685,2026-05-03,2026-05,control,1,0,0,0,0.0,0,0,0
U111686,2026-02-13,2026-02,control,1,0,0,0,0.0,0,0,0
U111687,2026-06-03,2026-06,control,1,0,0,0,0.0,0,0,0
U111688,2026-04-14,2026-04,control,1,0,0,0,0.0,0,0,0
U111689,2026-05-26,2026-05,treatment,1,0,0,0,0.0,1,1,1
U111690,2026-04-06,2026-04,control,1,0,0,0,0.0,0,0,0
U111691,2026-05-16,2026-05,control,1,0,0,0,0.0,0,0,0
U111692,2026-06-08,2026-06,treatment,1,1,1,1,68.24,1,1,1
U111693,2026-06-23,2026-06,treatment,1,0,0,0,0.0,1,1,1
U111694,2026-04-02,2026-04,treatment,1,0,0,0,0.0,0,0,0
U111695,2026-04-15,2026-04,control,1,0,0,0,0.0,1,1,1
U111696,2026-05-03,2026-05,treatment,1,1,1,0,0.0,1,1,1
U111697,2026-06-23,2026-06,treatment,1,1,1,0,0.0,0,0,0
U111698,2026-06-20,2026-06,treatment,1,1,0,0,0.0,1,1,1
U111699,2026-02-23,2026-02,control,1,1,1,0,0.0,0,0,0
U111700,2026-03-07,2026-03,treatment,1,0,0,0,0.0,1,1,1
U111701,2026-05-07,2026-05,control,1,0,0,0,0.0,1,1,1
U111702,2026-02-28,2026-02,treatment,1,0,0,0,0.0,1,1,1
U111703,2026-04-16,2026-04,control,1,0,0,0,0.0,0,0,0
U111704,2026-03-11,2026-03,treatment,1,0,0,0,0.0,1,1,1
U111705,2026-05-24,2026-05,treatment,1,0,0,0,0.0,0,0,0
U111706,2026-06-25,2026-06,control,1,0,0,0,0.0,0,0,0
U111707,2026-06-29,2026-06,treatment,1,0,0,0,0.0,0,0,0
U111708,2026-04-21,2026-04,control,1,1,0,0,0.0,0,0,0
U111709,2026-05-20,2026-05,control,1,0,0,0,0.0,1,1,1
U111710,2026-06-16,2026-06,control,1,0,0,0,0.0,1,1,1
U111711,2026-03-03,2026-03,treatment,1,0,0,0,0.0,0,0,0
U111712,2026-05-30,2026-05,control,1,1,1,0,0.0,0,0,0
U111713,2026-04-26,2026-04,treatment,1,1,1,0,0.0,0,0,0
U111714,2026-03-23,2026-03,treatment,1,0,0,0,0.0,0,0,0
U111715,2026-04-25,2026-04,treatment,1,0,0,0,0.0,1,1,1
U111716,2026-02-19,2026-02,treatment,1,1,0,0,0.0,0,0,0
U111717,2026-05-31,2026-05,control,1,0,0,0,0.0,0,0,0
U111718,2026-04-01,2026-04,control,1,1,1,1,62.8,0,0,0
U111719,2026-04-11,2026-04,control,1,0,0,0,0.0,0,0,0
U111720,2026-03-04,2026-03,treatment,1,0,0,0,0.0,0,0,0
U111721,2026-06-17,2026-06,control,1,1,0,0,0.0,0,0,0
U111722,2026-05-07,2026-05,control,1,0,0,0,0.0,0,0,0
U111723,2026-05-17,2026-05,treatment,1,0,0,0,0.0,0,0,0
U111724,2026-05-16,2026-05,control,1,0,0,0,0.0,1,1,1
U111725,2026-04-26,2026-04,treatment,1,1,0,0,0.0,1,1,1
U111726,2026-03-20,2026-03,control,1,0,0,0,0.0,1,1,1
U111727,2026-06-05,2026-06,control,1,0,0,0,0.0,0,0,0
U111728,2026-03-06,2026-03,control,1,0,0,0,0.0,1,1,1
U111729,2026-02-28,2026-02,control,1,1,1,1,44.69,1,1,1
U111730,2026-06-01,2026-06,treatment,1,0,0,0,0.0,0,0,0
U111731,2026-03-24,2026-03,control,1,0,0,0,0.0,0,0,0
U111732,2026-04-10,2026-04,control,1,0,0,0,0.0,1,1,1
U111733,2026-05-05,2026-05,treatment,1,1,1,1,41.76,1,1,1
U111734,2026-05-01,2026-05,treatment,1,1,0,0,0.0,1,1,1
U111735,2026-06-01,2026-06,treatment,1,0,0,0,0.0,0,0,0
U111736,2026-05-23,2026-05,treatment,1,1,0,0,0.0,0,0,0
U111737,2026-05-25,2026-05,treatment,1,0,0,0,0.0,0,0,0
U111738,2026-06-02,2026-06,control,1,0,0,0,0.0,0,0,0
U111739,2026-04-08,2026-04,treatment,1,1,0,0,0.0,0,0,0
U111740,2026-04-13,2026-04,treatment,1,0,0,0,0.0,0,0,0
U111741,2026-04-30,2026-04,control,1,1,1,1,69.73,0,0,0
U111742,2026-04-10,2026-04,control,1,1,1,1,37.94,0,0,0
U111743,2026-06-28,2026-06,control,1,0,0,0,0.0,1,1,1
U111744,2026-06-12,2026-06,control,1,0,0,0,0.0,0,0,0
U111745,2026-03-15,2026-03,control,1,1,1,0,0.0,0,0,0
U111746,2026-01-14,2026-01,control,1,0,0,0,0.0,0,0,0
U111747,2026-02-07,2026-02,treatment,1,0,0,0,0.0,0,0,0
U111748,2026-03-30,2026-03,treatment,1,0,0,0,0.0,0,0,0
U111749,2026-03-02,2026-03,treatment,1,0,0,0,0.0,1,1,1
U111750,2026-05-12,2026-05,treatment,1,1,0,0,0.0,0,0,0
U111751,2026-06-16,2026-06,control,1,0,0,0,0.0,0,0,0
U111752,2026-06-04,2026-06,treatment,1,1,0,0,0.0,0,0,0
U111753,2026-03-25,2026-03,treatment,1,1,1,1,27.16,0,0,0
U111754,2026-04-24,2026-04,control,1,0,0,0,0.0,1,1,1
U111755,2026-05-09,2026-05,control,1,0,0,0,0.0,1,1,1
U111756,2026-06-12,2026-06,control,1,1,1,0,0.0,1,1,1
U111757,2026-06-14,2026-06,control,1,1,0,0,0.0,1,1,1
U111758,2026-06-21,2026-06,control,1,0,0,0,0.0,0,0,0
U111759,2026-05-09,2026-05,control,1,0,0,0,0.0,0,0,0
U111760,2026-05-30,2026-05,control,1,0,0,0,0.0,0,0,0
U111761,2026-03-02,2026-03,control,1,0,0,0,0.0,1,1,1
U111762,2026-05-16,2026-05,treatment,1,0,0,0,0.0,1,1,1
U111763,2026-03-31,2026-03,control,1,1,1,0,0.0,1,1,1
U111764,2026-04-29,2026-04,control,1,0,0,0,0.0,0,0,0
U111765,2026-05-24,2026-05,treatment,1,1,1,1,45.89,0,0,0
U111766,2026-04-02,2026-04,treatment,1,1,0,0,0.0,0,0,0
U111767,2026-02-11,2026-02,control,1,0,0,0,0.0,0,0,0
U111768,2026-01-19,2026-01,treatment,1,0,0,0,0.0,0,0,0
U111769,2026-01-27,2026-01,control,1,1,0,0,0.0,0,0,0
U111770,2026-01-17,2026-01,control,1,1,0,0,0.0,0,0,0
U111771,2026-03-01,2026-03,control,1,1,1,0,0.0,1,1,1
U111772,2026-03-30,2026-03,treatment,1,0,0,0,0.0,1,1,1
U111773,2026-03-26,2026-03,control,1,0,0,0,0.0,1,1,1
U111774,2026-06-28,2026-06,treatment,1,1,0,0,0.0,1,1,1
U111775,2026-04-10,2026-04,control,1,0,0,0,0.0,0,0,0
U111776,2026-03-06,2026-03,treatment,1,1,1,0,0.0,1,1,1
U111777,2026-05-13,2026-05,control,1,0,0,0,0.0,0,0,0
U111778,2026-06-16,2026-06,control,1,1,1,1,66.26,1,1,1
U111779,2026-05-29,2026-05,treatment,1,0,0,0,0.0,0,0,0
U111780,2026-04-08,2026-04,treatment,1,1,0,0,0.0,0,0,0
U111781,2026-05-15,2026-05,control,1,0,0,0,0.0,1,1,1
U111782,2026-06-02,2026-06,treatment,1,1,0,0,0.0,0,0,0
U111783,2026-06-03,2026-06,treatment,1,0,0,0,0.0,0,0,0
U111784,2026-05-27,2026-05,control,1,0,0,0,0.0,0,0,0
U111785,2026-06-17,2026-06,treatment,1,0,0,0,0.0,0,0,0
U111786,2026-06-17,2026-06,treatment,1,1,0,0,0.0,1,1,1
U111787,2026-05-17,2026-05,control,1,0,0,0,0.0,0,0,0
U111788,2026-04-29,2026-04,control,1,0,0,0,0.0,0,0,0
U111789,2026-05-25,2026-05,treatment,1,0,0,0,0.0,1,1,1
U111790,2026-06-12,2026-06,control,1,0,0,0,0.0,0,0,0
U111791,2026-01-14,2026-01,control,1,0,0,0,0.0,0,0,0
U111792,2026-06-29,2026-06,control,1,0,0,0,0.0,0,0,0
U111793,2026-03-18,2026-03,treatment,1,1,0,0,0.0,0,0,0
U111794,2026-05-04,2026-05,control,1,0,0,0,0.0,0,0,0
U111795,2026-06-18,2026-06,treatment,1,1,1,0,0.0,1,1,1
U111796,2026-03-27,2026-03,control,1,1,1,0,0.0,0,0,0
U111797,2026-05-05,2026-05,control,1,1,0,0,0.0,0,0,0
U111798,2026-03-07,2026-03,treatment,1,1,0,0,0.0,1,1,1
U111799,2026-04-24,2026-04,treatment,1,0,0,0,0.0,0,0,0
U111800,2026-03-17,2026-03,control,1,1,0,0,0.0,0,0,0
U111801,2026-04-19,2026-04,control,1,0,0,0,0.0,0,0,0
U111802,2026-04-21,2026-04,control,1,0,0,0,0.0,0,0,0
U111803,2026-06-29,2026-06,treatment,1,1,0,0,0.0,0,0,0
U111804,2026-06-29,2026-06,control,1,1,0,0,0.0,0,0,0
U111805,2026-03-02,2026-03,treatment,1,0,0,0,0.0,0,0,0
U111806,2026-06-03,2026-06,treatment,1,0,0,0,0.0,1,1,1
U111807,2026-02-10,2026-02,control,1,0,0,0,0.0,1,1,1
U111808,2026-02-01,2026-02,control,1,0,0,0,0.0,1,1,1
U111809,2026-02-28,2026-02,control,1,1,0,0,0.0,1,1,1
U111810,2026-06-26,2026-06,control,1,0,0,0,0.0,0,0,0
U111811,2026-06-24,2026-06,treatment,1,0,0,0,0.0,1,1,1
U111812,2026-03-21,2026-03,treatment,1,0,0,0,0.0,0,0,0
U111813,2026-03-14,2026-03,treatment,1,1,0,0,0.0,0,0,0
U111814,2026-03-30,2026-03,control,1,1,0,0,0.0,0,0,0
U111815,2026-05-10,2026-05,treatment,1,1,1,1,99.02,1,1,1
U111816,2026-05-16,2026-05,control,1,0,0,0,0.0,1,1,1
U111817,2026-03-26,2026-03,control,1,1,1,0,0.0,0,0,0
U111818,2026-06-06,2026-06,treatment,1,0,0,0,0.0,0,0,0
U111819,2026-04-11,2026-04,treatment,1,1,0,0,0.0,0,0,0
U111820,2026-06-22,2026-06,control,1,0,0,0,0.0,0,0,0
U111821,2026-05-26,2026-05,treatment,1,0,0,0,0.0,0,0,0
U111822,2026-04-29,2026-04,treatment,1,0,0,0,0.0,0,0,0
U111823,2026-06-09,2026-06,treatment,1,0,0,0,0.0,1,1,1
U111824,2026-06-12,2026-06,control,1,0,0,0,0.0,0,0,0
U111825,2026-04-08,2026-04,treatment,1,1,0,0,0.0,0,0,0
U111826,2026-04-15,2026-04,treatment,1,0,0,0,0.0,0,0,0
U111827,2026-06-24,2026-06,treatment,1,0,0,0,0.0,1,1,1
U111828,2026-03-15,2026-03,treatment,1,0,0,0,0.0,1,1,1
U111829,2026-02-06,2026-02,treatment,1,0,0,0,0.0,0,0,0
U111830,2026-05-02,2026-05,control,1,1,0,0,0.0,0,0,0
U111831,2026-06-11,2026-06,control,1,0,0,0,0.0,0,0,0
U111832,2026-06-08,2026-06,control,1,1,1,1,45.56,0,0,0
U111833,2026-06-22,2026-06,control,1,0,0,0,0.0,0,0,0
U111834,2026-05-12,2026-05,control,1,1,0,0,0.0,1,1,1
U111835,2026-02-26,2026-02,treatment,1,0,0,0,0.0,1,1,1
U111836,2026-05-19,2026-05,control,1,1,0,0,0.0,0,0,0
U111837,2026-06-08,2026-06,treatment,1,0,0,0,0.0,1,1,1
U111838,2026-02-24,2026-02,treatment,1,1,1,1,49.64,0,0,0
U111839,2026-03-16,2026-03,control,1,0,0,0,0.0,1,1,1
U111840,2026-01-20,2026-01,treatment,1,0,0,0,0.0,0,0,0
U111841,2026-05-19,2026-05,control,1,0,0,0,0.0,0,0,0
U111842,2026-06-19,2026-06,treatment,1,1,0,0,0.0,0,0,0
U111843,2026-05-28,2026-05,treatment,1,0,0,0,0.0,0,0,0
U111844,2026-06-28,2026-06,control,1,0,0,0,0.0,1,1,1
U111845,2026-02-15,2026-02,control,1,1,1,0,0.0,0,0,0
U111846,2026-06-21,2026-06,control,1,1,1,0,0.0,0,0,0
U111847,2026-06-12,2026-06,treatment,1,1,0,0,0.0,1,1,1
U111848,2026-04-11,2026-04,treatment,1,0,0,0,0.0,1,1,1
U111849,2026-06-27,2026-06,control,1,0,0,0,0.0,0,0,0
U111850,2026-04-07,2026-04,treatment,1,0,0,0,0.0,0,0,0
U111851,2026-06-19,2026-06,control,1,1,1,1,72.64,0,0,0
U111852,2026-06-18,2026-06,control,1,1,1,0,0.0,0,0,0
U111853,2026-06-06,2026-06,treatment,1,1,1,1,83.88,1,1,1
U111854,2026-05-16,2026-05,control,1,1,0,0,0.0,0,0,0
U111855,2026-03-04,2026-03,treatment,1,1,1,1,117.36,0,0,0
U111856,2026-05-12,2026-05,treatment,1,1,1,0,0.0,0,0,0
U111857,2026-04-18,2026-04,treatment,1,0,0,0,0.0,1,1,1
U111858,2026-06-10,2026-06,control,1,1,1,1,75.88,1,1,1
U111859,2026-06-06,2026-06,control,1,1,1,0,0.0,0,0,0
U111860,2026-06-21,2026-06,control,1,0,0,0,0.0,0,0,0
U111861,2026-01-22,2026-01,treatment,1,0,0,0,0.0,1,1,1
U111862,2026-06-11,2026-06,treatment,1,0,0,0,0.0,0,0,0
U111863,2026-06-24,2026-06,control,1,1,0,0,0.0,0,0,0
U111864,2026-06-09,2026-06,treatment,1,1,1,1,77.56,0,0,0
U111865,2026-03-06,2026-03,control,1,0,0,0,0.0,0,0,0
U111866,2026-02-21,2026-02,control,1,1,1,1,40.72,0,0,0
U111867,2026-01-26,2026-01,control,1,0,0,0,0.0,0,0,0
U111868,2026-05-23,2026-05,control,1,1,0,0,0.0,1,1,1
U111869,2026-05-23,2026-05,control,1,1,0,0,0.0,0,0,0
U111870,2026-06-28,2026-06,control,1,1,1,0,0.0,0,0,0
U111871,2026-04-24,2026-04,treatment,1,0,0,0,0.0,1,1,1
U111872,2026-04-14,2026-04,treatment,1,1,0,0,0.0,1,1,1
U111873,2026-05-23,2026-05,control,1,0,0,0,0.0,1,1,1
U111874,2026-06-13,2026-06,treatment,1,0,0,0,0.0,1,1,1
U111875,2026-06-24,2026-06,treatment,1,0,0,0,0.0,0,0,0
U111876,2026-06-11,2026-06,control,1,1,1,1,138.9,1,1,1
U111877,2026-04-28,2026-04,treatment,1,1,0,0,0.0,0,0,0
U111878,2026-05-24,2026-05,treatment,1,1,0,0,0.0,0,0,0
U111879,2026-06-16,2026-06,treatment,1,1,1,0,0.0,0,0,0
U111880,2026-05-07,2026-05,treatment,1,0,0,0,0.0,1,1,1
U111881,2026-03-25,2026-03,treatment,1,0,0,0,0.0,0,0,0
U111882,2026-03-16,2026-03,control,1,0,0,0,0.0,0,0,0
U111883,2026-01-03,2026-01,treatment,1,0,0,0,0.0,0,0,0
U111884,2026-06-02,2026-06,control,1,1,0,0,0.0,1,1,1
U111885,2026-03-01,2026-03,treatment,1,1,0,0,0.0,0,0,0
U111886,2026-03-30,2026-03,control,1,0,0,0,0.0,1,1,1
U111887,2026-04-09,2026-04,control,1,1,0,0,0.0,1,1,1
U111888,2026-05-15,2026-05,treatment,1,0,0,0,0.0,0,0,0
U111889,2026-04-24,2026-04,control,1,0,0,0,0.0,1,1,1
U111890,2026-05-28,2026-05,treatment,1,0,0,0,0.0,0,0,0
U111891,2026-02-12,2026-02,control,1,1,1,0,0.0,1,1,1
U111892,2026-03-05,2026-03,treatment,1,1,0,0,0.0,0,0,0
U111893,2026-05-08,2026-05,control,1,0,0,0,0.0,1,1,1
U111894,2026-04-15,2026-04,control,1,0,0,0,0.0,1,1,1
U111895,2026-04-08,2026-04,control,1,0,0,0,0.0,0,0,0
U111896,2026-02-16,2026-02,treatment,1,0,0,0,0.0,0,0,0
U111897,2026-06-20,2026-06,treatment,1,1,0,0,0.0,1,1,1
U111898,2026-05-30,2026-05,treatment,1,0,0,0,0.0,0,0,0
U111899,2026-03-04,2026-03,treatment,1,1,1,0,0.0,1,1,1
U111900,2026-02-15,2026-02,treatment,1,0,0,0,0.0,1,1,1
U111901,2026-06-27,2026-06,treatment,1,0,0,0,0.0,1,1,1
U111902,2026-05-29,2026-05,control,1,0,0,0,0.0,1,1,1
U111903,2026-04-27,2026-04,control,1,0,0,0,0.0,0,0,0
U111904,2026-05-31,2026-05,control,1,1,0,0,0.0,1,1,1
U111905,2026-06-06,2026-06,control,1,0,0,0,0.0,0,0,0
U111906,2026-06-08,2026-06,treatment,1,0,0,0,0.0,0,0,0
U111907,2026-05-05,2026-05,treatment,1,1,1,1,163.24,0,0,0
U111908,2026-04-29,2026-04,treatment,1,1,1,1,56.58,0,0,0
U111909,2026-01-19,2026-01,treatment,1,1,1,1,19.11,0,0,0
U111910,2026-06-23,2026-06,treatment,1,0,0,0,0.0,1,1,1
U111911,2026-05-20,2026-05,treatment,1,0,0,0,0.0,0,0,0
U111912,2026-03-23,2026-03,control,1,1,1,1,103.67,0,0,0
U111913,2026-06-22,2026-06,control,1,1,1,0,0.0,1,1,1
U111914,2026-06-22,2026-06,control,1,0,0,0,0.0,1,1,1
U111915,2026-06-29,2026-06,control,1,0,0,0,0.0,0,0,0
U111916,2026-06-18,2026-06,treatment,1,0,0,0,0.0,0,0,0
U111917,2026-06-29,2026-06,treatment,1,0,0,0,0.0,0,0,0
U111918,2026-03-31,2026-03,control,1,0,0,0,0.0,0,0,0
U111919,2026-06-15,2026-06,treatment,1,0,0,0,0.0,0,0,0
U111920,2026-06-13,2026-06,treatment,1,0,0,0,0.0,0,0,0
U111921,2026-03-28,2026-03,control,1,0,0,0,0.0,0,0,0
U111922,2026-02-26,2026-02,control,1,0,0,0,0.0,1,1,1
U111923,2026-06-28,2026-06,treatment,1,0,0,0,0.0,0,0,0
U111924,2026-04-08,2026-04,treatment,1,0,0,0,0.0,0,0,0
U111925,2026-06-17,2026-06,control,1,1,0,0,0.0,1,1,1
U111926,2026-01-12,2026-01,control,1,0,0,0,0.0,0,0,0
U111927,2026-01-27,2026-01,control,1,1,0,0,0.0,0,0,0
U111928,2026-05-03,2026-05,control,1,1,1,1,30.73,0,0,0
U111929,2026-03-29,2026-03,treatment,1,0,0,0,0.0,0,0,0
U111930,2026-05-30,2026-05,control,1,0,0,0,0.0,0,0,0
U111931,2026-05-16,2026-05,control,1,0,0,0,0.0,0,0,0
U111932,2026-02-20,2026-02,control,1,1,1,0,0.0,1,1,1
U111933,2026-03-14,2026-03,treatment,1,0,0,0,0.0,1,1,1
U111934,2026-04-23,2026-04,control,1,0,0,0,0.0,1,1,1
U111935,2026-03-19,2026-03,control,1,1,1,0,0.0,1,1,1
U111936,2026-06-10,2026-06,treatment,1,1,1,1,33.05,0,0,0
U111937,2026-04-27,2026-04,control,1,0,0,0,0.0,0,0,0
U111938,2026-02-25,2026-02,control,1,1,1,0,0.0,1,1,1
U111939,2026-05-06,2026-05,control,1,0,0,0,0.0,1,1,1
U111940,2026-02-24,2026-02,treatment,1,1,1,1,43.93,0,0,0
U111941,2026-03-06,2026-03,treatment,1,0,0,0,0.0,0,0,0
U111942,2026-03-30,2026-03,control,1,1,0,0,0.0,0,0,0
U111943,2026-06-16,2026-06,control,1,0,0,0,0.0,0,0,0
U111944,2026-06-23,2026-06,control,1,0,0,0,0.0,0,0,0
U111945,2026-06-13,2026-06,treatment,1,0,0,0,0.0,0,0,0
U111946,2026-04-15,2026-04,treatment,1,1,0,0,0.0,0,0,0
U111947,2026-04-04,2026-04,treatment,1,0,0,0,0.0,1,1,1
U111948,2026-05-14,2026-05,treatment,1,0,0,0,0.0,0,0,0
U111949,2026-06-02,2026-06,treatment,1,0,0,0,0.0,0,0,0
U111950,2026-06-29,2026-06,treatment,1,0,0,0,0.0,1,1,1
U111951,2026-03-07,2026-03,treatment,1,1,0,0,0.0,1,1,1
U111952,2026-02-09,2026-02,control,1,1,0,0,0.0,1,1,1
U111953,2026-05-30,2026-05,control,1,1,0,0,0.0,0,0,0
U111954,2026-06-14,2026-06,treatment,1,1,1,0,0.0,1,1,1
U111955,2026-06-15,2026-06,treatment,1,0,0,0,0.0,1,1,1
U111956,2026-05-29,2026-05,treatment,1,0,0,0,0.0,1,1,1
U111957,2026-06-25,2026-06,control,1,0,0,0,0.0,0,0,0
U111958,2026-05-09,2026-05,treatment,1,1,0,0,0.0,0,0,0
U111959,2026-06-22,2026-06,control,1,1,0,0,0.0,0,0,0
U111960,2026-06-27,2026-06,treatment,1,0,0,0,0.0,1,1,1
U111961,2026-06-15,2026-06,control,1,0,0,0,0.0,0,0,0
U111962,2026-04-11,2026-04,control,1,0,0,0,0.0,1,1,1
U111963,2026-03-21,2026-03,control,1,0,0,0,0.0,0,0,0
U111964,2026-05-14,2026-05,treatment,1,1,0,0,0.0,1,1,1
U111965,2026-05-02,2026-05,control,1,0,0,0,0.0,0,0,0
U111966,2026-06-18,2026-06,control,1,1,1,0,0.0,0,0,0
U111967,2026-02-26,2026-02,control,1,1,1,1,150.9,0,0,0
U111968,2026-04-02,2026-04,treatment,1,1,1,1,113.54,0,0,0
U111969,2026-06-06,2026-06,control,1,1,1,1,32.35,0,0,0
U111970,2026-02-25,2026-02,treatment,1,0,0,0,0.0,0,0,0
U111971,2026-04-12,2026-04,treatment,1,1,1,0,0.0,1,1,1
U111972,2026-04-22,2026-04,control,1,0,0,0,0.0,0,0,0
U111973,2026-05-23,2026-05,treatment,1,1,0,0,0.0,1,1,1
U111974,2026-03-13,2026-03,control,1,0,0,0,0.0,1,1,1
U111975,2026-06-16,2026-06,treatment,1,0,0,0,0.0,0,0,0
U111976,2026-05-01,2026-05,control,1,0,0,0,0.0,0,0,0
U111977,2026-06-22,2026-06,treatment,1,0,0,0,0.0,0,0,0
U111978,2026-05-04,2026-05,treatment,1,1,0,0,0.0,0,0,0
U111979,2026-04-05,2026-04,treatment,1,1,1,1,23.1,0,0,0
U111980,2026-03-09,2026-03,control,1,0,0,0,0.0,0,0,0
U111981,2026-01-12,2026-01,control,1,0,0,0,0.0,1,1,1
U111982,2026-05-12,2026-05,treatment,1,1,1,1,133.61,0,0,0
U111983,2026-02-28,2026-02,treatment,1,0,0,0,0.0,0,0,0
U111984,2026-04-23,2026-04,control,1,1,1,1,44.54,1,1,1
U111985,2026-05-19,2026-05,control,1,0,0,0,0.0,0,0,0
U111986,2026-04-05,2026-04,control,1,1,1,1,121.49,1,1,1
U111987,2026-03-17,2026-03,treatment,1,1,0,0,0.0,1,1,1
U111988,2026-06-08,2026-06,control,1,0,0,0,0.0,0,0,0
U111989,2026-06-25,2026-06,control,1,0,0,0,0.0,0,0,0
U111990,2026-02-27,2026-02,control,1,1,0,0,0.0,0,0,0
U111991,2026-03-13,2026-03,control,1,1,0,0,0.0,0,0,0
U111992,2026-06-26,2026-06,control,1,1,1,0,0.0,0,0,0
U111993,2026-02-04,2026-02,treatment,1,0,0,0,0.0,1,1,1
U111994,2026-06-27,2026-06,control,1,0,0,0,0.0,1,1,1
U111995,2026-01-13,2026-01,treatment,1,0,0,0,0.0,0,0,0
U111996,2026-06-18,2026-06,control,1,0,0,0,0.0,0,0,0
U111997,2026-04-10,2026-04,control,1,1,1,0,0.0,1,1,1
U111998,2026-06-24,2026-06,control,1,0,0,0,0.0,0,0,0
U111999,2026-04-12,2026-04,treatment,1,1,1,1,79.27,0,0,0
